Customer ID,Churn,Churn_Probability,Churn_Risk,CLTV_180_days,predicted_purchases,Country,Top_Product
12346.0,1,0.829253,High Risk,178.48546225532468,3.6284433122933444,United Kingdom,This is a test product.
12349.0,0,0.4163297,Medium Risk,369.49741399148627,1.4959964274547088,Italy,WRAP PINK FAIRY CAKES 
12355.0,1,0.61160827,Medium Risk,0.0,0.7455299958572692,Bahrain,TOOTHPASTE TUBE PEN
12358.0,0,0.35956544,Low Risk,296.1612323688925,0.898594241791171,Austria,EDWARDIAN PARASOL NATURAL
12359.0,0,0.087881096,Low Risk,814.871605055058,2.4832855812854286,Cyprus,BLUE SCANDINAVIAN PAISLEY WRAP
12360.0,0,0.43757087,Medium Risk,678.5533462871564,1.8597839031800316,Austria,MINI HIGHLIGHTER PENS
12361.0,1,0.8866925,High Risk,199.9047022951632,1.6901237612596491,Belgium,LUNCH BAG RED SPOTTY
12362.0,1,0.820094,High Risk,0.0,0.3785219817564457,Belgium,POSTAGE
12366.0,1,0.7190642,High Risk,0.0,0.542444897009681,Cyprus,ASSORTED COLOUR BIRD ORNAMENT
12368.0,1,0.7315014,High Risk,0.0,0.5538712095654507,Cyprus,"POPCORN HOLDER , LARGE"
12369.0,0,0.6931005,Medium Risk,0.0,0.5251130260484276,Austria,ASSORTED COLOUR BIRD ORNAMENT
12370.0,1,0.6777121,Medium Risk,277.26403451832846,1.061776745301512,Austria,SMALL SPOTTY CHOCOLATE GIFT BAG 
12371.0,0,0.6156626,Medium Risk,0.0,0.5168563005280814,Switzerland,BIG DOUGHNUT FRIDGE MAGNETS
12373.0,1,0.55044097,Medium Risk,417.00286577100246,1.0457140345275169,Austria,JUMBO BAG RED WHITE SPOTTY 
12374.0,0,0.42760637,Medium Risk,0.0,0.6661540393934032,Austria,ROUND SNACK BOXES SET OF 4 FRUITS 
12377.0,0,0.4766066,Medium Risk,0.0,0.6627941955103621,Switzerland,SNOWSTORM PHOTO FRAME FRIDGE MAGNET
12378.0,1,0.6886976,Medium Risk,0.0,0.7673027805925606,Switzerland,MINI JIGSAW SPACEBOY
12379.0,0,0.84840906,High Risk,0.0,0.9173779310043912,Belgium,RED TOADSTOOL LED NIGHT LIGHT
12380.0,1,0.246256,Low Risk,3457.743961782379,2.480170067958077,Belgium,RED TOADSTOOL LED NIGHT LIGHT
12388.0,0,0.38219237,Low Risk,0.0,0.687051844617036,Australia,HANGING JAM JAR T-LIGHT HOLDER
12389.0,0,0.5069887,Medium Risk,558.6680911261105,1.1463516171510404,Australia,SET OF 3 BABUSHKA STACKING TINS
12391.0,1,0.47602177,Medium Risk,1384.2506538126158,2.480182007536332,Cyprus,WOODEN PICTURE FRAME WHITE FINISH
12392.0,1,0.73272777,High Risk,0.0,0.6561752904547492,Australia,BLUE OWL SOFT TOY
12395.0,0,0.1916588,Low Risk,449.83782851886554,1.454351565079659,Belgium,PACK OF 60 PINK PAISLEY CAKE CASES
12396.0,1,0.7986009,High Risk,0.0,0.46397158674080524,RSA,12 PENCILS SMALL TUBE SKULL
12399.0,0,0.39860302,Low Risk,494.477974599654,1.2093951574732293,Belgium,MINI PAINT SET VINTAGE 
12402.0,0,0.41899046,Medium Risk,518.746006604121,1.761849762816725,Belgium,JUMBO BAG STRAWBERRY
12403.0,1,0.71920896,High Risk,0.0,0.0,Denmark,BLUE 3 PIECE MINI DOTS CUTLERY SET
12404.0,1,0.926953,High Risk,0.0,0.45123651739501697,Finland,Adjustment by john on 26/01/2010 16
12406.0,0,0.36727065,Low Risk,898.2403804592249,0.9853365134912716,Denmark,INFLATABLE POLITICAL GLOBE 
12408.0,0,0.5603153,Medium Risk,0.0,0.0,Belgium,DOLLY GIRL LUNCH BOX
12409.0,0,0.24223112,Low Risk,490.1435259577277,2.8234668765994684,Switzerland,CHINESE DRAGON PAPER LANTERNS
12410.0,1,0.7751941,High Risk,0.0,0.0,Switzerland,SET 12 RETRO WHITE CHALK STICKS
12412.0,0,0.2174202,Low Risk,1280.5663896672756,2.0721143120726397,Denmark,BAG 125g SWIRLY MARBLES
12414.0,1,0.63185984,Medium Risk,0.0,0.0,Austria,Manual
12415.0,0,0.2501837,Low Risk,782.8028445012786,3.6168092221744073,Australia,60 CAKE CASES DOLLY GIRL DESIGN
12416.0,1,0.7908702,High Risk,0.0,0.49543486475916315,Australia,BATHROOM METAL SIGN
12417.0,0,0.107108824,Low Risk,1017.3789492599767,3.544532919453685,Belgium,WRAP ENGLISH ROSE 
12418.0,0,0.4143116,Medium Risk,820.3641065945359,1.2548991751145886,Switzerland,WORLD WAR 2 GLIDERS ASSTD DESIGNS
12421.0,0,0.84126824,High Risk,0.0,0.0,Spain,CARD CHRISTMAS VILLAGE
12422.0,0,0.066870324,Low Risk,1845.438158985882,3.6726471232073687,Australia,GIRLS ALPHABET IRON ON PATCHES 
12423.0,0,0.32712203,Low Risk,0.0,0.0,Denmark,MINI PAINT SET VINTAGE 
12424.0,0,0.59497756,Medium Risk,0.0,0.835646291656766,Australia,IVORY PAPER CUP CAKE CASES 
12426.0,1,0.7083538,High Risk,0.0,0.48448299828224056,Germany,JAPANESE CROCHETED ANIMAL
12429.0,0,0.5185157,Medium Risk,0.0,0.846417847198847,Denmark,CARDHOLDER GINGHAM CHRISTMAS TREE
12431.0,0,0.034477692,Low Risk,1684.0538372321307,5.208476524196178,Belgium,RED TOADSTOOL LED NIGHT LIGHT
12433.0,0,0.67232823,Medium Risk,0.0,0.0,Norway,PINK HEART SHAPE EGG FRYING PAN
12435.0,0,0.07844275,Low Risk,2002.4669269616616,1.4211516012869017,Denmark,ROTATING SILVER ANGELS T-LIGHT HLDR
12437.0,0,0.008683585,Low Risk,2881.581917690041,6.107638075372032,France,WORLD WAR 2 GLIDERS ASSTD DESIGNS
12439.0,1,0.7295093,High Risk,83.66696135916177,0.8604725636692011,Cyprus,FILIGRIS HEART WITH BUTTERFLY
12440.0,1,0.48038292,Medium Risk,337.40869791838026,0.9451751327514804,Austria,PINK  SPOTTY PLATE 
12443.0,1,0.8028814,High Risk,0.0,0.38517135175621425,Norway,FAIRY CAKE CANDLES
12450.0,0,0.68913144,Medium Risk,0.0,0.0,Spain,RETRO COFFEE MUGS ASSORTED
12451.0,1,0.8559575,High Risk,4027.1045239055447,2.233398869841025,Switzerland,JACOBS LADDER SMALL
12455.0,0,0.28971133,Low Risk,1057.988034375461,1.4881106249896079,Cyprus,WHITE HANGING HEART T-LIGHT HOLDER
12458.0,0,0.6595534,Medium Risk,0.0,0.0,Switzerland,12 PENCIL SMALL TUBE WOODLAND
12459.0,1,0.7145158,High Risk,0.0,0.6133064633739567,Spain,PLACE SETTING WHITE HEART
12460.0,1,0.7910146,High Risk,0.0,0.0,Belgium,RED SPOTS  WRAP 
12466.0,1,0.926953,High Risk,0.0,0.45123651739501697,France,Adjustment by john on 26/01/2010 16
12468.0,1,0.52821445,Medium Risk,2317.74346651098,1.689074229919942,Germany,ROUND SNACK BOXES SET OF 4 FRUITS 
12469.0,1,0.48877016,Medium Risk,2819.975176792401,2.08096230723434,Thailand,ENVELOPE 50 BLOSSOM IMAGES
12470.0,1,0.7110629,High Risk,0.0,0.4406538456231922,Unspecified,PACK 3 FIRE ENGINE/CAR PATCHES
12471.0,0,0.0044994242,Low Risk,6234.1886369220165,10.951945994868215,Germany,BIG DOUGHNUT FRIDGE MAGNETS
12472.0,0,0.07178156,Low Risk,3775.012875713706,5.248271342050383,Germany,WOODLAND CHARLOTTE BAG
12474.0,0,0.07807274,Low Risk,1962.2557988216072,4.410032372428439,Germany,MINI PAINT SET VINTAGE 
12476.0,0,0.21204841,Low Risk,0.0,0.0,Germany,LIPSTICK PEN RED
12477.0,0,0.33240926,Low Risk,3939.017336468649,1.3158372910899017,Germany,SET/2 RED SPOTTY TEA TOWELS 
12480.0,0,0.31351256,Low Risk,0.0,0.0,Germany,RED RETROSPOT SHOPPER BAG
12481.0,0,0.43961915,Medium Risk,495.32533139832145,1.3189397137933057,Germany,JUMBO BAG SCANDINAVIAN PAISLEY
12482.0,1,0.8200452,High Risk,14026.55139793121,3.9213329685420897,Sweden,MINI HIGHLIGHTER PENS
12483.0,0,0.68586856,Medium Risk,771.0049760814304,3.6056134596056166,Sweden,WOOLLY HAT SOCK GLOVE ADVENT STRING
12484.0,1,0.23468597,Low Risk,934.7410936897146,3.5599566650447914,Spain,PARTY CONES CANDY ASSORTED
12485.0,1,0.6230371,Medium Risk,0.0,0.0,Sweden,ASSTD DESIGN BUBBLE GUM RING
12487.0,1,0.6554019,Medium Risk,0.0,0.3874400693028429,Sweden,RED TOADSTOOL LED NIGHT LIGHT
12490.0,0,0.009433896,Low Risk,1674.0410321398429,4.532537801899964,France,FOOD/DRINK SPUNGE STICKERS
12494.0,0,0.67840374,Medium Risk,0.0,0.7093051154682692,France,PACK OF 12 SUKI TISSUES 
12495.0,1,0.73107415,High Risk,0.0,0.5272186349843028,Sweden,GIN + TONIC DIET METAL SIGN
12496.0,1,0.8626466,High Risk,0.0,0.5731906960530677,Spain,PORCELAIN CHERUB BELL SMALL
12497.0,0,0.5414668,Medium Risk,0.0,0.518896018407841,Germany,GARDEN PATH POCKET BOOK
12499.0,1,0.71005887,High Risk,0.0,0.7763726947134019,Germany,MAGIC DRAWING SLATE PURDEY
12500.0,0,0.13016246,Low Risk,815.2131009221252,3.6594352571483775,Germany,SET OF 12 ROSE BOTANICAL T-LIGHTS
12503.0,1,0.8613958,High Risk,0.0,0.6799415491103794,Spain,LARGE HANGING GLASS+ZINC LANTERN
12504.0,0,0.76583564,High Risk,0.0,0.6401929720168921,Germany,60 TEATIME FAIRY CAKE CASES
12507.0,1,0.70239264,High Risk,0.0,0.6799415491103794,Spain,12 PENCILS TALL TUBE WOODLAND
12510.0,1,0.49909428,Medium Risk,2340.8300377947926,3.000996205893473,Spain,JACOBS LADDER SMALL
12514.0,1,0.7606848,High Risk,0.0,0.5251130260484276,Italy,COLOURING PENCILS BROWN TUBE
12516.0,0,0.5173347,Medium Risk,0.0,0.6309723370939762,Germany,PACK OF 60 MUSHROOM CAKE CASES
12519.0,1,0.72282374,High Risk,0.0,0.0,Germany,PACK OF 12 RED SPOTTY TISSUES 
12523.0,0,0.10579561,Low Risk,1135.1036365067632,4.0832102202436635,France,STRAWBERRY CERAMIC TRINKET BOX
12524.0,0,0.056518275,Low Risk,2648.789918440425,3.0659756510570984,Germany,PACK OF 12 WOODLAND TISSUES 
12525.0,1,0.3761717,Low Risk,432.6332615730571,1.9207921689275167,France,RED SPOTS  WRAP 
12527.0,1,0.4866152,Medium Risk,238.26330492961958,2.216025232990711,Germany,SET/10 BLUE SPOTTY PARTY CANDLES
12529.0,1,0.7509614,High Risk,0.0,0.0,France,RED SPOTS  WRAP 
12530.0,0,0.20462647,Low Risk,873.5424548380415,1.9594582802151037,Germany,GIRLS ALPHABET IRON ON PATCHES 
12531.0,1,0.59109473,Medium Risk,0.0,0.44512782312254734,Germany,RED SPOTS  WRAP 
12533.0,1,0.69480747,Medium Risk,463.4465718012066,0.8652817332132573,Germany,RED SPOTS  WRAP 
12539.0,0,0.22551006,Low Risk,0.0,0.40410225579188375,Spain,CANDLE PLATE LACE WHITE
12540.0,0,0.015506022,Low Risk,2955.9661574125466,5.140572720649065,Spain,ASSORTED COLOUR BIRD ORNAMENT
12542.0,1,0.5163746,Medium Risk,180.82741981151335,1.2348460694524,Spain,SMALL FOLKART STAR CHRISTMAS DEC
12547.0,1,0.6778235,Medium Risk,0.0,0.0,Spain,72 SWEETHEART FAIRY CAKE CASES
12549.0,1,0.82395643,High Risk,742.0691651639286,2.779933880751067,USA,TOAST ITS - I LOVE YOU 
12555.0,1,0.89692444,High Risk,0.0,0.45123651739501697,Spain,Adjustment by john on 26/01/2010 16
12557.0,0,0.1824841,Low Risk,1917.1960488462016,0.923247230663989,Spain,BLUE 3 PIECE MINI DOTS CUTLERY SET
12567.0,0,0.11572424,Low Risk,1261.6748298008486,2.44374395266218,France,PACK OF 72 RETRO SPOT CAKE CASES
12568.0,1,0.5513322,Medium Risk,0.0,0.518896018407841,Germany,WRAP ENGLISH ROSE 
12570.0,1,0.78681934,High Risk,0.0,0.45123651739501697,Spain,Adjustment by john on 26/01/2010 17
12573.0,0,0.50402683,Medium Risk,0.0,0.0,France,CARD MOTORBIKE SANTA
12575.0,1,0.74520105,High Risk,789.0211906625026,2.285346900249447,France,PENS ASSORTED FUNNY FACE
12576.0,0,0.7223372,High Risk,511.35659475539245,2.2849852472154346,Poland,WHITE CHRISTMAS STAR DECORATION
12577.0,0,0.46200144,Medium Risk,0.0,0.38071276227821854,France,FUNKY DIVA PEN
12580.0,1,0.5980794,Medium Risk,0.0,0.7093051154682692,Germany,SLEEPING CAT ERASERS
12582.0,0,0.4268473,Medium Risk,0.0,0.7054965367821219,Finland,60 CAKE CASES VINTAGE CHRISTMAS
12583.0,0,0.07305565,Low Risk,1945.2043350033725,4.071793253616868,France,INFLATABLE POLITICAL GLOBE 
12586.0,0,0.69847804,Medium Risk,0.0,0.39559565209882885,Italy,ASSTD FRUIT+FLOWERS FRIDGE MAGNETS
12588.0,0,0.67791593,Medium Risk,0.0,0.6370895928567077,Finland,PACK OF 60 PINK PAISLEY CAKE CASES
12589.0,0,0.11573776,Low Risk,2855.464513779492,1.0339363673609097,France,SET/5 RED SPOTTY LID GLASS BOWLS
12592.0,1,0.7023141,High Risk,0.0,0.0,Germany,MINI JIGSAW CIRCUS PARADE 
12594.0,0,0.34710696,Low Risk,662.9664717528515,1.9290336707865516,Italy,WOODLAND CHARLOTTE BAG
12595.0,1,0.701366,High Risk,0.0,0.0,Germany,MINI JIGSAW DOLLY GIRL
12598.0,1,0.62203455,Medium Risk,928.6476104823279,1.913930422465488,France,MAGIC DRAWING SLATE CIRCUS PARADE  
12599.0,0,0.30827898,Low Risk,364.10557432442744,2.645309033056092,France,INFLATABLE POLITICAL GLOBE 
12600.0,0,0.11417483,Low Risk,767.7075178658108,3.555408074133688,Germany,EDWARDIAN PARASOL RED
12605.0,0,0.65026706,Medium Risk,0.0,0.0,Germany,SPACEBOY LUNCH BOX 
12606.0,1,0.86577433,High Risk,0.0,0.45123651739501697,Spain,Adjustment by john on 26/01/2010 16
12609.0,0,0.1425908,Low Risk,827.2231173612143,2.0484787903227497,Germany,RED STRIPE CERAMIC DRAWER KNOB
12613.0,0,0.113154374,Low Risk,1206.1750081869736,2.011868756433368,Germany,GIRLS ALPHABET IRON ON PATCHES 
12615.0,0,0.30479646,Low Risk,1883.5240319009154,1.2775292602237096,France,MAGIC DRAWING SLATE BUNNIES 
12619.0,1,0.75505656,High Risk,0.0,0.7763726947134019,Germany,PACK OF 60 DINOSAUR CAKE CASES
12621.0,0,0.15035784,Low Risk,4118.271483790907,6.3293197767086,Germany,ASSORTED COLOURS SILK FAN
12623.0,0,0.09484879,Low Risk,1099.2251425544762,2.7942585394231285,Germany,WOODLAND CHARLOTTE BAG
12625.0,1,0.68816674,Medium Risk,2741.825619349562,1.4922098231696066,Germany,HANGING JAM JAR T-LIGHT HOLDER
12631.0,1,0.48758492,Medium Risk,1659.7381321603762,2.2254421311712256,Finland,PACK OF 72 RETRO SPOT CAKE CASES
12632.0,1,0.44363213,Medium Risk,882.6982142621997,1.7571065268071289,Germany,POPART WOODEN PENCILS ASST
12633.0,0,0.2502558,Low Risk,1919.4817134801433,2.284658262933847,Germany,MAGIC DRAWING SLATE CIRCUS PARADE  
12634.0,1,0.5791336,Medium Risk,309.67622702906965,1.9104669500455755,USA,72 SWEETHEART FAIRY CAKE CASES
12635.0,0,0.22283669,Low Risk,0.0,0.0,Germany,MINI PAINT SET VINTAGE 
12636.0,1,0.71800715,High Risk,0.0,0.3785219817564457,USA,POSTAGE
12637.0,0,0.15661374,Low Risk,513.4375709104886,2.0101711293633677,France,MINI PAINT SET VINTAGE 
12638.0,1,0.7238535,High Risk,0.0,0.5293412159038592,Sweden,ENVELOPE 50 BLOSSOM IMAGES
12639.0,0,0.7769298,High Risk,0.0,0.5562145456994483,Sweden,MINI PAINT SET VINTAGE 
12643.0,0,0.2585991,Low Risk,78.56752027719031,2.231024536431275,France,PACK OF 72 SKULL CAKE CASES
12644.0,0,0.47103408,Medium Risk,226.60146420101754,0.9348932409065299,Germany,12 PENCILS SMALL TUBE RED RETROSPOT
12645.0,0,0.18441336,Low Risk,898.9486589757495,1.7756016627760205,Germany,ROUND SNACK BOXES SET OF4 WOODLAND 
12647.0,0,0.029619154,Low Risk,6187.057326831299,10.508221381209681,Germany,BLACK RETRODISC LAMPSHADE
12648.0,0,0.3962181,Low Risk,126.63012256551019,0.9517637412985036,Germany,BEADED LOVE HEART JEWELLERY SET
12649.0,0,0.43536022,Medium Risk,422.6451720399232,1.6093639604025003,Germany,MINI HIGHLIGHTER PENS
12651.0,0,0.41538078,Medium Risk,0.0,0.0,France,6 RIBBONS ELEGANT CHRISTMAS 
12653.0,1,0.7548047,High Risk,0.0,0.0,Israel,LOVEBIRD HANGING DECORATION WHITE 
12656.0,0,0.2728659,Low Risk,1169.8234362734997,1.789860553678216,France,PACK OF 60 PINK PAISLEY CAKE CASES
12662.0,0,0.13961652,Low Risk,1341.5210769817497,4.56902281775028,Germany,WOODLAND CHARLOTTE BAG
12663.0,1,0.79918426,High Risk,114.99747235637142,1.061776745301512,Germany,PACK OF 60 SPACEBOY CAKE CASES
12664.0,1,0.6532304,Medium Risk,713.9525279919059,0.9159002337518078,Finland,PINK 3 PIECE MINI DOTS CUTLERY SET
12665.0,0,0.7200494,High Risk,0.0,0.4723029502992123,Germany,STRAWBERRY CERAMIC TRINKET BOX
12668.0,0,0.32223108,Low Risk,2284.6325920089175,2.346330502894689,Germany,STRAWBERRY CERAMIC TRINKET BOX
12670.0,0,0.7644066,High Risk,0.0,0.4774470918159778,France,RED TOADSTOOL LED NIGHT LIGHT
12671.0,1,0.8306404,High Risk,0.0,0.6104579882490266,Germany,PACK OF 6 SANDCASTLE FLAGS ASSORTED
12672.0,1,0.7354312,High Risk,0.0,0.6433267706413722,France,RED SPOTTY SHOPPER BAG
12675.0,1,0.6318104,Medium Risk,31.833389865689036,1.6002154764851158,Italy,ASSTD FRUIT+FLOWERS FRIDGE MAGNETS
12676.0,0,0.3496515,Low Risk,0.0,0.0,Sweden,MAGIC DRAWING SLATE SPACEBOY 
12677.0,1,0.5959798,Medium Risk,279.0059262351583,1.1057307676991646,France,RED TOADSTOOL LED NIGHT LIGHT
12678.0,0,0.040657,Low Risk,6375.792758634006,3.9115827349867476,France,GUMBALL COAT RACK
12681.0,0,0.01304632,Low Risk,5533.6878677045315,8.997225313624345,France,RED TOADSTOOL LED NIGHT LIGHT
12682.0,0,0.006436468,Low Risk,4368.292110494622,8.166672995340113,France,RED TOADSTOOL LED NIGHT LIGHT
12683.0,0,0.034781404,Low Risk,1853.9842455983214,3.0817108409731886,France,SET/6 RED SPOTTY PAPER PLATES
12687.0,1,0.6112958,Medium Risk,0.0,0.0,Sweden,MINI JIGSAW BUNNIES
12692.0,1,0.62809104,Medium Risk,0.0,0.5336381217095351,France,CHOCOLATE THIS WAY METAL SIGN
12693.0,0,0.7318601,High Risk,0.0,0.0,Germany,PACK OF 12 WOODLAND TISSUES 
12695.0,1,0.50426424,Medium Risk,329.3660432696436,1.7937828857627818,France,KINGS CHOICE GIANT TUBE MATCHES
12696.0,0,0.42906734,Medium Risk,0.0,0.0,Finland,20 DOLLY PEGS RETROSPOT
12698.0,1,0.70939803,High Risk,0.0,0.6594681147764587,Germany,BLUE SPOT CERAMIC DRAWER KNOB
12701.0,1,0.52141386,Medium Risk,1085.833409435291,2.7754607055894804,Germany,MINI JIGSAW CIRCUS PARADE 
12703.0,1,0.64783686,Medium Risk,154.52057402500037,1.6672018320917585,Germany,SLEEPING CAT ERASERS
12705.0,0,0.5305036,Medium Risk,0.0,0.9238329689040404,Germany,MINI PAINT SET VINTAGE 
12708.0,0,0.10505682,Low Risk,1139.1728241183066,3.6743913989675216,Germany,ROUND SNACK BOXES SET OF4 WOODLAND 
12709.0,0,0.03317431,Low Risk,8963.061654889707,5.701034863782216,Germany,SET/6 RED SPOTTY PAPER PLATES
12711.0,1,0.6950302,Medium Risk,1006.1222390807701,1.0456017373420057,Germany,PACK OF 60 MUSHROOM CAKE CASES
12712.0,0,0.20245996,Low Risk,826.2579665207595,3.0449315579656,Germany,JACOBS LADDER SMALL
12714.0,0,0.37491256,Low Risk,4449.788863334108,3.0010197593845973,France,PACK OF 12 SKULL TISSUES
12717.0,1,0.8224911,High Risk,0.0,0.6594681147764587,Greece,MINI WOODEN HAPPY BIRTHDAY GARLAND
12720.0,0,0.22929122,Low Risk,935.8291979077216,4.281986220209737,Germany,PACK OF 12 PINK SPOT TISSUES 
12721.0,0,0.37061608,Low Risk,0.0,0.0,France,MINI PAINT SET VINTAGE 
12724.0,0,0.24941513,Low Risk,1041.3054878647217,2.115737476189039,France,HAIRCLIPS FORTIES FABRIC ASSORTED
12725.0,0,0.34879303,Low Risk,414.4169225578419,1.5278216110499283,Italy,PACK OF 72 RETRO SPOT CAKE CASES
12726.0,0,0.3516203,Low Risk,251.39418838424356,1.3022549442163824,France,MINI JIGSAW SPACEBOY
12727.0,0,0.3023011,Low Risk,755.2409533937118,1.1572994353952442,France,PAPER BUNTING RETRO SPOTS
12730.0,1,0.5840451,Medium Risk,0.0,0.0,Germany,COLOUR GLASS T-LIGHT HOLDER HANGING
12731.0,0,0.28662825,Low Risk,2938.1804388532933,2.62497416600532,France,ASSORTED COLOUR BIRD ORNAMENT
12733.0,0,0.23669307,Low Risk,639.8260339938932,1.0308868644055407,USA,PARTY CONES CANDY ASSORTED
12737.0,1,0.8585213,High Risk,0.0,0.0,France,CARRIAGE
12741.0,1,0.7436827,High Risk,444.1952181880677,2.1091219347838273,USA,BLUE EGG  SPOON
12742.0,1,0.81865954,High Risk,0.0,0.5609612774510851,United Arab Emirates,BOYS ALPHABET IRON ON PATCHES
12744.0,1,0.8025946,High Risk,5212.951100744916,1.5414393805293947,Singapore,WHITE HANGING HEART T-LIGHT HOLDER
12745.0,1,0.3082431,Low Risk,673.7952008871296,1.6898399870660472,EIRE,STRAWBERRY CERAMIC TRINKET BOX
12746.0,1,0.79740703,High Risk,0.0,0.8804683698321731,United Kingdom,GARDENERS KNEELING PAD
12747.0,0,0.016305605,Low Risk,1650.5081580233784,6.197070133010289,United Kingdom,COLOUR GLASS. STAR T-LIGHT HOLDER
12748.0,0,0.029560797,Low Risk,6004.002181196298,29.708987019461762,United Kingdom,ASSTD DESIGN BUBBLE GUM RING
12749.0,0,0.2635454,Low Risk,0.0,0.0,United Kingdom,ASSORTED COLOUR BIRD ORNAMENT
12755.0,0,0.15792482,Low Risk,992.811252528174,3.417874713464061,Japan,ROUND SNACK BOXES SET OF 4 FRUITS 
12758.0,1,0.75681025,High Risk,2992.7089975236554,2.455835135555858,Portugal,LUNCH BAG RED SPOTTY
12759.0,0,0.13259529,Low Risk,1327.906244583804,1.4289468029054266,Netherlands,PLACE SETTING WHITE HEART
12760.0,1,0.71231043,High Risk,0.0,0.0,Netherlands,ASSORTED MONKEY SUCTION CUP HOOK
12761.0,1,0.5805903,Medium Risk,147.09028186747435,4.232808358926177,Netherlands,LUNCH BAG  BLACK SKULL.
12765.0,1,0.3570546,Low Risk,1079.7640853189587,4.1303718791920705,Netherlands,PLASTERS IN TIN CIRCUS PARADE 
12770.0,1,0.923544,High Risk,0.0,0.0,Japan,PARTY INVITES DINOSAURS
12771.0,1,0.67282856,Medium Risk,0.0,0.0,Portugal,PINK BLUE FELT CRAFT TRINKET BOX
12773.0,1,0.81735736,High Risk,0.0,0.758442616495476,Portugal,APPLE BATH SPONGE
12774.0,1,0.73553765,High Risk,0.0,0.9110126060303699,Netherlands,FOLKART ZINC HEART CHRISTMAS DEC
12776.0,1,0.856956,High Risk,0.0,0.47571996056533633,Portugal,"WRAP,SUKI AND FRIENDS"
12777.0,1,0.5436492,Medium Risk,0.0,0.0,United Kingdom,PINK SPOTS  WRAP 
12778.0,0,0.6644744,Medium Risk,0.0,0.6220138440923555,Netherlands,DINOSAUR KEYRINGS ASSORTED
12779.0,0,0.042969294,Low Risk,1017.031041729462,2.4700830516535626,Poland,STRAWBERRY CERAMIC TRINKET BOX
12780.0,1,0.6741055,Medium Risk,0.0,0.6340161920795293,Netherlands,MAGIC DRAWING SLATE DOLLY GIRL 
12782.0,0,0.58274114,Medium Risk,0.0,0.0,Portugal,SUKI  SHOULDER BAG
12784.0,1,0.61168414,Medium Risk,0.0,0.0,Portugal,BLUE SCANDINAVIAN PAISLEY WRAP
12785.0,1,0.26245597,Low Risk,464.3242237649887,0.9003981218725681,Portugal,ASS DES PHONE SPONGE CRAFT STICKER
12786.0,1,0.7388403,High Risk,0.0,0.6020693157063839,Netherlands,BLUE HARMONICA IN BOX 
12788.0,1,0.23589642,Low Risk,499.7827132401152,4.910909424001603,Netherlands,LUNCH BOX WITH CUTLERY RETROSPOT 
12789.0,1,0.89357,High Risk,118.1271997584392,1.0156137152473659,Netherlands,GIRLY PINK TOOL SET
12791.0,0,0.44631386,Medium Risk,473.2320308257004,2.0952799567028872,Netherlands,HAND WARMER BIRD DESIGN
12792.0,1,0.7778495,High Risk,0.0,0.9173779310043912,Portugal,PICTURE DOMINOES
12796.0,1,0.7715071,High Risk,0.0,0.5538712095654507,Netherlands,JUMBO BAG PINK VINTAGE PAISLEY
12799.0,1,0.75415355,High Risk,0.0,0.0,Japan,6 RIBBONS RUSTIC CHARM
12800.0,1,0.6774329,Medium Risk,241.87234695462246,1.0805082651816553,Portugal,COOK WITH WINE METAL SIGN 
12801.0,1,0.40721035,Medium Risk,0.0,0.0,Sweden,PACK OF 12 WOODLAND TISSUES 
12802.0,0,0.25977468,Low Risk,1168.1808142809443,3.910215914657534,Netherlands,WRAP PINK FAIRY CAKES 
12804.0,1,0.5240761,Medium Risk,516.7860995520039,2.8267272672699906,Netherlands,RED SPOTS  WRAP 
12805.0,0,0.2145676,Low Risk,693.8364645833755,1.7377137336503345,Netherlands,BLUE FLYING SINGING CANARY
12806.0,0,0.26933676,Low Risk,2070.268022854588,2.4963619602410247,Netherlands,RED POLKA DOT TISSUE BOX
12808.0,0,0.6539724,Medium Risk,0.0,0.0,Portugal,PLASTERS IN TIN SKULLS
12809.0,1,0.42285424,Medium Risk,912.2993782159099,1.1816208158706314,Portugal,PACK OF 72 RETRO SPOT CAKE CASES
12810.0,1,0.6064322,Medium Risk,492.84983138401236,1.0722708200833126,Japan,ASSORTED TUTTI FRUTTI SMALL PURSE
12813.0,1,0.49349514,Medium Risk,1291.387626082496,1.6280379028392218,Netherlands,FOLKART ZINC HEART CHRISTMAS DEC
12819.0,1,0.75818986,High Risk,0.0,0.0,United Kingdom,GRAND CHOCOLATECANDLE
12820.0,0,0.10267144,Low Risk,744.3038054665459,2.483995827395171,United Kingdom,RECYCLED PENCIL WITH RABBIT ERASER
12821.0,1,0.84015936,High Risk,0.0,0.5966039307669384,United Kingdom,HEART IVORY TRELLIS SMALL
12823.0,0,0.07270938,Low Risk,1686.9418631842661,5.461908655178447,United Kingdom,DOOR MAT UNION FLAG
12825.0,1,0.4812739,Medium Risk,456.1464640481601,1.2233064895370647,United Kingdom,HANGING METAL HEART LANTERN
12826.0,0,0.21036328,Low Risk,499.9739354085058,1.490110922179711,United Kingdom,CHARLIE AND LOLA CHARLOTTE BAG
12829.0,1,0.88855594,High Risk,0.0,0.8251458288756056,United Kingdom,SMALLFOLKART BAUBLE CHRISTMAS DEC
12831.0,1,0.7917865,High Risk,0.0,0.0,United Kingdom,PLACE SETTING WHITE HEART
12835.0,0,0.035658345,Low Risk,2890.1543204072127,17.611903237869686,United Kingdom,PACK OF 12 HEARTS DESIGN TISSUES 
12836.0,0,0.037251722,Low Risk,1394.9139046803807,4.013249480804319,United Kingdom,WHITE HANGING HEART T-LIGHT HOLDER
12837.0,1,0.549764,Medium Risk,0.0,0.7371634236312025,United Kingdom,HANGING JAM JAR T-LIGHT HOLDER
12838.0,0,0.20484573,Low Risk,1130.350830114286,3.345075030967895,United Kingdom,GREEN REGENCY TEACUP AND SAUCER
12839.0,0,0.04443294,Low Risk,1558.7069214736348,4.6122220837916394,United Kingdom,STRAWBERRY CERAMIC TRINKET BOX
12840.0,0,0.455198,Medium Risk,646.7909795540169,1.076632363479109,United Kingdom,GROW YOUR OWN PLANT IN A CAN 
12841.0,0,0.15267071,Low Risk,726.1158682634825,5.2568974196075295,United Kingdom,CHRISTMAS GINGHAM STAR
12842.0,0,0.58191615,Medium Risk,0.0,0.37961420886422387,United Kingdom,PAPER CHAIN KIT 50'S CHRISTMAS 
12843.0,0,0.038366485,Low Risk,2383.172629795459,7.9215003694120325,United Kingdom,ASSORTED WHITE EMBOSSED CHINA MUGS
12844.0,0,0.6608452,Medium Risk,0.0,0.6496874343202717,United Kingdom,36 DOILIES DOLLY GIRL
12846.0,1,0.86577433,High Risk,0.0,0.45123651739501697,United Kingdom,Adjustment by john on 26/01/2010 16
12848.0,1,0.8419864,High Risk,0.0,0.46234049361192764,United Kingdom,WHITE HANGING HEART T-LIGHT HOLDER
12849.0,0,0.40410334,Medium Risk,0.0,0.6561752904547492,United Kingdom,LOVEBIRD HANGING DECORATION WHITE 
12851.0,1,0.7401225,High Risk,0.0,0.0,United Kingdom,JAZZ HEARTS PURSE NOTEBOOK
12853.0,0,0.1675523,Low Risk,904.989866267215,1.7497814138133234,United Kingdom,HEART OF WICKER LARGE
12854.0,1,0.65808475,Medium Risk,801.2406466970797,1.9923121484291895,United Kingdom,EASTER DECORATION HANGING BUNNY
12857.0,0,0.41857246,Medium Risk,1174.9480859329515,1.683932030371686,United Kingdom,ANTIQUE SILVER TEA GLASS ETCHED
12859.0,1,0.8192037,High Risk,0.0,0.0,United Kingdom,JUMBO BAG RED RETROSPOT
12860.0,1,0.83070236,High Risk,0.0,0.43482671111068866,United Kingdom,ASSORTED SANSKRIT MINI NOTEBOOK
12861.0,1,0.6308517,Medium Risk,0.0,0.5757009194925897,United Kingdom,HANGING METAL HEART LANTERN
12862.0,0,0.29621205,Low Risk,0.0,0.0,United Kingdom,FUNKY DIVA PEN
12863.0,0,0.3928172,Low Risk,1271.1275881017107,3.392710268925393,United Kingdom,SMALL POPCORN HOLDER
12864.0,1,0.48535016,Medium Risk,0.0,0.0,United Kingdom,ASSORTED COLOURS SILK FAN
12865.0,0,0.3363745,Low Risk,0.0,0.0,Austria,ANGEL DECORATION STARS ON DRESS
12866.0,1,0.68592787,Medium Risk,1105.0752779950813,2.7690811087331126,Belgium,ASSTD DESIGN BUBBLE GUM RING
12867.0,0,0.22883736,Low Risk,1377.6575360052332,2.023745096086562,United Kingdom,ASSORTED COLOUR BIRD ORNAMENT
12869.0,1,0.71942365,High Risk,0.0,0.45279000275600834,United Kingdom,WHITE HANGING HEART T-LIGHT HOLDER
12870.0,0,0.63947356,Medium Risk,458.6078895975788,1.3205338082799372,United Kingdom,ZINC FINISH 15CM PLANTER POTS
12872.0,0,0.07651102,Low Risk,956.5217862208644,3.5136987048422434,United Kingdom,WHITE HANGING HEART T-LIGHT HOLDER
12873.0,0,0.53678036,Medium Risk,0.0,0.45279000275600834,United Kingdom,HOME BUILDING BLOCK WORD
12874.0,0,0.5515017,Medium Risk,0.0,0.8049182224586419,Belgium,MINI PAINT SET VINTAGE 
12875.0,1,0.3642887,Low Risk,627.2733877444277,1.6071196610056047,United Kingdom,ASSORTED LAQUERED INCENSE HOLDERS
12876.0,0,0.44351494,Medium Risk,0.0,0.6594681147764587,Belgium,PACK OF 60 MUSHROOM CAKE CASES
12877.0,0,0.25225762,Low Risk,441.56107665089803,2.8502731843976594,United Kingdom,PAPER POCKET TRAVELING FAN 
12880.0,0,0.66135293,Medium Risk,0.0,0.7170471471052519,United Kingdom,60 CAKE CASES VINTAGE CHRISTMAS
12889.0,0,0.46329704,Medium Risk,253.21384489863365,2.7744373662319943,United Kingdom,CARD DOLLY GIRL 
12891.0,1,0.523372,Medium Risk,374.83096392779055,5.1976702295763815,United Kingdom,RED SPOTS  WRAP 
12894.0,1,0.7427626,High Risk,0.0,0.713155092519382,United Kingdom,BLACK WINE GLASS
12897.0,0,0.61762625,Medium Risk,0.0,0.8631069160412602,United Kingdom,HEART OF WICKER SMALL
12898.0,1,0.81777465,High Risk,217.92980978402008,1.1497073658301462,United Kingdom,ANTIQUE GLASS PLACE SETTING
12905.0,1,0.32865405,Low Risk,540.7162832207457,1.040677976015888,United Kingdom,FLAG OF ST GEORGE CAR FLAG
12907.0,0,0.56228805,Medium Risk,0.0,0.0,United Kingdom,CHINESE DRAGON PAPER LANTERNS
12908.0,0,0.39387396,Low Risk,500.35804602038434,1.2826346284351082,United Kingdom,ASSORTED COLOURS SILK FAN
12909.0,0,0.55197465,Medium Risk,429.20804137341275,1.1559499614443343,United Kingdom,PACK OF 12 HEARTS DESIGN TISSUES 
12910.0,0,0.49941096,Medium Risk,526.3116328374931,1.3349707309703187,United Kingdom,CACTI T-LIGHT CANDLES
12911.0,1,0.7374935,High Risk,0.0,0.8199940768413364,United Kingdom,WORLD WAR 2 GLIDERS ASSTD DESIGNS
12913.0,0,0.35712138,Low Risk,878.3602943061953,2.453074181439207,United Kingdom,PAPER CHAIN KIT 50'S CHRISTMAS 
12915.0,0,0.53711504,Medium Risk,770.7746806227267,1.554615308015428,United Kingdom,WRAP PINK FAIRY CAKES 
12916.0,0,0.29076716,Low Risk,826.2643441809229,1.0216410306644061,United Kingdom,WHITE HANGING HEART T-LIGHT HOLDER
12917.0,0,0.09616586,Low Risk,1221.7121128985766,1.4503093130594134,United Kingdom,EDWARDIAN PARASOL NATURAL
12918.0,1,0.9278157,High Risk,0.0,0.5585778164508538,United Kingdom,Manual
12920.0,1,0.74521875,High Risk,208.45031393692744,0.9112571691148513,United Kingdom,ASSTD DESIGN BUBBLE GUM RING
12921.0,0,0.0063289343,Low Risk,6846.62444717443,10.243309513638142,United Kingdom,60 TEATIME FAIRY CAKE CASES
12923.0,0,0.6331408,Medium Risk,0.0,0.713155092519382,United Kingdom,WATERING CAN GARDEN MARKER
12924.0,0,0.16690779,Low Risk,660.5854527816147,1.980534373056395,United Kingdom,CUT GLASS T-LIGHT HOLDER OCTAGON
12925.0,1,0.9101293,High Risk,0.0,0.6529152259023473,United Kingdom,WORLD WAR 2 GLIDERS ASSTD DESIGNS
12926.0,0,0.23601262,Low Risk,242.61795015868668,0.8875491145145549,United Kingdom,PIG KEYRING WITH LIGHT & SOUND 
12928.0,0,0.25189993,Low Risk,1074.4929202032715,3.113047913018416,United Kingdom,CACTI T-LIGHT CANDLES
12931.0,0,0.013521071,Low Risk,12556.197147305526,10.242726977662562,United Kingdom,ASSORTED COLOUR BIRD ORNAMENT
12932.0,1,0.5704827,Medium Risk,962.5264202033921,4.388494177324001,United Kingdom,WHITE SPOT RED CERAMIC DRAWER KNOB
12933.0,0,0.56302035,Medium Risk,0.0,0.38858448782470556,United Kingdom,GROW A FLYTRAP OR SUNFLOWER IN TIN
12934.0,1,0.70633924,High Risk,0.0,0.38071276227821854,United Kingdom,ANT WHITE WIRE HEART SPIRAL
12935.0,0,0.36205885,Low Risk,1044.3039965132598,3.945360133615879,United Kingdom,ASSTD DESIGN BUBBLE GUM RING
12937.0,1,0.61053956,Medium Risk,921.5759605485426,2.4700533081961873,United Kingdom,WHITE HANGING HEART T-LIGHT HOLDER
12939.0,0,0.10298905,Low Risk,5157.530470144781,3.385043775532979,United Kingdom,JUMBO BAG PINK VINTAGE PAISLEY
12941.0,1,0.68923473,Medium Risk,0.0,0.39440959392020275,United Kingdom,SET/4 BIRD MIRROR MAGNETS 
12943.0,1,0.65004754,Medium Risk,314.3030644614437,1.406132537909174,United Kingdom,WATERING CAN GREEN DINOSAUR
12945.0,1,0.6949474,Medium Risk,0.0,0.49543486475916315,United Kingdom,BOX OF 24 COCKTAIL PARASOLS
12948.0,1,0.89137936,High Risk,117.77622723897109,0.7607413832019396,United Kingdom,RED CHARLIE+LOLA PERSONAL DOORSIGN
12949.0,0,0.01783309,Low Risk,3619.6607923157458,4.558787501081152,United Kingdom,ASSTD DESIGN BUBBLE GUM RING
12951.0,0,0.09900233,Low Risk,659.4643704756184,3.362325169604716,United Kingdom,SET OF 20 VINTAGE CHRISTMAS NAPKINS
12953.0,1,0.6270565,Medium Risk,0.0,0.0,United Kingdom,60 TEATIME FAIRY CAKE CASES
12954.0,1,0.61425084,Medium Risk,0.0,0.5314809749724498,United Kingdom,CITRONELLA CANDLE GARDEN POT
12956.0,1,0.6374746,Medium Risk,291.1372882249019,1.4574214134415429,United Kingdom,PACK OF 12 HEARTS DESIGN TISSUES 
12957.0,1,0.7118402,High Risk,2529.621731765737,1.9929543145603614,United Kingdom,60 TEATIME FAIRY CAKE CASES
12958.0,0,0.6389476,Medium Risk,0.0,0.6834781815855456,United Kingdom,ADVENT CALENDAR GINGHAM SACK
12959.0,1,0.7408582,High Risk,0.0,0.0,United Kingdom,MULTI COLOUR SILVER T-LIGHT HOLDER
12960.0,0,0.1558979,Low Risk,734.5942115962805,1.8214149315670478,United Kingdom,ASSTD DESIGN BUBBLE GUM RING
12963.0,0,0.1855672,Low Risk,503.62135280405516,3.8470367860687493,United Kingdom,WRAP ENGLISH ROSE 
12969.0,1,0.7463688,High Risk,0.0,0.6220138440923555,United Kingdom,PACK OF 60 PINK PAISLEY CAKE CASES
12970.0,0,0.20698245,Low Risk,0.0,0.38181769715119207,United Kingdom,GROW YOUR OWN PLANT IN A CAN 
12971.0,0,0.033041693,Low Risk,1560.2778521112066,7.427963183887383,United Kingdom,CHINESE DRAGON PAPER LANTERNS
12972.0,0,0.17289074,Low Risk,550.8605513275998,1.8168763584825625,United Kingdom,PACK OF 12 BLUE PAISLEY TISSUES 
12974.0,1,0.68679756,Medium Risk,0.0,0.7540889284243036,United Kingdom,HANGING HEART ZINC T-LIGHT HOLDER
12975.0,0,0.11925784,Low Risk,638.333817884895,1.4374775859560274,United Kingdom,RED SPOTS  WRAP 
12976.0,0,0.18011267,Low Risk,1332.3220766893846,3.110523729525518,United Kingdom,BLUE SPOTS  WRAP
12977.0,1,0.4357254,Medium Risk,778.4147818817885,2.5334479015908644,United Kingdom,SWALLOWS GREETING CARD
12978.0,0,0.34466618,Low Risk,702.7734772877593,1.976051684230245,United Kingdom,WHITE SAGE INCENSE
12979.0,1,0.8167665,High Risk,0.0,0.38858448782470556,United Arab Emirates,OCCASIONS GIFT CARD ASSORTMENT
12980.0,0,0.03797585,Low Risk,3004.644947122706,4.5456798702469,United Kingdom,SET OF 3 COLOURED  FLYING DUCKS
12982.0,0,0.20802328,Low Risk,1117.0001647273916,3.963111096973785,United Kingdom,WORLD WAR 2 GLIDERS ASSTD DESIGNS
12983.0,1,0.6763039,Medium Risk,0.0,0.6340161920795293,United Kingdom,60 TEATIME FAIRY CAKE CASES
12986.0,0,0.09566274,Low Risk,1468.3681755915734,3.488096623571409,United Kingdom,PACK OF 72 RETRO SPOT CAKE CASES
12987.0,0,0.46449855,Medium Risk,222.36928233433443,1.0074101118029701,United Kingdom,WRAP ENGLISH ROSE 
12989.0,0,0.11953627,Low Risk,2343.523401356147,6.250948086542677,United Kingdom,GRAND CHOCOLATECANDLE
12990.0,0,0.3507027,Low Risk,260.24606726557766,1.3440557144959675,United Kingdom,JUMBO BAG STRAWBERRY
12992.0,1,0.8567619,High Risk,0.0,0.3932306320164019,United Kingdom,HOT WATER BOTTLE TEA AND SYMPATHY
12993.0,0,0.50288624,Medium Risk,355.0778302180498,1.0821338340029703,United Kingdom,MINI JIGSAW BUNNIES AT HOME
12997.0,0,0.37573326,Low Risk,706.5818844882941,2.2258669771398156,United Kingdom,BLUE STONES ON WIRE FOR CANDLE
12998.0,1,0.10703946,Low Risk,641.4307059176341,1.8769071871124665,United Kingdom,SCENTED VELVET LOUNGE CANDLE 
13000.0,1,0.8647754,High Risk,0.0,0.3932306320164019,United Kingdom,LAUNDRY 15C METAL SIGN
13001.0,0,0.032763813,Low Risk,5797.042443060889,8.214019327148751,United Kingdom,VICTORIAN GLASS HANGING T-LIGHT
13004.0,0,0.017535308,Low Risk,2487.149252148097,7.428176006853257,United Kingdom,60 TEATIME FAIRY CAKE CASES
13005.0,0,0.7528891,High Risk,0.0,0.0,United Kingdom,MAGIC DRAWING SLATE DOLLY GIRL 
13007.0,1,0.7126299,High Risk,0.0,0.6980009301584514,United Kingdom,GLASS HONEYPOT WASP CATCHER
13008.0,0,0.7328995,High Risk,0.0,0.39559565209882885,United Kingdom,ASSTD DESIGN 3D PAPER STICKERS
13009.0,1,0.7127393,High Risk,0.0,0.4672685770239032,United Kingdom,JUMBO BAG PINK VINTAGE PAISLEY
13010.0,0,0.6910464,Medium Risk,0.0,0.510832335342213,United Kingdom,EMPIRE GIFT WRAP
13012.0,0,0.3901632,Low Risk,754.5191124810361,1.5200809764465082,United Kingdom,MAGIC DRAWING SLATE CIRCUS PARADE  
13013.0,0,0.037786588,Low Risk,2367.7967457046057,5.247417523631026,United Kingdom,LAVENDER SCENTED FABRIC HEART
13015.0,0,0.1626203,Low Risk,1481.5733600734663,2.3197259018588134,United Kingdom,GRAND CHOCOLATECANDLE
13018.0,0,0.27229548,Low Risk,925.2855664571129,1.174999842562642,United Kingdom,PACK OF 72 RETRO SPOT CAKE CASES
13019.0,0,0.23986232,Low Risk,368.00727739999024,1.9630676614236149,United Kingdom,HAND WARMER SCOTTY DOG DESIGN
13020.0,1,0.6256273,Medium Risk,239.63326571030674,1.1316327295498905,United Kingdom,COLOURING PENCILS BROWN TUBE
13021.0,0,0.19822665,Low Risk,693.7873406063851,1.958426945242258,United Kingdom,CACTI T-LIGHT CANDLES
13023.0,1,0.6377714,Medium Risk,0.0,0.0,United Kingdom,PACK OF 12 SUKI TISSUES 
13024.0,1,0.638542,Medium Risk,609.3610143928561,1.6119713235291373,United Kingdom,NO SINGING METAL SIGN
13025.0,1,0.9227005,High Risk,0.0,0.3863023769988185,United Kingdom,GRAND CHOCOLATECANDLE
13026.0,1,0.46936196,Medium Risk,302.0812553480557,2.0057684623993373,United Kingdom,BROCADE RING PURSE 
13027.0,0,0.071877025,Low Risk,4582.487569639937,5.902670060080164,United Kingdom,PACK OF 72 SKULL CAKE CASES
13029.0,0,0.40565294,Medium Risk,0.0,0.0,United Kingdom,CABIN BAG VINTAGE RETROSPOT
13031.0,0,0.38147902,Low Risk,1987.1138641703665,3.0179980057013376,United Kingdom,CERAMIC HEART FAIRY CAKE MONEY BANK
13032.0,0,0.19352333,Low Risk,1151.5365121492136,4.47610109073793,United Kingdom,HEART IVORY TRELLIS SMALL
13036.0,1,0.78888595,High Risk,0.0,0.44816133632148825,United Kingdom,BEADED PEARL HEART WHITE ON STICK
13037.0,0,0.03104155,Low Risk,1550.7317893102795,3.5144521446088257,United Kingdom,"KEY FOB , GARAGE DESIGN"
13039.0,1,0.50576997,Medium Risk,611.1675201779037,2.0271246577237294,United Kingdom,STRAWBERRY CERAMIC TRINKET BOX
13041.0,0,0.32064918,Low Risk,482.7004478501494,2.483846351248007,United Kingdom,JUMBO BAG STRAWBERRY
13042.0,1,0.7346094,High Risk,652.4746834710863,1.4393345544547542,United Kingdom,LARGE HANGING IVORY & RED WOOD BIRD
13044.0,1,0.38085228,Low Risk,2644.449788566279,5.672509947908616,United Kingdom,BLUE CHARLIE+LOLA PERSONAL DOORSIGN
13045.0,0,0.8240107,High Risk,0.0,0.0,United Kingdom,JUMBO BAG RED RETROSPOT
13046.0,1,0.7908528,High Risk,0.0,0.0,United Kingdom,BLUE SCANDINAVIAN PAISLEY WRAP
13047.0,0,0.05297871,Low Risk,2546.5323296628176,5.279951833417222,United Kingdom,ASSORTED COLOUR BIRD ORNAMENT
13048.0,0,0.111671366,Low Risk,1208.3438066113242,2.316900852820001,United Kingdom,CHRISTMAS RETROSPOT HEART WOOD
13050.0,0,0.006981215,Low Risk,2187.4006912882437,6.346260067278771,United Kingdom,ANGEL DECORATION 3 BUTTONS 
13051.0,1,0.7518986,High Risk,134.0727458134482,1.308990478921832,United Kingdom,VICTORIAN GLASS HANGING T-LIGHT
13052.0,0,0.42478654,Medium Risk,1356.3783082598575,2.552539134929857,United Kingdom,HEART IVORY TRELLIS SMALL
13053.0,1,0.81857544,High Risk,0.0,0.5707022922724782,United Kingdom,HANGING METAL HEART LANTERN
13056.0,1,0.63725775,Medium Risk,0.0,0.8199940768413364,United Kingdom,FANCY FONTS BIRTHDAY WRAP
13057.0,1,0.45850623,Medium Risk,403.7461816351286,2.047654521893453,United Kingdom,COLOUR GLASS. STAR T-LIGHT HOLDER
13059.0,0,0.1566236,Low Risk,1222.0493779377757,4.549480465529018,United Kingdom,WRAP CHRISTMAS VILLAGE
13063.0,1,0.7313082,High Risk,0.0,0.0,United Kingdom,RETRO SPOT  CIGAR BOX MATCHES 
13064.0,1,0.6502474,Medium Risk,593.9885097263169,1.50579692782107,United Kingdom,SET/6 PINK  BUTTERFLY T-LIGHTS
13065.0,0,0.5451865,Medium Risk,512.4557475587976,1.9733448018726432,United Kingdom,CHOCOLATE THIS WAY METAL SIGN
13069.0,0,0.07535128,Low Risk,2958.483122935113,7.985396965858308,United Kingdom,GIRLS ALPHABET IRON ON PATCHES 
13070.0,1,0.86011,High Risk,294.3134718186582,1.442141752355243,United Kingdom,JUMBO STORAGE BAG SUKI
13071.0,1,0.8272978,High Risk,0.0,0.5939083220343585,United Kingdom,TOY TIDY PINK RETROSPOT  
13074.0,1,0.6171141,Medium Risk,765.9358104559166,2.0235969887053655,United Kingdom,IVORY ENCHANTED FOREST PLACEMAT
13076.0,1,0.85585743,High Risk,0.0,0.0,United Kingdom,CHRISTMAS STAR WISH LIST CHALKBOARD
13077.0,0,0.21057658,Low Risk,858.560718654865,2.5287360155073553,United Kingdom,DISCO BALL CHRISTMAS DECORATION
13078.0,0,0.010154904,Low Risk,5815.501378858613,11.800572294887402,United Kingdom,PINK HEART SHAPE EGG FRYING PAN
13080.0,0,0.6177639,Medium Risk,157.43752170471265,1.379480762351244,United Kingdom,SET OF 6 VINTAGE NOTELETS KIT
13081.0,0,0.07548254,Low Risk,10636.417054349798,5.685391585882413,United Kingdom,PAPER POCKET TRAVELING FAN 
13082.0,0,0.024186533,Low Risk,1939.7089095121098,4.272136817289379,United Kingdom,ASSORTED COLOURS SILK FAN
13084.0,1,0.69233114,Medium Risk,0.0,0.0,United Kingdom,STRIPES DESIGN MONKEY DOLL
13085.0,1,0.87828904,High Risk,1054.2087829142074,1.4042250799054874,United Kingdom,"RECORD FRAME 7"" SINGLE SIZE "
13087.0,1,0.8287791,High Risk,0.0,0.3920587028572731,United Kingdom,WHITE HANGING HEART T-LIGHT HOLDER
13089.0,0,0.017797036,Low Risk,19593.187220608375,25.892016485407805,United Kingdom,SILVER HANGING T-LIGHT HOLDER
13090.0,0,0.123673454,Low Risk,1856.4388290799805,4.78204904598766,United Kingdom,BOX OF VINTAGE ALPHABET BLOCKS
13091.0,1,0.92004555,High Risk,0.0,0.38858448782470556,United Kingdom,Manual
13092.0,0,0.24208526,Low Risk,843.3674031662803,3.7411234306492567,United Kingdom,PARTY BUNTING
13093.0,0,0.018894624,Low Risk,13412.853006954323,12.951027761746758,United Kingdom,BOX OF 24 COCKTAIL PARASOLS
13097.0,0,0.06823707,Low Risk,2961.4406214769538,6.089368580252153,United Kingdom,GUMBALL COAT RACK
13101.0,1,0.52194,Medium Risk,398.94759820326885,1.6954868458460564,United Kingdom,STAR DECORATION PAINTED ZINC 
13102.0,0,0.1337328,Low Risk,2124.4691555584227,6.352007691368263,United Kingdom,LUNCH BOX I LOVE LONDON
13103.0,0,0.7674725,High Risk,0.0,0.7054965367821219,United Kingdom,ASSORTED COLOUR BIRD ORNAMENT
13104.0,0,0.37318382,Low Risk,261.7518300416908,1.1652746622006043,United Kingdom,WOODEN SCHOOL COLOURING SET
13107.0,0,0.35719356,Low Risk,1625.3606139792496,1.74243687572941,United Kingdom,HANGING HEART ZINC T-LIGHT HOLDER
13109.0,1,0.66835034,Medium Risk,0.0,0.8199940768413364,United Kingdom,WORLD WAR 2 GLIDERS ASSTD DESIGNS
13110.0,0,0.16743211,Low Risk,403.23930053926637,1.9351283430228492,United Kingdom,WHITE HANGING HEART T-LIGHT HOLDER
13111.0,1,0.84290457,High Risk,0.0,0.4016346650730361,United Kingdom, ANIMAL STICKERS
13112.0,1,0.946095,High Risk,0.0,0.8746040156777243,United Kingdom,CITRONELLA CANDLE FLOWERPOT
13113.0,0,0.09997459,Low Risk,2938.833285841434,5.27235215295665,United Kingdom,REGENCY CAKESTAND 3 TIER
13114.0,1,0.7898861,High Risk,0.0,0.3874400693028429,United Kingdom,PINK CREAM FELT CRAFT TRINKET BOX 
13115.0,0,0.1572794,Low Risk,1187.0159348871794,3.231108509598091,United Kingdom,JAPANESE CROCHETED ANIMAL
13117.0,0,0.17025456,Low Risk,573.7473581752092,5.2278489660252525,United Kingdom,CACTI T-LIGHT CANDLES
13119.0,1,0.85242033,High Risk,0.0,0.4740052915528213,United Kingdom,72 SWEETHEART FAIRY CAKE CASES
13123.0,1,0.66867787,Medium Risk,419.02327461523146,2.2295660418989267,United Kingdom,PINK SPOTS  WRAP 
13125.0,1,0.6590354,Medium Risk,0.0,0.0,United Kingdom,HOME SWEET HOME MUG
13126.0,0,0.26581064,Low Risk,660.7470333852673,1.9207685005392106,United Kingdom,TEATIME GEL PENS ASST
13128.0,1,0.777552,High Risk,0.0,0.546958316501111,United Kingdom,VINTAGE UNION JACK BUNTING
13129.0,0,0.7595649,High Risk,0.0,0.0,United Kingdom,ASSTD DESIGN BUBBLE GUM RING
13131.0,0,0.3149008,Low Risk,993.3677187636205,1.0982056383901648,United Kingdom,BLUE SCANDINAVIAN PAISLEY WRAP
13133.0,1,0.878574,High Risk,0.0,0.0,United Kingdom,GINGHAM HEART WREATH
13135.0,1,0.7109378,High Risk,0.0,0.0,United Kingdom,6 RIBBONS RUSTIC CHARM
13136.0,0,0.14289364,Low Risk,1377.5647210091834,1.4460850334376238,United Kingdom,PINK CREAM FELT CRAFT TRINKET BOX 
13137.0,0,0.1052348,Low Risk,435.9882081752647,2.7799883084949184,United Kingdom,ASSTD DESIGN BUBBLE GUM RING
13140.0,0,0.43934995,Medium Risk,0.0,0.0,United Kingdom,DOVE DECORATION PAINTED ZINC 
13141.0,0,0.026208766,Low Risk,1842.0132188461862,3.5745713265997288,United Kingdom,WHITE HANGING HEART T-LIGHT HOLDER
13143.0,1,0.71731114,High Risk,0.0,0.6799415491103794,United Kingdom,BLUE/CREAM STRIPE CUSHION COVER 
13145.0,0,0.34671274,Low Risk,188.16835248667982,1.4685050263616273,United Kingdom,CHILLI LIGHTS
13148.0,0,0.052465573,Low Risk,1781.7546776368383,4.0832102202436635,United Kingdom,FOLKART CLIP ON STARS
13150.0,1,0.5629752,Medium Risk,432.3184001998999,1.2863888029747945,United Kingdom,ASSORTED COLOUR T-LIGHT HOLDER
13151.0,1,0.697756,Medium Risk,441.51394663847447,1.1929891359198026,United Kingdom,Manual
13152.0,0,0.27320933,Low Risk,888.2733909197515,2.811271996951078,United Kingdom,HANGING JAM JAR T-LIGHT HOLDER
13154.0,0,0.26507086,Low Risk,735.6722262552562,0.8926541486254534,United Kingdom,HANGING HEART MIRROR DECORATION 
13155.0,0,0.6653057,Medium Risk,0.0,0.0,United Kingdom,VICTORIAN SEWING KIT
13156.0,0,0.35183963,Low Risk,528.3398422740984,0.9695151187848542,United Kingdom,HEART IVORY TRELLIS SMALL
13157.0,0,0.07761712,Low Risk,3079.8934454703735,1.967407643250568,United Kingdom,WORLD WAR 2 GLIDERS ASSTD DESIGNS
13161.0,1,0.44610593,Medium Risk,0.0,0.0,United Kingdom,ANT WHITE WIRE HEART SPIRAL
13162.0,0,0.034674298,Low Risk,3767.793750181462,5.619275292941914,United Kingdom,CHARLIE AND LOLA CHARLOTTE BAG
13163.0,1,0.898679,High Risk,0.0,0.5993241490614548,United Kingdom,BEACH HUT KEY CABINET
13164.0,1,0.6295029,Medium Risk,133.18100681502233,1.0975465549723278,United Kingdom,BEACH HUT PHOTO FRAME
13168.0,1,0.7133612,High Risk,0.0,0.8688173763364464,United Kingdom,WHITE HANGING HEART T-LIGHT HOLDER
13169.0,1,0.83948296,High Risk,0.0,0.7673027805925606,United Kingdom,ENAMEL WATERING CAN CREAM
13173.0,0,0.29568893,Low Risk,844.6166629468206,3.5823703055561995,United Kingdom,CACTI T-LIGHT CANDLES
13174.0,0,0.10385822,Low Risk,2132.986411879241,2.474617336172414,United Kingdom,ANGEL DECORATION STARS ON DRESS
13175.0,1,0.62477213,Medium Risk,552.8164091734327,0.8834465459039623,United Kingdom,60 TEATIME FAIRY CAKE CASES
13178.0,0,0.077394634,Low Risk,3997.0756406904725,4.194783271759142,United Kingdom,LUNCH BAG SUKI  DESIGN 
13179.0,1,0.7889365,High Risk,0.0,0.5782332510400658,United Kingdom,BOTANICAL LILY GREETING CARD
13180.0,1,0.8829824,High Risk,0.0,0.6076358805954211,United Kingdom,GROW YOUR OWN PLANT IN A CAN 
13183.0,0,0.25157815,Low Risk,1238.0400802323036,2.7546855622179027,United Kingdom,COOK WITH WINE METAL SIGN 
13187.0,1,0.8423496,High Risk,0.0,0.5633651887229109,United Kingdom,NAMASTE SWAGAT INCENSE
13190.0,1,0.6454088,Medium Risk,337.4322926724485,1.4411022434710388,United Kingdom,VICTORIAN GLASS HANGING T-LIGHT
13191.0,1,0.7500406,High Risk,0.0,0.4917295849902213,United Kingdom,ASSORTED FARMYARD ANIMALS IN BUCKET
13192.0,1,0.64766115,Medium Risk,844.9327569260776,1.665933781886456,United Kingdom,BROCADE RING PURSE 
13196.0,0,0.5523379,Medium Risk,705.0458007921978,1.3596488875139354,United Kingdom,BIRTHDAY BANQUET GIFT WRAP
13197.0,1,0.8049082,High Risk,0.0,0.6020693157063839,United Kingdom,BLUE SPOTS  WRAP
13199.0,0,0.014002705,Low Risk,2315.9180592266807,8.261795512003257,United Kingdom,MULTI COLOUR SILVER T-LIGHT HOLDER
13201.0,1,0.3435923,Low Risk,871.9770358142437,2.677206349609761,United Kingdom,HEART DECORATION WITH PEARLS 
13202.0,0,0.14570361,Low Risk,594.5294779271277,2.512255580006689,United Kingdom,ASSORTED COLOUR BIRD ORNAMENT
13203.0,0,0.31027222,Low Risk,478.72435116956706,2.0302219434307855,United Kingdom,ETCHED GLASS DROPLET DECORATION
13204.0,1,0.84273124,High Risk,0.0,0.3863023769988185,United Kingdom,FANNY'S REST STOPMETAL SIGN
13206.0,0,0.03379776,Low Risk,4022.04416702893,5.668790277733139,United Kingdom,ASSTD DESIGN BUBBLE GUM RING
13207.0,0,0.6061275,Medium Risk,0.0,0.5939083220343585,United Kingdom,EDWARDIAN PARASOL NATURAL
13208.0,0,0.20425346,Low Risk,320.62950776168975,0.8876770116770042,United Kingdom,CHRISTMAS HANGING HEART WITH BELL
13209.0,1,0.4160803,Medium Risk,1797.5511392703072,2.907810043039825,United Kingdom,PACK OF 12 COLOURED PENCILS
13211.0,0,0.17165086,Low Risk,454.7131500434397,1.9644057295903243,United Kingdom,PAPER CHAIN KIT 50'S CHRISTMAS 
13213.0,0,0.34891212,Low Risk,676.6477731144566,1.727024726424126,United Kingdom,MINI PAINT SET VINTAGE 
13214.0,0,0.08451561,Low Risk,654.519047199042,3.3423536078613667,United Kingdom,POPART WOODEN PENCILS ASST
13217.0,1,0.88533336,High Risk,0.0,0.4973085447268378,United Kingdom,SANDALWOOD FAN
13219.0,1,0.7341021,High Risk,0.0,0.5782332510400658,United Kingdom,DOOR MAT 3 SMILEY CATS
13220.0,1,0.7082331,High Risk,0.0,0.713155092519382,United Kingdom,BLUE HARMONICA IN BOX 
13222.0,1,0.9278242,High Risk,0.0,0.7054965367821219,United Kingdom,PINK VINTAGE PAISLEY PICNIC BAG
13223.0,0,0.25088313,Low Risk,384.7761033308687,1.7937828857627818,United Kingdom,CAMOFLAGE DESIGN TEDDY
13225.0,0,0.03338384,Low Risk,4381.718804001262,3.118803372219735,United Kingdom,JUMBO BAG PINK WITH WHITE SPOTS
13230.0,0,0.123056844,Low Risk,1455.7645361323407,8.055937197781153,United Kingdom,SMALL PINK MAGIC CHRISTMAS TREE
13233.0,0,0.6358932,Medium Risk,0.0,0.4333939491542592,United Kingdom,FENG SHUI PILLAR CANDLE
13234.0,1,0.5860242,Medium Risk,126.41180033873248,0.8560880502909765,United Kingdom,DISCO BALL CHRISTMAS DECORATION
13238.0,0,0.7083574,High Risk,0.0,0.6594681147764587,United Kingdom,JUMBO  BAG BAROQUE BLACK WHITE
13239.0,0,0.16262595,Low Risk,1586.2354192179407,4.433071354639803,United Kingdom,WRAP DAISY CARPET 
13240.0,0,0.7180729,High Risk,162.9280135939465,1.1401873521194812,United Kingdom,WORLD WAR 2 GLIDERS ASSTD DESIGNS
13242.0,0,0.43846175,Medium Risk,269.2275903144086,1.7755667087223017,United Kingdom,JUMBO SHOPPER VINTAGE RED PAISLEY
13243.0,0,0.49908704,Medium Risk,0.0,0.546958316501111,United Kingdom,ASSORTED CREEPY CRAWLIES
13246.0,0,0.20796794,Low Risk,988.235978317405,2.3031438263667154,United Kingdom,SET OF 20 VINTAGE CHRISTMAS NAPKINS
13249.0,0,0.16192603,Low Risk,434.3022525547339,2.9084672777522256,United Kingdom,STRAWBERRY CERAMIC TRINKET BOX
13250.0,1,0.78133833,High Risk,416.73642644628035,2.7788638898701397,United Kingdom,3 WICK CHRISTMAS BRIAR CANDLE 
13252.0,0,0.7514656,High Risk,0.0,0.5609612774510851,United Kingdom,ASSORTED CHEESE FRIDGE MAGNETS
13253.0,0,0.471051,Medium Risk,0.0,0.4209120828268408,United Kingdom,RED CHARLIE+LOLA PERSONAL DOORSIGN
13255.0,0,0.6951263,Medium Risk,0.0,0.0,United Kingdom,GROW YOUR OWN PLANT IN A CAN 
13259.0,0,0.13291636,Low Risk,476.0138774226817,2.7713454130247626,United Kingdom,"ASSORTED FLOWER COLOUR ""LEIS"""
13262.0,0,0.59664863,Medium Risk,0.0,0.6279576035952396,United Kingdom,FOLKART ZINC HEART CHRISTMAS DEC
13266.0,0,0.04577446,Low Risk,1010.4738335181361,2.574056811770198,United Kingdom,ASSTD DESIGN BUBBLE GUM RING
13267.0,0,0.18696478,Low Risk,1481.8514195268756,4.082768684282605,United Kingdom,COLOUR GLASS T-LIGHT HOLDER HANGING
13269.0,0,0.13736805,Low Risk,1145.338618182682,2.98302117159212,United Kingdom,PACK OF 72 RETRO SPOT CAKE CASES
13275.0,0,0.6937306,Medium Risk,0.0,0.5446922471660814,United Kingdom,JUNGLE POPSICLES ICE LOLLY HOLDERS
13276.0,0,0.20593752,Low Risk,318.7813971837592,1.2222425205010643,United Kingdom,COWBOYS AND INDIANS BIRTHDAY CARD 
13277.0,0,0.6147256,Medium Risk,379.01705492076286,2.0799162255176946,United Kingdom,MULTI COLOUR SILVER T-LIGHT HOLDER
13278.0,0,0.5775639,Medium Risk,580.1141911173162,1.4044714861564027,United Kingdom,CHINESE DRAGON PAPER LANTERNS
13280.0,0,0.40345496,Medium Risk,0.0,0.518896018407841,United Kingdom,SMALL FOLKART STAR CHRISTMAS DEC
13283.0,1,0.6327687,Medium Risk,228.744298167698,1.2125009631065156,United Kingdom,RED SPOTTY CHARLOTTE BAG
13285.0,1,0.6275146,Medium Risk,486.57075439216567,1.2583632937408333,United Kingdom,PLACE SETTING WHITE HEART
13286.0,1,0.67433316,Medium Risk,0.0,0.6279576035952396,United Kingdom,TEA BAG PLATE RED SPOTTY 
13287.0,1,0.70354617,High Risk,447.3412040748088,1.5669961837939816,United Kingdom,CERAMIC CAKE DESIGN SPOTTED PLATE
13288.0,0,0.26205117,Low Risk,424.29072568490943,2.4432571680442314,United Kingdom,SMALL TAHITI BEACH BAG
13289.0,1,0.79986376,High Risk,0.0,0.39559565209882885,United Kingdom,12 PINK ROSE PEG PLACE SETTINGS
13291.0,0,0.10185676,Low Risk,1722.1984471111225,4.409441252544695,United Kingdom,60 TEATIME FAIRY CAKE CASES
13292.0,0,0.3479022,Low Risk,377.7989247040595,2.2646494729032067,United Kingdom,CHRISTMAS GINGHAM HEART
13293.0,0,0.4741967,Medium Risk,536.166219949002,2.4244588224221033,United Kingdom,ASSORTED COLOUR BIRD ORNAMENT
13294.0,1,0.6806568,Medium Risk,0.0,0.514832571831334,United Kingdom,EMPIRE GIFT WRAP
13295.0,0,0.70109504,High Risk,0.0,0.7093051154682692,United Kingdom,CACTI T-LIGHT CANDLES
13296.0,0,0.26026124,Low Risk,589.1398945042531,3.6144069829363095,United Kingdom,SMALL RED RETROSPOT WINDMILL
13297.0,0,0.49067998,Medium Risk,0.0,0.8688173763364464,United Kingdom,JUMBO SHOPPER VINTAGE RED PAISLEY
13299.0,0,0.73423964,High Risk,0.0,0.0,United Kingdom,RED RETROSPOT WRAP 
13300.0,0,0.7061143,High Risk,0.0,0.7170471471052519,United Kingdom,SET 10 LIGHTS NIGHT OWL
13302.0,1,0.922411,High Risk,0.0,0.0,United Kingdom,S/16 VINTAGE IVORY CUTLERY
13304.0,1,0.5256718,Medium Risk,594.8052262041846,1.7693046517260949,United Kingdom,LARGE HEART MEASURING SPOONS
13305.0,0,0.38431746,Low Risk,933.5652439288624,1.9835538905085255,United Kingdom,75 GREEN FAIRY CAKE CASES
13307.0,1,0.5477882,Medium Risk,63.48105183003368,1.5281265436647453,United Kingdom,MULTI COLOUR SILVER T-LIGHT HOLDER
13308.0,1,0.6897577,Medium Risk,0.0,0.6401929720168921,United Kingdom,"KEY FOB , BACK DOOR "
13313.0,1,0.40402663,Medium Risk,933.6204521086204,2.983438989147981,United Kingdom,PRICE'S CANDLE PEACH
13315.0,1,0.5623663,Medium Risk,0.0,0.4406538456231922,United Kingdom,"BROCADE PURSE,SMALL ARCH BUTTON"
13316.0,0,0.25227457,Low Risk,1797.9448092115279,1.239955055383451,United Kingdom,BOYS ALPHABET IRON ON PATCHES
13317.0,0,0.089540906,Low Risk,1272.0672068644997,3.081535696206408,United Kingdom,ANTIQUE LILY FAIRY LIGHTS
13319.0,0,0.010713147,Low Risk,3743.4904312467793,8.812936492814421,United Kingdom,ASSORTED COLOUR BIRD ORNAMENT
13320.0,0,0.755235,High Risk,0.0,0.0,United Kingdom,CIRCUS PARADE LUNCH BOX 
13324.0,0,0.262134,Low Risk,2079.6744675469777,3.9093968824896828,United Kingdom,60 TEATIME FAIRY CAKE CASES
13327.0,0,0.022240572,Low Risk,2062.9522783847256,5.312181660951225,United Kingdom,JUMBO STORAGE BAG SUKI
13329.0,0,0.2528656,Low Risk,713.0436356741486,0.8934384966666231,United Kingdom,PACK OF 72 RETRO SPOT CAKE CASES
13330.0,1,0.64655083,Medium Risk,1056.1871652156995,1.8703189302167362,United Kingdom,PACK OF 12 TRADITIONAL CRAYONS
13333.0,0,0.34364963,Low Risk,987.6812690047662,1.154568516210024,United Kingdom,PACK OF 12 BLUE PAISLEY TISSUES 
13334.0,1,0.70656663,High Risk,2164.5629146455017,1.1689438598554156,United Kingdom,WHITE HANGING HEART T-LIGHT HOLDER
13337.0,1,0.7029145,High Risk,0.0,0.846417847198847,United Kingdom,MAGIC DRAWING SLATE BAKE A CAKE 
13338.0,1,0.49150488,Medium Risk,1040.3598594038278,1.5750479236071449,United Kingdom,PACK OF 72 RETRO SPOT CAKE CASES
13340.0,0,0.049343716,Low Risk,4521.9811968918575,1.862556089302232,United Kingdom,RETRO SPOT  CIGAR BOX MATCHES 
13346.0,1,0.8337641,High Risk,279.65296300785946,4.15917416113646,United Kingdom,ANTIQUE SILVER TEA GLASS ETCHED
13357.0,1,0.6257107,Medium Risk,1894.7122291360022,2.08377603987985,United Kingdom,Manual
13360.0,0,0.18195733,Low Risk,334.4300372295036,1.5914430315102657,United Kingdom,60 TEATIME FAIRY CAKE CASES
13361.0,1,0.771038,High Risk,1052.1819361404134,1.3621564212021036,United Kingdom,PINK PADDED MOBILE
13371.0,1,0.59090656,Medium Risk,1716.0210198220893,1.2720635932608648,United Kingdom,60 TEATIME FAIRY CAKE CASES
13373.0,0,0.27707437,Low Risk,1503.3481225196288,0.8790714613712942,United Kingdom,GIRLS ALPHABET IRON ON PATCHES 
13377.0,0,0.4501446,Medium Risk,0.0,0.5168563005280814,United Kingdom,FROSTED BOX 9 WHITE T-LIGHT CANDLES
13381.0,0,0.088935554,Low Risk,2118.5635799203515,1.9364538545428551,United Kingdom,WORLD WAR 2 GLIDERS ASSTD DESIGNS
13382.0,0,0.5867111,Medium Risk,319.56977724807444,1.442295796378624,United Kingdom,"DECORATION, HANGING HEART+MIRROR "
13383.0,1,0.74007696,High Risk,0.0,0.8631069160412602,United Kingdom,STRAWBERRY CERAMIC TRINKET BOX
13384.0,0,0.30093777,Low Risk,3261.963886106171,2.831660920954955,United Kingdom,JUMBO BAG OWLS
13388.0,1,0.7425505,High Risk,0.0,0.6190840091617155,United Kingdom,PACK OF 12 BLUE PAISLEY TISSUES 
13392.0,1,0.8202987,High Risk,0.0,0.45911250296442674,United Kingdom,RED LOVE HEART SHAPE CUP
13393.0,1,0.45284477,Medium Risk,784.6444301130963,1.9679363916303065,United Kingdom,PLACE SETTING WHITE HEART
13394.0,0,0.031620342,Low Risk,1636.6252694567063,4.011520445424292,United Kingdom,PACK OF 12 HEARTS DESIGN TISSUES 
13397.0,0,0.57033134,Medium Risk,815.6979479965516,2.258808020362513,United Kingdom,PACK OF 12 PINK PAISLEY TISSUES 
13399.0,1,0.87752324,High Risk,377.71547629261994,3.8467487418724935,United Kingdom,JUMBO BAG PINK VINTAGE PAISLEY
13400.0,1,0.70369864,High Risk,0.0,0.687051844617036,United Kingdom,JACOBS LADDER SMALL
13402.0,0,0.44259083,Medium Risk,682.7046162813347,1.7664333456847754,United Kingdom,PACK OF 12 BLUE PAISLEY TISSUES 
13403.0,0,0.51809037,Medium Risk,0.0,0.39559565209882885,United Kingdom,DIAMANTE RING ASSORTED IN BOX.
13405.0,1,0.62594575,Medium Risk,403.4883134831369,1.4766316900921364,United Kingdom,BOYS ALPHABET IRON ON PATCHES
13406.0,0,0.7140196,High Risk,0.0,0.546958316501111,United Kingdom,ASSTD MULTICOLOUR CIRCLES MUG
13407.0,1,0.4190393,Medium Risk,860.908984156282,1.817308127034835,United Kingdom,DINOSAUR KEYRINGS ASSORTED
13408.0,0,0.0060189925,Low Risk,9485.744212530144,14.522168552334653,United Kingdom,GRAND CHOCOLATECANDLE
13410.0,0,0.305051,Low Risk,609.9929002766777,0.8307183288035509,United Kingdom,HOLLY TOP CHRISTMAS STOCKING
13412.0,1,0.70061153,High Risk,0.0,0.5731906960530677,United Kingdom,RED STRIPE CERAMIC DRAWER KNOB
13413.0,1,0.80165243,High Risk,330.50610718485575,2.246198764599888,United Kingdom,JASMINE VOTIVE CANDLE
13414.0,1,0.5135233,Medium Risk,1128.7541021358452,2.320684950461645,United Kingdom,ASSORTED COLOURS SILK FAN
13415.0,1,0.6027407,Medium Risk,256.64196556457364,1.4591724789491063,United Kingdom,MOROCCAN TEA GLASS
13416.0,1,0.6505232,Medium Risk,0.0,0.38071276227821854,United Kingdom,HOT WATER BOTTLE TEA AND SYMPATHY
13417.0,1,0.557264,Medium Risk,414.7724555328795,1.7672690443089512,United Kingdom,PACK OF 60 DINOSAUR CAKE CASES
13418.0,0,0.06644033,Low Risk,1659.6653150575498,3.5978344451045947,United Kingdom,ASSORTED COLOUR BIRD ORNAMENT
13421.0,0,0.12070573,Low Risk,711.4715344643832,1.807964003874106,United Kingdom,WHITE HANGING HEART T-LIGHT HOLDER
13425.0,1,0.4567803,Medium Risk,1866.406132699389,1.625881625659269,United Kingdom,ASSTD DESIGN BUBBLE GUM RING
13426.0,0,0.020696986,Low Risk,1702.2095118760753,4.10816374274511,United Kingdom,I CAN ONLY PLEASE ONE PERSON MUG
13427.0,1,0.66891503,Medium Risk,269.98556552861913,1.4855969790987296,United Kingdom,VICTORIAN GLASS HANGING T-LIGHT
13428.0,1,0.65979296,Medium Risk,0.0,0.0,United Kingdom,ASSTD FRUIT+FLOWERS FRIDGE MAGNETS
13431.0,0,0.3851264,Low Risk,508.7962397954518,1.8337023284905425,United Kingdom,PACK OF 6 PANNETONE GIFT BOXES
13432.0,1,0.46167052,Medium Risk,512.9379889023832,1.3535984850215097,United Kingdom,ASSORTED COLOUR BIRD ORNAMENT
13433.0,1,0.5098039,Medium Risk,442.05389477496664,2.202994106518448,United Kingdom,KINGS CHOICE TEA CADDY 
13434.0,0,0.384341,Low Risk,538.8346362659012,1.167420011322052,United Kingdom,PLEASE ONE PERSON METAL SIGN
13435.0,0,0.78206265,High Risk,0.0,0.0,United Kingdom,DISCO BALL CHRISTMAS DECORATION
13438.0,1,0.8550497,High Risk,0.0,0.8409975304118249,United Kingdom,PARTY BUNTING
13439.0,0,0.29365277,Low Risk,0.0,0.0,United Kingdom,WORLD WAR 2 GLIDERS ASSTD DESIGNS
13442.0,1,0.67985106,Medium Risk,173.9510539695068,1.4073080372269537,United Kingdom,ASSTD DESIGN BUBBLE GUM RING
13443.0,0,0.1738575,Low Risk,662.1393644246734,2.9764544502580548,United Kingdom,PACK OF 12 RED SPOTTY TISSUES 
13444.0,0,0.6532776,Medium Risk,0.0,0.0,United Kingdom,ASSTD DESIGN BUBBLE GUM RING
13445.0,1,0.7384104,High Risk,0.0,0.5585778164508538,United Kingdom,INLAID WOOD INCENSE HOLDER
13446.0,0,0.056635417,Low Risk,2232.4793175286063,6.445110292495353,United Kingdom,KINGS CHOICE MUG
13448.0,0,0.19577263,Low Risk,1256.4237575000334,1.9629448100612583,United Kingdom,STRAWBERRY CERAMIC TRINKET BOX
13450.0,0,0.35513985,Low Risk,1554.9529118938322,4.872035912844935,United Kingdom,BAG 125g SWIRLY MARBLES
13451.0,0,0.13274197,Low Risk,2476.4700720484643,2.835443646754869,United Kingdom,ASSORTED ICE CREAM FRIDGE MAGNETS
13452.0,1,0.85014427,High Risk,0.0,0.0,United Kingdom,SET/4 WHITE RETRO STORAGE CUBES 
13454.0,1,0.647274,Medium Risk,0.0,0.5251130260484276,United Kingdom,FANCY FONTS BIRTHDAY WRAP
13455.0,0,0.3771954,Low Risk,494.5237063201368,1.4480373624099492,United Kingdom,BIRTHDAY BANQUET GIFT WRAP
13457.0,1,0.83921665,High Risk,39.765836946422255,0.8327695519988942,United Kingdom,WHITE RETRODISC LAMPSHADE
13459.0,1,0.75901157,High Risk,658.1070833013199,1.017551626978259,United Kingdom,ASSTD DESIGN BUBBLE GUM RING
13461.0,0,0.37717634,Low Risk,3480.841323234297,1.4836631543976302,United Kingdom,STRAWBERRY CHARLOTTE BAG
13462.0,0,0.47913596,Medium Risk,287.8842565710062,1.465994276438197,United Kingdom,BIRTHDAY BANQUET GIFT WRAP
13464.0,0,0.3947081,Low Risk,688.2094350507278,1.3560095400332581,United Kingdom,10 COLOUR SPACEBOY PEN
13465.0,0,0.5414089,Medium Risk,0.0,0.6729770955798103,United Kingdom,SET 20 NAPKINS FAIRY CAKES DESIGN 
13466.0,0,0.38029045,Low Risk,424.0054230856327,1.2943980680240266,United Kingdom,IVORY HANGING DECORATION  HEART
13468.0,0,0.005904807,Low Risk,2664.8620498918526,12.39135495665139,United Kingdom,STRAWBERRY CERAMIC TRINKET BOX
13469.0,1,0.79003906,High Risk,0.0,0.501098787909359,United Kingdom,LUNCH BAG RED SPOTTY
13472.0,1,0.76744014,High Risk,760.542468602672,1.8791437603134233,United Kingdom,HEART IVORY TRELLIS SMALL
13473.0,1,0.64017785,Medium Risk,1236.2082303686645,2.555588354657361,United Kingdom,PINK FAIRY CAKE CUSHION COVER
13474.0,0,0.1462504,Low Risk,0.0,0.0,United Kingdom,PARTY CONE CHRISTMAS DECORATION 
13476.0,0,0.5134207,Medium Risk,452.78879781551774,1.21509223090424,United Kingdom,PENS ASSORTED SPACEBALL
13477.0,1,0.4960785,Medium Risk,770.5301285980765,2.301735923473559,United Kingdom,DINOSAUR KEYRINGS ASSORTED
13478.0,1,0.31924736,Low Risk,1525.2022432472902,2.349927553929138,United Kingdom,ASS DES PHONE SPONGE CRAFT STICKER
13479.0,0,0.60670924,Medium Risk,0.0,0.0,United Kingdom,PLACE SETTING WHITE HEART
13480.0,0,0.61184436,Medium Risk,0.0,0.4559293149669597,United Kingdom,JAPANESE CROCHETED ANIMAL
13481.0,0,0.08605165,Low Risk,876.6136145362343,1.9530366789861016,United Kingdom,GROW YOUR OWN PLANT IN A CAN 
13482.0,1,0.78705275,High Risk,0.0,0.5562145456994483,United Kingdom,12 PENCILS TALL TUBE RED SPOTTY
13484.0,0,0.61425084,Medium Risk,0.0,0.5293412159038592,United Kingdom,PLACE SETTING WHITE HEART
13485.0,0,0.28860646,Low Risk,901.0641307929009,2.4693281321319818,United Kingdom,4 TRADITIONAL SPINNING TOPS
13487.0,1,0.5911753,Medium Risk,185.88612515769933,0.8954097630999431,United Kingdom,ZINC METAL HEART DECORATION
13488.0,0,0.027928783,Low Risk,2710.312047939514,2.9184536342932565,United Kingdom,WORLD WAR 2 GLIDERS ASSTD DESIGNS
13490.0,1,0.81765103,High Risk,0.0,0.4991964647568908,United Kingdom,SLATE TILE NATURAL HANGING
13491.0,0,0.020899396,Low Risk,1524.748431388739,7.253595709088582,United Kingdom,VICTORIAN GLASS HANGING T-LIGHT
13495.0,0,0.43213102,Medium Risk,600.3372852152456,1.4374444944230822,United Kingdom,PLACE SETTING WHITE HEART
13497.0,0,0.19071022,Low Risk,518.0779418871349,2.416798245095242,United Kingdom,12 PENCILS SMALL TUBE RED SPOTTY
13498.0,1,0.88035595,High Risk,0.0,0.3874400693028429,United Kingdom,ROTATING LEAVES T-LIGHT HOLDER
13501.0,1,0.49107847,Medium Risk,1983.2529053661349,1.715418774710177,Switzerland,ASSORTED SANSKRIT MINI NOTEBOOK
13502.0,0,0.32284924,Low Risk,0.0,0.835646291656766,United Kingdom,ROTATING SILVER ANGELS T-LIGHT HLDR
13503.0,1,0.11292985,Low Risk,670.7965981625453,2.4891706541025598,United Kingdom,12 PENCILS SMALL TUBE RED SPOTTY
13506.0,0,0.5866893,Medium Risk,0.0,0.0,United Kingdom,TRADITIONAL WOODEN CATCH CUP GAME 
13508.0,1,0.84094584,High Risk,0.0,0.5230241862181184,United Kingdom,"BROCADE PURSE,SMALL ARCH BUTTON"
13509.0,1,0.6841152,Medium Risk,0.0,0.0,United Kingdom,PARTY CONES CANDY ASSORTED
13510.0,0,0.22901405,Low Risk,1104.0308293884668,2.054044696708424,United Kingdom,PACK OF 12 SUKI TISSUES 
13511.0,1,0.78913575,High Risk,0.0,0.4607208390113535,United Kingdom, WHITE CHERRY LIGHTS
13512.0,0,0.42445296,Medium Risk,241.42228418089007,1.601294714090111,United Kingdom,VICTORIAN GLASS HANGING T-LIGHT
13513.0,0,0.6824844,Medium Risk,0.0,0.4973085447268378,United Kingdom,SET/3 VANILLA SCENTED CANDLE IN BOX
13514.0,0,0.51124877,Medium Risk,310.2684864175267,1.0397258302533299,United Kingdom,HANGING HEART JAR T-LIGHT HOLDER
13515.0,0,0.731319,High Risk,0.0,0.518896018407841,United Kingdom,WHITE HANGING HEART T-LIGHT HOLDER
13520.0,0,0.10386487,Low Risk,1389.3163830100677,2.030144411324994,Switzerland,RED TOADSTOOL LED NIGHT LIGHT
13526.0,1,0.7491311,High Risk,0.0,0.3785219817564457,United Kingdom,ASS COL LARGE SAND GECKO P'WEIGHT
13527.0,0,0.09748635,Low Risk,1253.8798411581727,2.269935671126995,United Kingdom,ASSORTED COLOUR BIRD ORNAMENT
13530.0,1,0.7964391,High Risk,0.0,0.5402160348884301,United Kingdom,PARTY CONES CANDY TREE DECORATION
13531.0,0,0.1844066,Low Risk,500.8347496568285,1.42507542114718,United Kingdom,JUMBO  BAG BAROQUE BLACK WHITE
13534.0,0,0.19731686,Low Risk,1020.7406148843755,5.215550258626151,United Kingdom,JUMBO BAG PINK VINTAGE PAISLEY
13538.0,0,0.40221488,Medium Risk,222.10087680931886,0.9984589397216118,United Kingdom,HEART DECORATION RUSTIC HANGING 
13539.0,0,0.39562252,Low Risk,689.6458245887104,2.46827368716988,United Kingdom,WRAP PINK FAIRY CAKES 
13540.0,1,0.447233,Medium Risk,377.5169430987955,1.166733849471742,United Kingdom,FILIGRIS HEART WITH BUTTERFLY
13541.0,0,0.3660517,Low Risk,0.0,0.73305025601635,United Kingdom,WHITE HANGING HEART T-LIGHT HOLDER
13542.0,0,0.050295066,Low Risk,1670.7825080761777,7.317786036612315,United Kingdom,JUMBO  BAG BAROQUE BLACK WHITE
13543.0,1,0.5136172,Medium Risk,1031.4482692440588,0.9949143722805784,United Kingdom,WHITE HANGING HEART T-LIGHT HOLDER
13544.0,0,0.19562475,Low Risk,239.92686224133877,1.1987939541240136,United Kingdom,REX CASH+CARRY JUMBO SHOPPER
13545.0,0,0.5919995,Medium Risk,0.0,0.8574711392407524,United Kingdom,ASSTD DESIGN BUBBLE GUM RING
13548.0,1,0.8058425,High Risk,0.0,0.0,United Kingdom,PACK OF 12 SUKI TISSUES 
13551.0,1,0.85093206,High Risk,0.0,0.4774470918159778,United Kingdom, RED/WHITE DOT MINI CASES
13552.0,0,0.048686963,Low Risk,1392.5499683748253,2.5167641815323645,United Kingdom,SET/10 PINK SPOTTY PARTY CANDLES
13553.0,1,0.645236,Medium Risk,0.0,0.46397158674080524,United Kingdom,ASSORTED FARMYARD ANIMALS IN BUCKET
13555.0,0,0.2949448,Low Risk,1189.8274580568905,2.2536000203217275,United Kingdom,HEART IVORY TRELLIS SMALL
13557.0,0,0.02060319,Low Risk,1029.350693503623,4.096110332670759,United Kingdom,STRAWBERRY CERAMIC TRINKET BOX
13559.0,1,0.30146354,Low Risk,1610.0722720737422,2.0003856658152688,United Kingdom,COLOUR GLASS. STAR T-LIGHT HOLDER
13561.0,0,0.1447454,Low Risk,809.3758841210462,4.001897901097023,United Kingdom,HANGING JAM JAR T-LIGHT HOLDER
13562.0,0,0.30250186,Low Risk,1192.959298567792,1.6221433335683229,United Kingdom,VINTAGE UNION JACK BUNTING
13564.0,0,0.016463967,Low Risk,5975.730095178433,9.231446852654923,United Kingdom,JUMBO  BAG BAROQUE BLACK WHITE
13566.0,0,0.31025878,Low Risk,422.03331413068673,1.2356297699803973,United Kingdom,ASSTD DESIGN BUBBLE GUM RING
13567.0,0,0.14389506,Low Risk,693.5402308469231,2.051454380978599,United Kingdom,POP ART PEN CASE & PENS
13571.0,0,0.06612528,Low Risk,1012.4845561006143,5.1557999659931,United Kingdom,SMALL POPCORN HOLDER
13573.0,0,0.4887582,Medium Risk,0.0,0.5336381217095351,United Kingdom,LARGE WHITE HONEYCOMB PAPER BELL  
13576.0,0,0.03908811,Low Risk,1978.9263732347308,4.09591078791932,United Kingdom,BLACK RECORD COVER FRAME
13577.0,0,0.08714285,Low Risk,562.3334476461854,2.5504083315278443,United Kingdom,JAPANESE CROCHETED ANIMAL
13579.0,0,0.30167338,Low Risk,458.1341117087255,1.1504329453268605,United Kingdom,PACK OF 12 RED SPOTTY TISSUES 
13582.0,0,0.46225387,Medium Risk,0.0,0.5807879842534002,United Kingdom,GUMBALL COAT RACK
13583.0,1,0.6186272,Medium Risk,0.0,0.4559293149669597,United Kingdom,BIRTHDAY BANQUET GIFT WRAP
13584.0,1,0.72175306,High Risk,322.17909665519915,1.081396897242576,United Kingdom,WRAP COWBOYS  
13585.0,1,0.63808066,Medium Risk,524.3667151161674,1.416442293807184,United Kingdom,BAG 125g SWIRLY MARBLES
13586.0,1,0.6815629,Medium Risk,0.0,0.8746040156777243,United Kingdom,KINGS CHOICE MUG
13587.0,0,0.69899607,Medium Risk,0.0,0.482704633464161,United Kingdom,JUMBO BAG RED RETROSPOT
13589.0,0,0.3749014,Low Risk,304.9152420974371,1.4371975439037814,United Kingdom,NATURAL SLATE HEART CHALKBOARD 
13590.0,0,0.035695042,Low Risk,964.1087521350984,2.4554241669153636,United Kingdom,SMALL PINK MAGIC CHRISTMAS TREE
13591.0,0,0.4034777,Medium Risk,486.87568884029264,1.4700922542104633,United Kingdom,60 CAKE CASES VINTAGE CHRISTMAS
13593.0,0,0.076447465,Low Risk,1992.6665037666112,4.033327882195205,United Kingdom,COLOUR GLASS T-LIGHT HOLDER HANGING
13594.0,1,0.78957385,High Risk,0.0,0.0,United Kingdom,RIBBON REEL SPOTS DESIGN 
13595.0,1,0.27569336,Low Risk,270.3261345862016,1.92782388019306,United Kingdom,COLOUR GLASS T-LIGHT HOLDER HANGING
13598.0,1,0.5781002,Medium Risk,349.5402906949511,1.8912917309032509,United Kingdom,WHITE HANGING HEART T-LIGHT HOLDER
13599.0,0,0.45310345,Medium Risk,1457.1887752201858,2.4536671443475155,United Kingdom,WHITE JEWELLED HEART DECORATION
13600.0,1,0.73834974,High Risk,0.0,0.5402160348884301,United Kingdom,WHITE BAMBOO RIBS LAMPSHADE
13601.0,0,0.3219193,Low Risk,0.0,0.846417847198847,United Kingdom,MINI HIGHLIGHTER PENS
13602.0,0,0.44605806,Medium Risk,0.0,0.7763726947134019,United Kingdom,MULTI COLOUR SILVER T-LIGHT HOLDER
13604.0,1,0.5973167,Medium Risk,0.0,0.4917295849902213,United Kingdom,JUMBO  BAG BAROQUE BLACK WHITE
13605.0,0,0.5570402,Medium Risk,0.0,0.7289827944259449,United Kingdom,12 COLOURED PARTY BALLOONS
13608.0,1,0.6618125,Medium Risk,0.0,0.8804683698321731,United Kingdom,ASSORTED SANSKRIT MINI NOTEBOOK
13609.0,1,0.6625385,Medium Risk,0.0,0.6496874343202717,United Kingdom,GROW YOUR OWN BASIL IN ENAMEL MUG
13610.0,0,0.09172301,Low Risk,328.4410166912488,2.7307109262652993,United Kingdom,ASSORTED FARMYARD ANIMALS IN BUCKET
13611.0,0,0.1825063,Low Risk,738.6155379297965,2.469969393511462,United Kingdom,60 TEATIME FAIRY CAKE CASES
13612.0,1,0.74100536,High Risk,0.0,0.5446922471660814,United Kingdom,PINK PAISLEY ROSE GIFT WRAP
13613.0,0,0.61474884,Medium Risk,214.81150280457345,1.0856069831284756,United Kingdom,60 TEATIME FAIRY CAKE CASES
13614.0,0,0.63261265,Medium Risk,0.0,0.8199940768413364,United Kingdom,COOK WITH WINE METAL SIGN 
13615.0,0,0.07384117,Low Risk,2209.2797968271966,2.3249215231608553,United Kingdom,MINI PAINT SET VINTAGE 
13616.0,1,0.71472716,High Risk,134.47570288174597,1.0125778914894419,United Kingdom,PACK OF 72 RETRO SPOT CAKE CASES
13617.0,0,0.47008434,Medium Risk,499.40411827497246,2.966204047705483,United Kingdom,S/15 SILVER GLASS BAUBLES IN BAG
13619.0,1,0.48656723,Medium Risk,167.7687364864507,1.0777435497891341,United Kingdom,CUBIC MUG PINK POLKA DOT
13620.0,1,0.7532207,High Risk,0.0,0.0,United Kingdom,GROW YOUR OWN PLANT IN A CAN 
13622.0,1,0.43623355,Medium Risk,0.0,0.43055658977677796,United Kingdom,"BROCADE PURSE,SMALL ARCH BUTTON"
13623.0,0,0.30829865,Low Risk,623.2432189845573,1.4201641464663415,United Kingdom,ASSTD DESIGN RACING CAR PEN
13625.0,1,0.71104264,High Risk,0.0,0.6401929720168921,United Kingdom,WHITE SPOT BLUE CERAMIC DRAWER KNOB
13627.0,1,0.67830193,Medium Risk,459.0815313597192,1.2342690020765659,United Kingdom,DOVE DECORATION PAINTED ZINC 
13628.0,1,0.8472385,High Risk,0.0,0.4607208390113535,United Kingdom,BABY BOOM RIBBONS 
13629.0,0,0.044622045,Low Risk,2442.643215378722,3.7546742110671496,United Kingdom,JUMBO BAG STRAWBERRY
13632.0,0,0.39426243,Low Risk,853.1547086495207,1.3542256163001452,United Kingdom,WHITE HANGING HEART T-LIGHT HOLDER
13634.0,0,0.2667133,Low Risk,1327.0734412240736,3.360559124858512,United Kingdom,ASSORTED COLOUR BIRD ORNAMENT
13635.0,0,0.25722906,Low Risk,393.96134895385427,0.7763137042376401,United Kingdom,WHITE HANGING HEART T-LIGHT HOLDER
13640.0,1,0.78025603,High Risk,0.0,0.5966039307669384,United Kingdom,PINK 3 PIECE MINI DOTS CUTLERY SET
13641.0,1,0.591529,Medium Risk,549.3839950278257,1.9493847906064452,United Kingdom,POSY SHOPPER BAG
13643.0,0,0.36038283,Low Risk,265.0563780092083,1.9762838699903014,United Kingdom,12 PENCILS TALL TUBE RED RETROSPOT
13647.0,1,0.3639076,Low Risk,1375.3641332697277,2.3198399971200665,United Kingdom,60 TEATIME FAIRY CAKE CASES
13648.0,0,0.081365086,Low Risk,735.069492145431,2.455749276377693,United Kingdom,WHITE CHRISTMAS HEART DECORATION
13649.0,0,0.331653,Low Risk,836.6093670320188,3.619238127240708,United Kingdom,ANGEL DECORATION 3 BUTTONS 
13650.0,0,0.6218043,Medium Risk,592.0974079605727,1.689074229919942,United Kingdom,PACK OF 60 PINK PAISLEY CAKE CASES
13652.0,0,0.660516,Medium Risk,0.0,0.5030156797443815,United Kingdom,PACK OF 12 RED SPOTTY TISSUES 
13653.0,1,0.7158614,High Risk,0.0,0.0,United Kingdom,HEART OF WICKER SMALL
13654.0,0,0.2975263,Low Risk,457.00487978098386,1.421199476060145,United Kingdom,12 PENCILS SMALL TUBE RED RETROSPOT
13655.0,0,0.6385278,Medium Risk,107.03378653357287,1.4431613989010854,United Kingdom,FUNKY DIVA PEN
13656.0,1,0.5038296,Medium Risk,688.3068663065774,1.502592696696528,United Kingdom,WHITE HANGING HEART T-LIGHT HOLDER
13658.0,0,0.07683891,Low Risk,1656.3019951625847,1.7499227727884903,United Kingdom,JUMBO STORAGE BAG SKULLS
13659.0,0,0.12555723,Low Risk,1980.127780711389,5.177264925090128,United Kingdom,HANGING HEART JAR T-LIGHT HOLDER
13661.0,1,0.8261761,High Risk,0.0,0.6190840091617155,United Kingdom,BOMBS AWAY METAL SIGN
13662.0,0,0.45421383,Medium Risk,599.7165365483321,1.1437660216067254,United Kingdom,BIRTHDAY BANQUET GIFT WRAP
13663.0,0,0.6029544,Medium Risk,0.0,0.514832571831334,United Kingdom,CHRISTMAS METAL TAGS ASSORTED 
13665.0,0,0.30733502,Low Risk,0.0,0.0,United Kingdom,TEATIME ROUND PENCIL SHARPENER 
13666.0,0,0.6197875,Medium Risk,0.0,0.38181769715119207,United Kingdom,COFFEE MUG CAT + BIRD DESIGN
13668.0,0,0.0707597,Low Risk,2694.642626094766,5.735914283604408,United Kingdom,FLAG OF ST GEORGE CAR FLAG
13672.0,1,0.75677997,High Risk,0.0,0.3874400693028429,United Kingdom,HANGING RIDGE GLASS T-LIGHT HOLDER
13676.0,1,0.493559,Medium Risk,192.85961271919146,1.3334676800939338,United Kingdom,AGED GLASS SILVER T-LIGHT HOLDER
13677.0,0,0.16186538,Low Risk,0.0,0.0,United Kingdom,LETTER SHAPE PENCIL SHARPENER
13679.0,1,0.9036288,High Risk,123.8594785690821,1.4292720863501878,United Kingdom,WHITE JEWELLED HEART DECORATION
13680.0,1,0.52455753,Medium Risk,4203.3208835599025,4.048261913708209,United Kingdom,PINK 3 PIECE MINI DOTS CUTLERY SET
13683.0,1,0.69100165,Medium Risk,0.0,0.0,United Kingdom,PARTY CONE CHRISTMAS DECORATION 
13684.0,0,0.29958695,Low Risk,333.8700739584332,1.3106273370681623,United Kingdom,SQUARE MIRROR CURTAIN
13688.0,1,0.8084094,High Risk,0.0,0.538005433450283,United Kingdom,TOY TIDY PINK RETROSPOT  
13693.0,0,0.0799373,Low Risk,735.1453235773073,3.5555734397290815,United Kingdom,PLACE SETTING WHITE HEART
13694.0,0,0.061173305,Low Risk,59954.945799453206,21.853635421194337,United Kingdom,SCENTED VELVET LOUNGE CANDLE 
13695.0,1,0.7629399,High Risk,0.0,0.7054965367821219,United Kingdom,PAINTED METAL PEARS ASSORTED
13696.0,0,0.3321249,Low Risk,1435.6621443434165,1.0921723995084192,United Kingdom,VINTAGE UNION JACK BUNTING
13698.0,1,0.5609788,Medium Risk,340.84150841129394,1.0367163951520415,United Kingdom,DINOSAUR KEYRINGS ASSORTED
13699.0,1,0.68854433,Medium Risk,0.0,0.8251458288756056,United Kingdom,KINGS CHOICE CIGAR BOX MATCHES 
13700.0,0,0.50202996,Medium Risk,36.61102883199254,0.9768449011761312,United Kingdom,WRAP CHRISTMAS VILLAGE
13705.0,0,0.16148873,Low Risk,511.36041430256324,2.110167598557209,United Kingdom,COLOUR GLASS T-LIGHT HOLDER HANGING
13706.0,1,0.6986506,Medium Risk,0.0,0.5585778164508538,United Kingdom,"DECORATION , WOBBLY CHICKEN, METAL "
13707.0,0,0.5339975,Medium Risk,0.0,0.9047351352785842,United Kingdom,MINI PAINT SET VINTAGE 
13709.0,0,0.4368386,Medium Risk,412.0899862601832,1.6057330503474248,United Kingdom,CHRISTMAS TREE HEART DECORATION
13710.0,0,0.6514104,Medium Risk,0.0,0.5939083220343585,United Kingdom,BOYS VINTAGE TIN SEASIDE BUCKET
13711.0,0,0.25264144,Low Risk,793.5189812729458,3.094192927038683,United Kingdom,SMALL STRIPES CHOCOLATE GIFT BAG 
13712.0,1,0.7163039,High Risk,0.0,0.5993241490614548,United Kingdom,GIRLS ALPHABET IRON ON PATCHES 
13713.0,0,0.11996856,Low Risk,669.4822770373825,1.6033677823503245,United Kingdom,METAL 4 HOOK HANGER FRENCH CHATEAU
13714.0,1,0.5106663,Medium Risk,0.0,0.0,United Kingdom,36 PENCILS TUBE RED SPOTTY
13715.0,0,0.06605909,Low Risk,3773.9148658280274,7.099072251674066,United Kingdom,STRAWBERRY CERAMIC TRINKET BOX
13717.0,1,0.6044571,Medium Risk,565.5740354625796,3.2846871232127963,United Kingdom,WORLD WAR 2 GLIDERS ASSTD DESIGNS
13719.0,0,0.14418413,Low Risk,1089.9209423630916,4.737065887699191,United Kingdom,EMPIRE GIFT WRAP
13722.0,0,0.13830973,Low Risk,1789.65351095381,1.2035046562805456,United Kingdom,WORLD WAR 2 GLIDERS ASSTD DESIGNS
13723.0,0,0.49976766,Medium Risk,172.60219914901606,1.3683940275369735,United Kingdom,WHITE CHRISTMAS STAR DECORATION
13724.0,1,0.7120162,High Risk,0.0,0.5336381217095351,United Kingdom,ASSTD FRUIT+FLOWERS FRIDGE MAGNETS
13727.0,1,0.72905374,High Risk,429.5908372286878,1.9771055537849145,United Kingdom,SMALL SPOTTY CHOCOLATE GIFT BAG 
13728.0,0,0.09636173,Low Risk,828.3943075183373,4.108184012128361,United Kingdom,60 TEATIME FAIRY CAKE CASES
13729.0,0,0.6609009,Medium Risk,0.0,0.44816133632148825,United Kingdom,EASTER BUNNIES ON A STICK
13733.0,0,0.7107992,High Risk,0.0,0.38181769715119207,United Kingdom,HEART DECORATION RUSTIC HANGING 
13734.0,1,0.4863313,Medium Risk,8199.057828178702,2.33022883207578,United Kingdom,SET/4 WHITE RETRO STORAGE CUBES 
13735.0,0,0.056232955,Low Risk,2031.7827021002404,3.080374642803554,United Kingdom,ASSORTED COLOUR BIRD ORNAMENT
13736.0,0,0.15382822,Low Risk,828.9761830661022,1.4379217901767305,United Kingdom,60 TEATIME FAIRY CAKE CASES
13739.0,1,0.83420277,High Risk,0.0,0.0,United Kingdom,BLACK RECORD COVER FRAME
13740.0,0,0.25290993,Low Risk,485.70767896770644,1.4208773590924144,United Kingdom,SWEETHEART CERAMIC TRINKET BOX
13745.0,1,0.6878594,Medium Risk,0.0,0.846417847198847,United Kingdom,BROCADE RING PURSE 
13748.0,0,0.6487386,Medium Risk,0.0,0.3785219817564457,United Kingdom,PAPER CHAIN KIT 50'S CHRISTMAS 
13750.0,0,0.33150566,Low Risk,749.2942505081004,2.173220768087797,United Kingdom,BLACK RECORD COVER FRAME
13752.0,1,0.7748579,High Risk,0.0,0.0,United Kingdom,AGED GLASS SILVER T-LIGHT HOLDER
13753.0,1,0.67076147,Medium Risk,557.3495356828562,1.4227154325713742,United Kingdom,PARTY CONES CANDY TREE DECORATION
13756.0,0,0.09074518,Low Risk,698.9921226892702,2.558096549983432,United Kingdom,HAND WARMER BIRD DESIGN
13757.0,1,0.7668229,High Risk,0.0,0.46397158674080524,United Kingdom,SKULLS WRAP
13758.0,0,0.19072789,Low Risk,1724.052772949113,2.451442532867876,United Kingdom,PAPER CHAIN KIT 50'S CHRISTMAS 
13760.0,0,0.4415705,Medium Risk,691.1743562160738,1.5022105301780646,United Kingdom,REGENCY CAKESTAND 3 TIER
13761.0,1,0.35330874,Low Risk,582.9816063878394,1.855435583768973,United Kingdom,10 COLOUR SPACEBOY PEN
13762.0,1,0.6980595,Medium Risk,1331.4254115778413,2.1838228565242797,United Kingdom,STRAWBERRY CERAMIC TRINKET BOX
13764.0,1,0.2538639,Low Risk,681.8445648872738,1.2022875000222528,United Kingdom,ASSTD DESIGN BUBBLE GUM RING
13765.0,1,0.73107415,High Risk,0.0,0.501098787909359,United Kingdom,ASSORTED INCENSE PACK
13766.0,1,0.69465953,Medium Risk,0.0,0.0,United Kingdom,PACK OF 12 TRADITIONAL CRAYONS
13767.0,0,0.019492833,Low Risk,4389.429948297136,8.685384251227092,United Kingdom,ASSORTED COLOUR BIRD ORNAMENT
13768.0,1,0.79052705,High Risk,337.07114191111714,0.7715851723923061,United Kingdom,60 GOLD AND SILVER FAIRY CAKE CASES
13769.0,0,0.026152836,Low Risk,1130.7846498406336,3.6522096645499973,United Kingdom,COLOUR GLASS. STAR T-LIGHT HOLDER
13770.0,0,0.2521028,Low Risk,99.59915678028916,0.8768894571754458,United Kingdom,HAND WARMER UNION JACK
13771.0,1,0.58188117,Medium Risk,2030.2541348371485,2.5733095643356636,United Kingdom,RAIN PONCHO 
13772.0,0,0.23277816,Low Risk,550.5765018248926,1.869296539899288,United Kingdom,WRAP CHRISTMAS VILLAGE
13773.0,0,0.77185065,High Risk,0.0,0.4898976711514225,United Kingdom,CLEAR DRAWER KNOB ACRYLIC EDWARDIAN
13775.0,1,0.7289897,High Risk,0.0,0.6594681147764587,United Kingdom,60 TEATIME FAIRY CAKE CASES
13777.0,0,0.015907034,Low Risk,2782.0930866037857,8.189921311532533,United Kingdom,RED WOOLLY HOTTIE WHITE HEART.
13778.0,1,0.4016197,Medium Risk,924.6152209343156,2.827049994018267,United Kingdom,PINK CREAM FELT CRAFT TRINKET BOX 
13779.0,1,0.6121389,Medium Risk,0.0,0.0,United Kingdom,ZINC FINISH 15CM PLANTER POTS
13781.0,1,0.59286314,Medium Risk,378.6232066420855,0.9176535364552458,United Kingdom,PARTY CONE CHRISTMAS DECORATION 
13782.0,0,0.3769513,Low Risk,377.0640566962683,3.018235419340754,United Kingdom,PEARL CRYSTAL PUMPKIN T-LIGHT HLDR
13783.0,1,0.19471633,Low Risk,891.66662737527,2.383037935252328,United Kingdom,INLAID WOOD INCENSE HOLDER
13785.0,0,0.43410704,Medium Risk,1277.9694382332816,4.47610109073793,United Kingdom,PACK OF 72 RETRO SPOT CAKE CASES
13786.0,0,0.32270104,Low Risk,1055.718709754807,1.9448292863936616,United Kingdom,WHITE HANGING HEART T-LIGHT HOLDER
13787.0,1,0.49820817,Medium Risk,591.1434790516923,2.218074185382417,United Kingdom,HEART T-LIGHT HOLDER
13788.0,1,0.8370607,High Risk,0.0,0.0,United Kingdom,SET/3 RED GINGHAM ROSE STORAGE BOX
13793.0,1,0.82646245,High Risk,0.0,0.514832571831334,United Kingdom,PARTY CONES CANDY ASSORTED
13794.0,1,0.81703186,High Risk,0.0,0.846417847198847,United Kingdom,HANGING HEART JAR T-LIGHT HOLDER
13795.0,0,0.36179876,Low Risk,322.6844877569125,1.2461893508262112,United Kingdom,60 TEATIME FAIRY CAKE CASES
13796.0,1,0.64807665,Medium Risk,0.0,0.0,United Kingdom,60 TEATIME FAIRY CAKE CASES
13797.0,0,0.48093843,Medium Risk,452.39387456585837,1.1803042479660077,United Kingdom,TEA PARTY BIRTHDAY CARD
13798.0,0,0.015351676,Low Risk,14778.331455298077,17.872295615460715,United Kingdom,SWEETHEART CERAMIC TRINKET BOX
13799.0,0,0.11373826,Low Risk,1222.8552102134076,4.081366718615358,United Kingdom,HANGING JAM JAR T-LIGHT HOLDER
13800.0,0,0.52737665,Medium Risk,0.0,0.38071276227821854,United Kingdom,COSY HOUR CIGAR BOX MATCHES 
13802.0,0,0.06875754,Low Risk,11552.806981139065,7.8282374551300595,United Kingdom,JUMBO BAG RED RETROSPOT
13803.0,0,0.65322274,Medium Risk,0.0,0.5782332510400658,United Kingdom,PLACE SETTING WHITE HEART
13807.0,0,0.3093247,Low Risk,220.3148173154793,0.8848270074328209,United Kingdom,WHITE HANGING HEART T-LIGHT HOLDER
13809.0,0,0.8604787,High Risk,0.0,0.0,Cyprus,HANGING PHOTO CLIP ROPE LADDER
13813.0,1,0.58899194,Medium Risk,778.2122978925022,1.9641347426582416,Germany,RED SPOTS  WRAP 
13814.0,1,0.7356102,High Risk,0.0,0.0,Germany,SANDALWOOD FAN
13815.0,0,0.17159583,Low Risk,1789.3910547971666,1.7950605002973512,Germany,GIRLS ALPHABET IRON ON PATCHES 
13819.0,1,0.6985024,Medium Risk,681.2905921935849,1.406864287422639,United Kingdom,PACK OF 72 RETRO SPOT CAKE CASES
13820.0,0,0.5621307,Medium Risk,198.0124003194115,1.0019364766913148,United Kingdom,"DECORATION, HANGING HEART+MIRROR "
13821.0,0,0.37246534,Low Risk,319.58603723219977,1.5282189469080758,United Kingdom,CROCHET BEAR WITH BLUE STRIPES
13823.0,0,0.12106778,Low Risk,1101.6131800648993,2.017833657543808,United Kingdom,LADIES & GENTLEMEN METAL SIGN
13824.0,0,0.2227287,Low Risk,930.2568202709155,3.465234388086158,United Kingdom,PARTY BUNTING
13825.0,1,0.6757609,Medium Risk,124.57550429456471,0.886387207680868,United Kingdom,CHRISTMAS CARD STACK OF PRESENTS
13830.0,1,0.78989893,High Risk,0.0,0.6906631232847503,United Kingdom,BATHROOM METAL SIGN
13831.0,0,0.09476935,Low Risk,1429.0875895820195,5.7174471321520794,United Kingdom,WHITE HANGING HEART T-LIGHT HOLDER
13834.0,1,0.7076919,High Risk,165.37798016268817,1.0874638833369175,United Kingdom,JASMINE VOTIVE CANDLE
13835.0,1,0.9224912,High Risk,148.3967241858727,1.9353105365150889,United Kingdom,CITRONELLA CANDLE GARDEN POT
13838.0,0,0.3739214,Low Risk,0.0,0.6980009301584514,United Kingdom,HAIRCLIPS FORTIES FABRIC ASSORTED
13839.0,1,0.72577846,High Risk,0.0,0.0,United Kingdom,EDWARDIAN PARASOL NATURAL
13842.0,0,0.19327706,Low Risk,589.6364168035179,3.156911928162167,United Kingdom,COLOUR GLASS T-LIGHT HOLDER HANGING
13847.0,1,0.6262211,Medium Risk,0.0,0.4004121452833612,United Kingdom,36 PENCILS TUBE RED SPOTTY
13848.0,0,0.11664196,Low Risk,676.2834002702525,1.9822352802730128,United Kingdom,SMALL CHINESE STYLE SCISSOR
13849.0,0,0.7160262,High Risk,0.0,0.5633651887229109,United Kingdom,SMALLFOLKART BAUBLE CHRISTMAS DEC
13851.0,0,0.74391276,High Risk,0.0,0.4559293149669597,United Kingdom,HAND WARMER OWL DESIGN
13852.0,1,0.76746905,High Risk,0.0,0.5993241490614548,United Kingdom,ASSORTED COLOURS SILK FAN
13854.0,0,0.32517308,Low Risk,1145.1387513303011,3.9205822805091275,United Kingdom,ASSORTED COLOUR BIRD ORNAMENT
13855.0,1,0.18184924,Low Risk,700.0049879673167,1.9761163998756217,United Kingdom,ASSORTED COLOUR BIRD ORNAMENT
13856.0,1,0.8312562,High Risk,581.6404609275068,6.110544465234051,United Kingdom,MOROCCAN TEA GLASS
13857.0,0,0.29395005,Low Risk,392.60555059227573,1.705276260241124,United Kingdom,SET OF 20 VINTAGE CHRISTMAS NAPKINS
13859.0,1,0.82336134,High Risk,0.0,0.0,United Kingdom,REGENCY CAKESTAND 3 TIER
13861.0,0,0.86413246,High Risk,0.0,0.9437557509843948,United Kingdom,SKULLS AND CROSSBONES WRAP
13863.0,1,0.21809566,Low Risk,844.8970918521909,2.4356739511540284,United Kingdom,HEART IVORY TRELLIS SMALL
13869.0,0,0.036505714,Low Risk,1798.4203652228114,2.239833357897969,United Kingdom,STRAWBRY SCENTED VOTIVE CANDLE
13870.0,0,0.26132306,Low Risk,1192.921172577621,1.7691129535159371,United Kingdom,PARTY BUNTING
13871.0,0,0.4473687,Medium Risk,503.849988584554,1.4980658009118106,United Kingdom,VICTORIAN GLASS HANGING T-LIGHT
13872.0,1,0.50323594,Medium Risk,541.2930000610983,1.4716200860823103,United Kingdom,FAIRY CAKE CANDLES
13873.0,0,0.33124882,Low Risk,167.4159377233846,1.1818254745154864,United Kingdom,FOLKART BAUBLE CHRISTMAS DECORATION
13874.0,1,0.3692172,Low Risk,1033.3566003769133,3.6603932599281723,United Kingdom,WHITE HANGING HEART T-LIGHT HOLDER
13875.0,0,0.0296493,Low Risk,1613.445719657749,3.6632811598846593,United Kingdom,JUMBO STORAGE BAG SUKI
13877.0,1,0.822897,High Risk,227.1761083896171,1.033388331981264,United Kingdom,SMALLFOLKART BAUBLE CHRISTMAS DEC
13878.0,1,0.45229313,Medium Risk,717.5823843579055,2.3050144827874033,United Kingdom,RAIN PONCHO 
13879.0,1,0.6641604,Medium Risk,0.0,0.5168563005280814,United Kingdom,MOROCCAN TEA GLASS
13880.0,0,0.5293217,Medium Risk,265.18424291877255,1.795295225718581,United Kingdom,CHRISTMAS GINGHAM HEART
13881.0,0,0.06759739,Low Risk,10178.19090364652,6.19293504099795,United Kingdom,PIG KEYRING WITH LIGHT & SOUND 
13883.0,0,0.43204072,Medium Risk,1074.0255617954408,2.503987917587571,United Kingdom,PACK OF 72 RETRO SPOT CAKE CASES
13884.0,0,0.39355612,Low Risk,0.0,0.0,United Kingdom,VICTORIAN GLASS HANGING T-LIGHT
13888.0,0,0.10654167,Low Risk,1278.29213865917,1.6663912059925927,United Kingdom,HEART FILIGREE DOVE  SMALL
13889.0,0,0.22034775,Low Risk,743.6292786103103,1.6671049720062732,United Kingdom,"DECORATION, HANGING HEART+MIRROR "
13890.0,0,0.45033368,Medium Risk,409.45973078380473,1.4358721047217786,United Kingdom,POTTING SHED TEA MUG
13891.0,0,0.67243665,Medium Risk,0.0,0.687051844617036,United Kingdom,PACK OF 60 PINK PAISLEY CAKE CASES
13892.0,1,0.7417158,High Risk,229.26639123087486,1.6715341726379402,United Kingdom,SILVER GLITTER FLOWER VOTIVE HOLDER
13895.0,1,0.6744501,Medium Risk,634.3683384777622,0.8894008904860604,United Kingdom,COLOUR GLASS T-LIGHT HOLDER HANGING
13896.0,1,0.74520797,High Risk,0.0,0.5609612774510851,United Kingdom,"METAL SIGN,CUPCAKE SINGLE HOOK"
13897.0,0,0.42241758,Medium Risk,0.0,0.45911250296442674,United Kingdom,PACK OF 12 HEARTS DESIGN TISSUES 
13900.0,0,0.40358943,Medium Risk,520.2878528866486,1.315644395363827,United Kingdom,RETRO COFFEE MUGS ASSORTED
13901.0,0,0.059174757,Low Risk,1536.7853242048257,3.3087290058890537,United Kingdom,PINK FEATHER CHRISTMAS DECORATION
13902.0,1,0.6128888,Medium Risk,22373.062419963244,2.541385906310532,Denmark,BLACK AND WHITE PAISLEY FLOWER MUG
13905.0,1,0.86777174,High Risk,0.0,0.38517135175621425,United Kingdom,BLUE SCANDINAVIAN PAISLEY WRAP
13907.0,1,0.7499714,High Risk,0.0,0.43772086888741985,United Kingdom,RED METAL BEACH SPADE 
13909.0,0,0.69506776,Medium Risk,0.0,0.0,United Kingdom,ASSTD DESIGN BUBBLE GUM RING
13911.0,0,0.22955339,Low Risk,978.5650147170202,6.121033055803746,United Kingdom,ASSORTED COLOURS SILK FAN
13913.0,1,0.8881219,High Risk,0.0,0.0,United Kingdom,ASSORTED COLOUR BIRD ORNAMENT
13916.0,1,0.61931586,Medium Risk,766.608204636376,2.366557666060224,United Kingdom,PENS ASSORTED FUNNY FACE
13919.0,0,0.47312224,Medium Risk,0.0,0.8804683698321731,Denmark,MAGIC DRAWING SLATE BAKE A CAKE 
13920.0,0,0.07550515,Low Risk,1191.4361941370253,1.793770443505325,United Kingdom,SMALLFOLKART BAUBLE CHRISTMAS DEC
13921.0,0,0.40580893,Medium Risk,281.01003418819516,0.9268008604193091,United Kingdom,LOVE BUILDING BLOCK WORD
13922.0,0,0.60025406,Medium Risk,0.0,0.0,United Kingdom,SET OF 20 VINTAGE CHRISTMAS NAPKINS
13929.0,0,0.122339524,Low Risk,1290.1749382524902,2.8123750468281004,United Kingdom,PLACE SETTING WHITE HEART
13931.0,0,0.19860464,Low Risk,1283.4937248536487,1.9478435805315681,United Kingdom,BOYS ALPHABET IRON ON PATCHES
13935.0,1,0.56939197,Medium Risk,3909.185043823182,1.8766913808489127,United Kingdom,PAINTED METAL PEARS ASSORTED
13939.0,0,0.3534992,Low Risk,353.34267396369114,2.2236488620199237,United Kingdom,ASSTD DESIGN BUBBLE GUM RING
13941.0,0,0.177438,Low Risk,1884.5681306668168,3.1072718349621296,United Kingdom,CHILLI LIGHTS
13942.0,1,0.89589024,High Risk,0.0,0.9173779310043912,United Kingdom,SMALL CHINESE STYLE SCISSOR
13943.0,1,0.7881917,High Risk,0.0,0.7054965367821219,United Kingdom,BEADED CRYSTAL HEART GREEN SMALL
13944.0,1,0.65578854,Medium Risk,0.0,0.501098787909359,United Kingdom,BROCADE RING PURSE 
13945.0,0,0.57757777,Medium Risk,0.0,0.0,United Kingdom,PAPER CHAIN KIT 50'S CHRISTMAS 
13946.0,0,0.44892558,Medium Risk,511.0415119132556,0.8698790442240331,United Kingdom,CHINESE DRAGON PAPER LANTERNS
13948.0,0,0.2521028,Low Risk,115.59843928482186,0.8640440816857093,United Kingdom,STRAWBERRY CERAMIC TRINKET BOX
13952.0,0,0.06182519,Low Risk,3942.9698302750953,3.1088445048024,United Kingdom,STRAWBERRY CERAMIC TRINKET BOX
13953.0,0,0.12619424,Low Risk,1502.6131387745697,1.9938357207664743,United Kingdom,SOMBRERO 
13957.0,0,0.32629463,Low Risk,219.26594145754558,1.1319860901065375,United Kingdom,HEART FILIGREE DOVE LARGE
13958.0,0,0.09055669,Low Risk,2174.3934149736283,1.95867646720759,United Kingdom,FAIRY CAKE CANDLES
13959.0,0,0.34075248,Low Risk,0.0,0.0,United Kingdom,CRYSTAL FROG PHONE CHARM
13963.0,0,0.057392463,Low Risk,798.3301255753139,6.763934797848355,United Kingdom,SMALLFOLKART BAUBLE CHRISTMAS DEC
13965.0,1,0.5819093,Medium Risk,355.86879294645064,1.5761402521353138,United Kingdom,T-LIGHT HOLDER HANGING LACE
13969.0,0,0.12831782,Low Risk,1615.4377867197095,7.5264076840933765,United Kingdom,ASSTD DESIGN BUBBLE GUM RING
13971.0,0,0.15812969,Low Risk,964.2480203309368,2.9286558654710864,United Kingdom,72 SWEETHEART FAIRY CAKE CASES
13974.0,1,0.80496216,High Risk,0.0,0.687051844617036,United Kingdom,UNION JACK FLAG LUGGAGE TAG
13975.0,0,0.3271381,Low Risk,817.7346336174306,1.729853149336359,United Kingdom,BROCADE RING PURSE 
13976.0,1,0.18222712,Low Risk,547.3285682362365,1.7749378747582527,United Kingdom,COLOUR GLASS T-LIGHT HOLDER HANGING
13979.0,0,0.20978871,Low Risk,752.6434957017582,1.9455493829265154,United Kingdom,DINOSAUR KEYRINGS ASSORTED
13980.0,0,0.27478206,Low Risk,85.51045203309656,1.8557385314342802,United Kingdom,BEADED PEARL HEART WHITE ON STICK
13982.0,0,0.0961797,Low Risk,985.2581618536772,2.8690454663669165,United Kingdom,WHITE HANGING HEART T-LIGHT HOLDER
13983.0,0,0.012649486,Low Risk,2127.2964717402183,4.10816374274511,United Kingdom,HANGING JAM JAR T-LIGHT HOLDER
13984.0,0,0.23800462,Low Risk,268.6343336657057,1.9704007809360742,United Kingdom,WHITE TALL PORCELAIN T-LIGHT HOLDER
13985.0,0,0.52506655,Medium Risk,495.1574611703602,1.0959435614615984,United Kingdom,ASSTD DESIGN BUBBLE GUM RING
13988.0,0,0.7021441,High Risk,0.0,0.5609612774510851,United Kingdom,HANGING METAL HEART LANTERN
13989.0,1,0.37341246,Low Risk,630.328311088693,2.8611733685307064,United Kingdom,ASSTD DESIGN BUBBLE GUM RING
13992.0,0,0.64675814,Medium Risk,0.0,0.0,United Kingdom,RETROSPOT CHILDRENS APRON
13993.0,0,0.069358096,Low Risk,953.6781233538499,2.9921608673090287,United Kingdom,BLUE STRIPE CERAMIC DRAWER KNOB
13995.0,0,0.080632016,Low Risk,945.7000845419572,3.6742757343050494,United Kingdom,PACK OF 12 SUKI TISSUES 
13997.0,1,0.58961415,Medium Risk,547.4492339808804,1.9081253006806442,United Kingdom,HANGING JAM JAR T-LIGHT HOLDER
13998.0,0,0.3030192,Low Risk,37.03748030388665,1.6505057798482876,United Kingdom,3D TRADITIONAL CHRISTMAS STICKERS
13999.0,0,0.009421713,Low Risk,2421.800977893341,7.2115755083805935,United Kingdom,72 SWEETHEART FAIRY CAKE CASES
14000.0,0,0.3149674,Low Risk,778.531074448716,1.4209224885140206,United Kingdom,MOROCCAN TEA GLASS
14001.0,0,0.44775394,Medium Risk,1423.362651384098,3.0173662906657865,United Kingdom,ANTIQUE LILY FAIRY LIGHTS
14003.0,1,0.83327156,High Risk,0.0,0.38517135175621425,United Kingdom, ANIMAL STICKERS
14006.0,1,0.57421947,Medium Risk,826.8463618205662,2.5735835348476286,United Kingdom,60 TEATIME FAIRY CAKE CASES
14007.0,1,0.8051942,High Risk,0.0,0.0,United Kingdom,SCENTED CANDLE IN DIGITALIS TIN
14009.0,1,0.6852224,Medium Risk,0.0,0.0,United Kingdom,PACK OF 12 BLUE PAISLEY TISSUES 
14010.0,1,0.7644449,High Risk,0.0,0.7540889284243036,United Kingdom,6 RIBBONS RUSTIC CHARM
14011.0,1,0.5868056,Medium Risk,292.0476040000674,1.42375551586754,United Kingdom,MAGIC DRAWING SLATE CIRCUS PARADE  
14013.0,0,0.7127899,High Risk,0.0,0.565789814775177,United Kingdom,PACK OF 72 RETRO SPOT CAKE CASES
14014.0,0,0.6006039,Medium Risk,0.0,0.7093051154682692,United Kingdom,PACK OF 12 RED SPOTTY TISSUES 
14016.0,0,0.23841915,Low Risk,3347.184493920301,3.341036765921027,EIRE,HANGING JAM JAR T-LIGHT HOLDER
14017.0,1,0.622686,Medium Risk,0.0,0.7289827944259449,United Kingdom,BOMBS AWAY METAL SIGN
14018.0,1,0.81029624,High Risk,0.0,0.5168563005280814,United Kingdom,FROSTED BOX 9 WHITE T-LIGHT CANDLES
14020.0,1,0.74783045,High Risk,824.4960981612458,2.2276039162436967,United Kingdom,CERAMIC STRAWBERRY CAKE MONEY BANK
14021.0,0,0.49556282,Medium Risk,333.02968573025305,1.5055966804472625,United Kingdom,FUNKY DIVA PEN
14022.0,1,0.7126149,High Risk,0.0,0.0,United Kingdom,BOX OF 24 COCKTAIL PARASOLS
14025.0,1,0.10656455,Low Risk,4071.1878725729243,7.257894439965154,United Kingdom,GARDENERS KNEELING PAD
14026.0,1,0.7523545,High Risk,527.0268074930822,1.3158970185128487,United Kingdom,"METAL SIGN,CUPCAKE SINGLE HOOK"
14028.0,1,0.79505825,High Risk,0.0,0.8251458288756056,United Kingdom,LUNCH BAG  BLACK SKULL.
14030.0,0,0.21398222,Low Risk,1616.960060520736,2.515524042409911,United Kingdom,ZINC FINISH 15CM PLANTER POTS
14031.0,0,0.014709266,Low Risk,7370.15717887662,8.735850949782503,United Kingdom,RETRO COFFEE MUGS ASSORTED
14032.0,0,0.10613298,Low Risk,654.7000966471743,2.0119879765523434,United Kingdom,WORLD WAR 2 GLIDERS ASSTD DESIGNS
14033.0,1,0.83014816,High Risk,0.0,0.8000155451167765,United Kingdom,FENG SHUI PILLAR CANDLE
14035.0,0,0.57092047,Medium Risk,314.7830370259168,1.3554029695769885,United Kingdom,ASSORTED COLOUR BIRD ORNAMENT
14037.0,1,0.67310345,Medium Risk,331.4366091006176,1.9705499571676122,United Kingdom,HEART T-LIGHT HOLDER
14038.0,0,0.5409684,Medium Risk,0.0,0.4656142400749432,United Kingdom,JUMBO  BAG BAROQUE BLACK WHITE
14039.0,1,0.75253004,High Risk,0.0,0.713155092519382,United Kingdom,STRAWBERRY CERAMIC TRINKET BOX
14040.0,0,0.02586233,Low Risk,3267.110521083617,8.166483718704665,United Kingdom,ANTIQUE SILVER TEA GLASS ETCHED
14042.0,1,0.79350203,High Risk,0.0,0.3932306320164019,United Kingdom,VINTAGE SNAKES & LADDERS
14043.0,1,0.8909702,High Risk,156.6052262513552,0.9097091762296609,United Kingdom,DISCO BALL CHRISTMAS DECORATION
14044.0,0,0.07896541,Low Risk,798.6283284260365,2.293522068867219,United Kingdom,BOYS ALPHABET IRON ON PATCHES
14045.0,0,0.06582669,Low Risk,4591.494335122857,5.090347109456575,United Kingdom,SET/5 RED SPOTTY LID GLASS BOWLS
14047.0,0,0.067909345,Low Risk,985.8893033009542,2.3580537209844463,United Kingdom,WORLD WAR 2 GLIDERS ASSTD DESIGNS
14049.0,0,0.28008753,Low Risk,3884.2077710202275,2.9739482762963423,United Kingdom,WORLD WAR 2 GLIDERS ASSTD DESIGNS
14051.0,0,0.059579916,Low Risk,1649.58123847635,4.036361681073628,United Kingdom,HOME SWEET HOME MUG
14053.0,0,0.5281806,Medium Risk,0.0,0.0,United Kingdom,COLOURING PENCILS BROWN TUBE
14055.0,1,0.597438,Medium Risk,582.5408103406429,0.9155112457860188,United Kingdom,WHITE CHRISTMAS TREE DECORATION 
14057.0,0,0.12411516,Low Risk,1172.6060252869113,1.9476873583022787,United Kingdom,GROW YOUR OWN PLANT IN A CAN 
14058.0,1,0.67854613,Medium Risk,407.7825685170114,2.2176982229859052,United Kingdom,BOX OF 9 PEBBLE CANDLES
14060.0,0,0.14956015,Low Risk,670.1164092737347,3.4512182656974066,United Kingdom,CHINESE DRAGON PAPER LANTERNS
14061.0,1,0.25786874,Low Risk,424.4776731557041,1.4167579105174999,United Kingdom,FLOOR LAMP SHADE WOOD BASE
14062.0,0,0.06811953,Low Risk,5392.930121995064,3.5872187613670037,United Kingdom,DISCO BALL CHRISTMAS DECORATION
14063.0,0,0.55280316,Medium Risk,3420.7128682672487,2.8371377139636715,United Kingdom,JAZZ HEARTS ADDRESS BOOK
14064.0,0,0.17265578,Low Risk,883.9830796452767,4.705558458215788,United Kingdom,PLACE SETTING WHITE HEART
14068.0,1,0.6520911,Medium Risk,720.0959583832915,1.7135127339390694,United Kingdom,COLOUR GLASS T-LIGHT HOLDER HANGING
14069.0,1,0.84820276,High Risk,247.9173058143096,1.7916716464047433,United Kingdom,WHITE HANGING HEART T-LIGHT HOLDER
14070.0,1,0.76826507,High Risk,0.0,0.44816133632148825,United Kingdom,VICTORIAN METAL POSTCARD CHRISTMAS
14072.0,1,0.7209183,High Risk,0.0,0.4774470918159778,United Kingdom,VINTAGE UNION JACK CUSHION COVER
14074.0,1,0.7608294,High Risk,0.0,0.565789814775177,United Kingdom,BASKET OF FLOWERS SEWING KIT
14075.0,0,0.6282221,Medium Risk,903.587083936308,2.0522089157223755,United Kingdom,WRAP BLUE REINDEER
14078.0,0,0.26078144,Low Risk,167.95108772934475,2.1386587966321304,United Kingdom,DINOSAUR KEYRINGS ASSORTED
14079.0,1,0.807811,High Risk,0.0,0.45123651739501697,United Kingdom,Adjustment by john on 26/01/2010 17
14080.0,0,0.5070437,Medium Risk,359.84239516495535,1.4167002004981206,United Kingdom,ASSORTED CREEPY CRAWLIES
14081.0,0,0.1172748,Low Risk,1483.0378829333686,2.5150536842483757,United Kingdom,WRAP BLUE REINDEER
14083.0,0,0.30077076,Low Risk,21.173587321361943,0.9299902716991483,United Kingdom,ASSORTED CREEPY CRAWLIES
14084.0,1,0.7591455,High Risk,0.0,0.0,United Kingdom,SLEEPING CAT ERASERS
14085.0,0,0.019374851,Low Risk,1913.4423930060616,5.155621067210165,United Kingdom,BROCADE RING PURSE 
14086.0,1,0.85964304,High Risk,0.0,0.0,United Kingdom,SET/4 WHITE RETRO STORAGE CUBES 
14087.0,0,0.18747592,Low Risk,0.0,0.38181769715119207,United Kingdom,MINI PAINT SET VINTAGE 
14091.0,1,0.69999605,Medium Risk,4611.634811837288,0.9473613334895163,United Kingdom,COLOURING PENCILS BROWN TUBE
14092.0,0,0.10574263,Low Risk,1321.0105490140738,4.194808134650066,United Kingdom,SLEEPING CAT ERASERS
14095.0,1,0.7149071,High Risk,0.0,0.3967888708502297,United Kingdom,COSY SLIPPER SHOES LARGE RED
14097.0,1,0.69754755,Medium Risk,432.54837104450513,1.2109882686377973,United Kingdom,FANCY FONTS BIRTHDAY WRAP
14099.0,0,0.14400719,Low Risk,850.0661892868588,2.5207416985000157,United Kingdom,POPART COL BALLPOINT PEN ASST
14101.0,0,0.18942589,Low Risk,2029.2663664130146,3.7063878442213203,United Kingdom,PACK OF 12 LONDON TISSUES 
14104.0,0,0.45729586,Medium Risk,461.6907159358379,1.7633666300888604,United Kingdom,MINI PAINTED GARDEN DECORATION 
14105.0,0,0.51685053,Medium Risk,1602.556642392478,0.9127318584850176,United Kingdom,ASSORTED COLOUR BIRD ORNAMENT
14106.0,1,0.6326069,Medium Risk,0.0,0.37961420886422387,United Kingdom,RED SPOTTY ROUND CAKE TINS
14107.0,0,0.36728728,Low Risk,1224.023804325821,1.450138088278633,United Kingdom,PACK OF 12 SKULL TISSUES
14108.0,1,0.90512204,High Risk,182.38168272818507,0.7579542098585639,United Kingdom,MODERN VINTAGE COTTON SHOPPING BAG
14110.0,0,0.02103544,Low Risk,3212.6661825608076,9.204626348045828,United Kingdom,"RECORD FRAME 7"" SINGLE SIZE "
14112.0,0,0.14124765,Low Risk,1532.6044024061368,2.5555145437482287,United Kingdom,ASSTD DESIGN BUBBLE GUM RING
14113.0,0,0.08748621,Low Risk,1204.021365155998,3.03507781370018,United Kingdom,ASSORTED COLOUR BIRD ORNAMENT
14114.0,0,0.48321286,Medium Risk,443.2555867322679,1.4097439047251688,United Kingdom,DINOSAUR KEYRINGS ASSORTED
14115.0,1,0.6083856,Medium Risk,688.4311852593926,1.1162447587574904,United Kingdom,72 SWEETHEART FAIRY CAKE CASES
14119.0,0,0.5590074,Medium Risk,0.0,0.4016346650730361,United Kingdom,SILVER BLUE EGG T-LIGHT HOLDER
14122.0,0,0.3338906,Low Risk,42.33074040445814,0.7663848323526206,United Kingdom,ASSORTED COLOUR BIRD ORNAMENT
14123.0,1,0.8747675,High Risk,0.0,0.3840469351105322,United Kingdom,60 GOLD AND SILVER FAIRY CAKE CASES
14128.0,1,0.7265458,High Risk,0.0,0.8199940768413364,United Kingdom,BLUE SPOTS  WRAP
14129.0,0,0.34192657,Low Risk,847.5156859166316,2.61754596955568,United Kingdom,MINI PAINT SET VINTAGE 
14130.0,0,0.18018773,Low Risk,0.0,0.38973569242301676,United Kingdom,HEART WOODEN CHRISTMAS DECORATION
14131.0,1,0.7094971,High Risk,0.0,0.510832335342213,United Kingdom,VICTORIAN GLASS HANGING T-LIGHT
14133.0,1,0.863899,High Risk,0.0,0.3840469351105322,United Kingdom,KINGS CHOICE CIGAR BOX MATCHES 
14134.0,0,0.09852474,Low Risk,3319.577778928431,4.118225512888714,United Kingdom,WHITE HANGING HEART T-LIGHT HOLDER
14135.0,0,0.021941565,Low Risk,1442.069680855427,2.9836513415557553,United Kingdom,PACK OF 60 PINK PAISLEY CAKE CASES
14136.0,0,0.28108367,Low Risk,637.5877290906795,1.9749997397154373,United Kingdom,WORLD WAR 2 GLIDERS ASSTD DESIGNS
14137.0,1,0.77210224,High Risk,0.0,0.4319706062530769,United Kingdom,ROMANTIC IMAGES GIFT WRAP SET
14139.0,1,0.3325467,Low Risk,589.8517297020082,3.2581412712450923,United Kingdom,HANGING JAM JAR T-LIGHT HOLDER
14142.0,0,0.67020434,Medium Risk,0.0,0.514832571831334,United Kingdom,BROCADE RING PURSE 
14144.0,1,0.93749464,High Risk,0.0,0.0,United Kingdom,EAU DE NILE JEWELLED PHOTOFRAME
14145.0,1,0.78677773,High Risk,3050.9615338617573,2.2464912657192473,United Kingdom,EDWARDIAN PARASOL NATURAL
14146.0,0,0.5178396,Medium Risk,606.8371610619348,1.608471716820153,United Kingdom,ASSORTED COLOUR BIRD ORNAMENT
14147.0,0,0.17485337,Low Risk,1218.3271760146536,1.970547042900815,United Kingdom,TEA TIME TEA TOWELS 
14151.0,1,0.5735932,Medium Risk,356.35096701850597,0.8875443815278791,United Kingdom,BOX OF 24 COCKTAIL PARASOLS
14152.0,0,0.5071415,Medium Risk,465.3571100318054,1.1462293796387202,United Kingdom,METAL TUBE CHIME ON BAMBOO
14153.0,1,0.7048202,High Risk,0.0,0.0,United Kingdom,BLUE SPOTS  WRAP
14154.0,0,0.19291297,Low Risk,1315.3391996626362,1.616983480611231,United Kingdom,ASSORTED COLOUR BIRD ORNAMENT
14156.0,0,0.03639692,Low Risk,81213.22833181998,27.894243469802962,EIRE,PACK OF 72 RETRO SPOT CAKE CASES
14157.0,0,0.76868236,High Risk,0.0,0.514832571831334,United Kingdom,GROW YOUR OWN PLANT IN A CAN 
14159.0,0,0.116918154,Low Risk,1245.195693628797,2.9914315285153217,United Kingdom,SMALL POPCORN HOLDER
14160.0,1,0.84679145,High Risk,3191.958119752708,3.8970185061566305,United Kingdom,RED TOADSTOOL LED NIGHT LIGHT
14161.0,0,0.18015032,Low Risk,1011.8198423866027,1.4677423897545128,United Kingdom,HEART DECORATION WITH PEARLS 
14163.0,1,0.74739623,High Risk,0.0,0.0,United Kingdom,WHITE METAL LANTERN
14166.0,1,0.8047931,High Risk,229.05958207763842,1.3043110884711206,United Kingdom,RED BABY BUNTING 
14167.0,1,0.57638866,Medium Risk,462.2735497179808,2.31753957139842,United Kingdom,SET/3 ROSE CANDLE IN JEWELLED BOX
14168.0,0,0.34534127,Low Risk,0.0,0.758442616495476,United Kingdom,RETRO SPOT TEA SET CERAMIC 11 PC 
14171.0,1,0.8801496,High Risk,0.0,0.3874400693028429,United Kingdom,S/6 PAPER BOXES CURIOUS IMAGES 
14172.0,1,0.78928685,High Risk,269.3160413682466,1.9474138367794582,United Kingdom,BLACK PILLAR CANDLE SILVER FLOCK
14173.0,1,0.8223207,High Risk,122.7870822184603,0.8787427555068167,United Kingdom,WHITE HANGING HEART T-LIGHT HOLDER
14175.0,0,0.106869034,Low Risk,2064.3222427738515,2.848419536817178,United Kingdom,GROW YOUR OWN PLANT IN A CAN 
14177.0,0,0.20197205,Low Risk,267.25673942817605,1.886614372256987,United Kingdom,SMALL POPCORN HOLDER
14180.0,0,0.41024774,Medium Risk,326.11270685592075,4.284211738043287,United Kingdom,CERAMIC LOVE HEARTS DESIGN MUG
14181.0,0,0.47898796,Medium Risk,0.0,0.7673027805925606,United Kingdom,VICTORIAN GLASS HANGING T-LIGHT
14182.0,0,0.32398582,Low Risk,354.3453755229587,2.399188332208871,United Kingdom,"DECORATION, HANGING HEART+MIRROR "
14183.0,0,0.6601063,Medium Risk,0.0,0.0,United Kingdom,TOILET METAL SIGN
14186.0,0,0.3002416,Low Risk,925.7956130687608,2.655295771172431,United Kingdom,ASSTD DESIGN BUBBLE GUM RING
14187.0,1,0.83622533,High Risk,0.0,0.0,United Kingdom,NATURAL SLATE RECTANGLE CHALKBOARD
14190.0,1,0.76963687,High Risk,0.0,0.4774470918159778,United Kingdom,FUSCHIA RETRO BAR STOOL
14191.0,0,0.45699582,Medium Risk,0.0,0.38973569242301676,United Kingdom,JUMBO BAG PINK VINTAGE PAISLEY
14194.0,0,0.034232073,Low Risk,3437.2254646798006,4.478348344530558,United Kingdom,PACK OF 72 RETRO SPOT CAKE CASES
14195.0,0,0.37366483,Low Risk,615.4283036549031,1.232096724539437,United Kingdom,LARGE CIRCULAR MIRROR MOBILE
14198.0,0,0.41485077,Medium Risk,378.3277756042336,2.153859742908297,United Kingdom,COLUMBIAN CANDLE ROUND
14199.0,0,0.5538574,Medium Risk,278.0072213750131,2.1696262764639775,United Kingdom,ROTATING SILVER ANGELS T-LIGHT HLDR
14200.0,1,0.739275,High Risk,0.0,0.5807879842534002,United Kingdom,60 TEATIME FAIRY CAKE CASES
14201.0,0,0.6426336,Medium Risk,192.54428676415256,1.5026557291582188,United Kingdom,SET OF 2 TINS JARDIN DE PROVENCE
14202.0,0,0.47285652,Medium Risk,150.58514130509127,1.2979231230598531,United Kingdom,HANGING HEART JAR T-LIGHT HOLDER
14204.0,0,0.0971421,Low Risk,368.6056353802993,0.8848175486014073,United Kingdom,ASSTD DESIGN BUBBLE GUM RING
14205.0,0,0.26019254,Low Risk,986.0404795983148,3.396197359120408,United Kingdom,PACK OF 72 RETRO SPOT CAKE CASES
14207.0,1,0.81361884,High Risk,0.0,0.4436264280664291,United Kingdom, FLAMINGO LIGHTS
14208.0,1,0.7356667,High Risk,0.0,0.8199940768413364,United Kingdom,MAGIC DRAWING SLATE BUNNIES 
14209.0,0,0.068413444,Low Risk,1053.69267816713,2.88869724915663,United Kingdom,WHITE HANGING HEART T-LIGHT HOLDER
14210.0,0,0.02864711,Low Risk,1740.2665623191328,4.478199506306619,United Kingdom,HEART T-LIGHT HOLDER
14211.0,0,0.093464404,Low Risk,913.1287808748363,3.0448100700704748,United Kingdom,HANGING JAM JAR T-LIGHT HOLDER
14215.0,0,0.22738501,Low Risk,823.3533172581648,1.4463046739569978,United Kingdom,BLUE STRIPE CERAMIC DRAWER KNOB
14217.0,0,0.5446892,Medium Risk,753.7231774257606,2.250625937657309,United Kingdom,PLACE SETTING WHITE HEART
14219.0,0,0.52845407,Medium Risk,0.0,0.0,United Kingdom,SET/10 BLUE SPOTTY PARTY CANDLES
14220.0,1,0.6737241,Medium Risk,1153.4264238483113,1.644395819399763,United Kingdom,ENAMEL FLOWER JUG CREAM
14221.0,0,0.09323277,Low Risk,2247.0181882030106,4.673063331259062,United Kingdom,"DECORATION, HANGING HEART+MIRROR "
14224.0,0,0.15047874,Low Risk,546.457075182495,3.2159914873832833,United Kingdom,CACTI T-LIGHT CANDLES
14225.0,0,0.191536,Low Risk,867.1606311402618,1.6121467533517548,United Kingdom,HANGING JAM JAR T-LIGHT HOLDER
14227.0,0,0.32565874,Low Risk,2096.067741023942,1.0938126596396118,United Kingdom,MAGIC SLATE DOLLY GIRL 
14228.0,0,0.5817793,Medium Risk,819.9747301154308,1.9535174615313013,United Kingdom,GROW YOUR OWN PLANT IN A CAN 
14229.0,0,0.5542162,Medium Risk,0.0,0.0,United Kingdom,NATURAL SLATE HEART CHALKBOARD 
14230.0,0,0.56031734,Medium Risk,0.0,0.835646291656766,United Kingdom,PACK OF 72 RETROSPOT CAKE CASES
14233.0,1,0.29626217,Low Risk,1086.7906482705794,1.9441931953677272,United Kingdom,ASSORTED COLOUR BIRD ORNAMENT
14235.0,1,0.39958113,Low Risk,1421.617284325458,2.1568144467594235,United Kingdom,JAPANESE CROCHETED ANIMAL
14236.0,0,0.27991292,Low Risk,741.868359575621,2.6994238461558546,United Kingdom,PICNIC BASKET WICKER SMALL
14237.0,0,0.4890553,Medium Risk,0.0,0.6594681147764587,United Kingdom,ETCHED GLASS DROPLET DECORATION
14238.0,1,0.7929534,High Risk,137.40976084366335,0.8587653931747553,United Kingdom,ASSORTED COLOUR BIRD ORNAMENT
14239.0,0,0.097297594,Low Risk,779.1306424311013,4.585046017765467,United Kingdom,WHITE HANGING HEART T-LIGHT HOLDER
14241.0,1,0.7572619,High Risk,0.0,0.43055658977677796,United Kingdom,SET/10 BLUE SPOTTY PARTY CANDLES
14243.0,0,0.23853451,Low Risk,0.0,0.0,United Kingdom,LAVENDER INCENSE IN TIN
14244.0,1,0.83245987,High Risk,0.0,0.4880793692110627,United Kingdom,BOYS ALPHABET IRON ON PATCHES
14247.0,0,0.5536187,Medium Risk,312.8020660282715,1.8925104151421597,United Kingdom,CHRISTMAS TREE STAR DECORATION
14248.0,1,0.699463,Medium Risk,1273.2869600878773,2.4875920021045763,United Kingdom,MAGIC DRAWING SLATE DINOSAUR
14249.0,0,0.112920776,Low Risk,3289.087298120714,4.210498525749613,United Kingdom,HEART OF WICKER LARGE
14253.0,1,0.4886783,Medium Risk,259.5588177729162,1.3235119824570127,United Kingdom,RAIN PONCHO WITH RED SPOTS
14255.0,1,0.8235506,High Risk,0.0,0.846417847198847,United Kingdom,Manual
14256.0,1,0.41286924,Medium Risk,682.9854672690941,1.0145255939405216,United Kingdom,PACK OF 60 DINOSAUR CAKE CASES
14257.0,0,0.22510307,Low Risk,955.8066067572416,1.194026057682828,United Kingdom,PAPER CHAIN KIT RETRO SPOT
14258.0,0,0.038655907,Low Risk,8506.661120906161,6.142939525185916,United Kingdom,"ASSORTED FLOWER COLOUR ""LEIS"""
14260.0,1,0.2206585,Low Risk,687.4540831139225,1.9604499899115093,United Kingdom,GROW YOUR OWN PLANT IN A CAN 
14264.0,0,0.4960033,Medium Risk,309.560032107872,1.358307464935896,United Kingdom,COLOUR GLASS T-LIGHT HOLDER HANGING
14265.0,1,0.35579088,Low Risk,1004.8712829117383,1.3941579047247727,Unspecified,WHITE BAMBOO RIBS LAMPSHADE
14268.0,1,0.63829094,Medium Risk,0.0,0.0,United Kingdom,SET/10 BLUE SPOTTY PARTY CANDLES
14272.0,1,0.60410786,Medium Risk,589.0802822878302,1.5572226255645207,United Kingdom,MINI HIGHLIGHTER PENS
14274.0,1,0.8297169,High Risk,0.0,0.44512782312254734,United Kingdom,MEDIUM CHINESE STYLE SCISSOR
14275.0,0,0.35324523,Low Risk,252.02705893124914,2.2749034779045183,United Kingdom,WHITE HANGING HEART T-LIGHT HOLDER
14276.0,0,0.17979525,Low Risk,476.96354662040125,1.1432273486250573,United Kingdom,JUMBO BAG TOYS 
14277.0,0,0.032358013,Low Risk,8798.80410743107,2.005779154700342,France,RED SPOTTY PUDDING BOWL
14279.0,1,0.8305406,High Risk,108.90366619301466,1.0562536218742935,United Kingdom,KNITTED UNION FLAG HOT WATER BOTTLE
14282.0,0,0.11872375,Low Risk,1367.1185397761935,3.8102316171360737,United Kingdom,JUMBO  BAG BAROQUE BLACK WHITE
14283.0,1,0.24646953,Low Risk,533.7442665522254,3.7779909292553464,United Kingdom,PACK OF 60 DINOSAUR CAKE CASES
14284.0,1,0.5723025,Medium Risk,0.0,0.501098787909359,United Kingdom,FILIGRIS HEART WITH BUTTERFLY
14285.0,1,0.68351436,Medium Risk,858.2653404273437,1.9759348540186574,United Kingdom,GREY HEART HOT WATER BOTTLE
14286.0,0,0.23167554,Low Risk,1059.1257933151617,0.8679463113105533,United Kingdom,GIRLS ALPHABET IRON ON PATCHES 
14290.0,0,0.2948415,Low Risk,550.7239749927882,0.8763997034486484,United Kingdom,WHITE HANGING HEART T-LIGHT HOLDER
14291.0,0,0.05768059,Low Risk,1531.9605084317475,1.9819856705839125,United Kingdom,MINI PAINT SET VINTAGE 
14292.0,0,0.25605574,Low Risk,1314.023995704004,2.0572143270569345,United Kingdom,EDWARDIAN PARASOL BLACK
14293.0,0,0.39063886,Low Risk,413.45926287694874,1.4360692629357013,United Kingdom,FAIRY CAKE CANDLES
14295.0,0,0.22152206,Low Risk,1048.5603284324893,1.4456183997906906,United Kingdom,PINK SPOTS  WRAP 
14296.0,0,0.4128547,Medium Risk,0.0,0.7170471471052519,United Kingdom,RED RETROSPOT WRAP 
14298.0,0,0.039259445,Low Risk,15616.138611027576,7.339935492785064,United Kingdom,"ASSORTED FLOWER COLOUR ""LEIS"""
14299.0,0,0.042137634,Low Risk,3006.5556684277544,6.628192486552169,United Kingdom,PACK OF 60 PINK PAISLEY CAKE CASES
14301.0,0,0.24183662,Low Risk,834.088918401235,1.1003371902038708,United Kingdom,ASSTD DESIGN BUBBLE GUM RING
14302.0,0,0.5137807,Medium Risk,372.470993258506,0.8523818727230323,United Kingdom,HOT WATER BOTTLE TEA AND SYMPATHY
14304.0,0,0.5794102,Medium Risk,0.0,0.73305025601635,United Kingdom,STAR DECORATION RUSTIC
14306.0,0,0.39465693,Low Risk,201.65572237345552,1.0737449588162595,United Kingdom,ROTATING SILVER ANGELS T-LIGHT HLDR
14307.0,0,0.11952123,Low Risk,735.0293484252958,1.9702121530365433,United Kingdom,WORLD WAR 2 GLIDERS ASSTD DESIGNS
14308.0,1,0.8485378,High Risk,0.0,0.8303628178208423,United Kingdom,Manual
14309.0,0,0.544149,Medium Risk,0.0,0.8251458288756056,United Kingdom,MINI JIGSAW CIRCUS PARADE 
14311.0,1,0.5918262,Medium Risk,0.0,0.7455299958572692,United Kingdom,BLUE SAVANNAH PICNIC HAMPER FOR 4
14312.0,0,0.34061828,Low Risk,0.0,0.0,United Kingdom,PACK OF 12 PINK PAISLEY TISSUES 
14315.0,1,0.49425614,Medium Risk,534.8751614611247,1.242625198905435,United Kingdom,ASSORTED WHITE EMBOSSED CHINA MUGS
14316.0,0,0.44548017,Medium Risk,768.5879979909214,2.055058722910687,United Kingdom,GIRLS ALPHABET IRON ON PATCHES 
14318.0,1,0.7391844,High Risk,0.0,0.0,United Kingdom,PACK OF 12 SUKI TISSUES 
14320.0,1,0.45820695,Medium Risk,597.1856460078565,1.6599610627057082,United Kingdom,60 GOLD AND SILVER FAIRY CAKE CASES
14321.0,0,0.49282137,Medium Risk,0.0,0.0,United Kingdom,CARTOON  PENCIL SHARPENERS
14322.0,0,0.37928885,Low Risk,50.80866434061531,1.0727453169622168,United Kingdom,WHITE HANGING HEART T-LIGHT HOLDER
14324.0,0,0.67571163,Medium Risk,0.0,0.43482671111068866,United Kingdom,ASSTD DESIGN BUBBLE GUM RING
14325.0,1,0.70749956,High Risk,0.0,0.7371634236312025,United Kingdom,PACK OF 12 SUKI TISSUES 
14326.0,1,0.35636148,Low Risk,1201.7896769052,2.1858515845958655,United Kingdom,ANGEL DECORATION 3 BUTTONS 
14327.0,0,0.3742316,Low Risk,538.4326039595454,1.583598051861701,United Kingdom,JAZZ HEARTS MEMO PAD
14329.0,0,0.023668835,Low Risk,1876.5831893456905,3.109173500660238,United Kingdom,FILIGRIS HEART WITH BUTTERFLY
14330.0,1,0.7319609,High Risk,0.0,0.565789814775177,United Kingdom,FELT EGG COSY WHITE RABBIT 
14334.0,0,0.26830682,Low Risk,1120.1957351278318,2.780001351900314,United Kingdom,HEART OF WICKER SMALL
14338.0,1,0.71230024,High Risk,0.0,0.9047351352785842,United Kingdom,EIGHT PIECE CREEPY CRAWLIE SET
14341.0,0,0.081929505,Low Risk,841.8070258560423,2.4548334813795374,United Kingdom,PACK OF 12 HEARTS DESIGN TISSUES 
14342.0,0,0.710369,High Risk,0.0,0.0,United Kingdom,PINK POLKADOT WRAP 
14343.0,0,0.28528106,Low Risk,554.8886953765438,1.6442427838197333,United Kingdom,HEART DECORATION WITH PEARLS 
14344.0,0,0.2573712,Low Risk,851.2928478168354,5.16120697018221,United Kingdom,ASSTD DESIGN BUBBLE GUM RING
14346.0,0,0.2738292,Low Risk,0.0,0.0,United Kingdom,60 TEATIME FAIRY CAKE CASES
14347.0,1,0.89143705,High Risk,0.0,0.38071276227821854,United Kingdom,VINTAGE HEADS AND TAILS CARD GAME 
14355.0,0,0.49488583,Medium Risk,0.0,0.5562145456994483,United Kingdom,COLOUR GLASS T-LIGHT HOLDER HANGING
14361.0,1,0.7650533,High Risk,0.0,0.7017286918351934,United Kingdom,ASSTD DESIGN BUBBLE GUM RING
14365.0,0,0.7362963,High Risk,0.0,0.45279000275600834,United Kingdom,WRAP PINK FAIRY CAKES 
14366.0,1,0.8674362,High Risk,0.0,0.0,United Kingdom,VINTAGE UNION JACK BUNTING
14369.0,1,0.5251562,Medium Risk,389.0449505134748,1.0583604103786828,United Kingdom,EASTER DECORATION NATURAL CHICK
14370.0,0,0.13741076,Low Risk,667.8245007069188,2.3579184214228883,United Kingdom,NATURAL SLATE HEART CHALKBOARD 
14372.0,0,0.6930616,Medium Risk,0.0,0.6309723370939762,United Kingdom,PACK OF 60 PINK PAISLEY CAKE CASES
14374.0,1,0.7973765,High Risk,0.0,0.8746040156777243,United Kingdom,GLASS HONEYPOT WASP CATCHER
14375.0,0,0.2521788,Low Risk,0.0,0.8746040156777243,United Kingdom,ASSTD DESIGN BUBBLE GUM RING
14376.0,1,0.7929528,High Risk,0.0,0.4496936648687772,United Kingdom,EDWARDIAN PARASOL BLACK
14378.0,1,0.84146196,High Risk,0.0,0.5707022922724782,United Kingdom,CHILDRENS GARDEN GLOVES BLUE
14379.0,0,0.5468679,Medium Risk,0.0,0.0,United Kingdom,COWBOYS AND INDIANS BIRTHDAY CARD 
14380.0,1,0.87717384,High Risk,0.0,0.45123651739501697,United Kingdom,Adjustment by john on 26/01/2010 17
14384.0,1,0.9114085,High Risk,0.0,0.0,United Kingdom,JUMBO BAG PINK VINTAGE PAISLEY
14388.0,0,0.10752754,Low Risk,1404.6913675348123,3.476244671608819,United Kingdom,60 TEATIME FAIRY CAKE CASES
14389.0,0,0.4197223,Medium Risk,575.6761764984554,1.5282074337191978,United Kingdom,RED SPOTTY CHARLOTTE BAG
14391.0,1,0.7546551,High Risk,0.0,0.7093051154682692,United Kingdom,PACK 20 ENGLISH ROSE PAPER NAPKINS
14394.0,1,0.89585805,High Risk,0.0,0.758442616495476,United Kingdom,RED  HARMONICA IN BOX 
14395.0,0,0.08085717,Low Risk,3132.4005886402583,6.666945405073503,United Kingdom,"KEY FOB , BACK DOOR "
14396.0,0,0.08401835,Low Risk,672.088364454058,1.941888670805303,United Kingdom,SMALL SPOTTY CHOCOLATE GIFT BAG 
14398.0,0,0.701333,High Risk,0.0,0.0,United Kingdom,"DECOUPAGE,GREETING CARD,"
14399.0,0,0.22627263,Low Risk,774.90601100776,3.011591902842552,United Kingdom,WHITE HANGING HEART T-LIGHT HOLDER
14400.0,0,0.5038767,Medium Risk,0.0,0.546958316501111,United Kingdom,MULTI COLOUR SILVER T-LIGHT HOLDER
14401.0,0,0.046585593,Low Risk,1120.5386050255581,4.169562352198729,United Kingdom,ASSORTED COLOUR SILK COIN PURSE
14402.0,1,0.67809165,Medium Risk,0.0,0.5030156797443815,United Kingdom,GRAND CHOCOLATECANDLE
14403.0,1,0.5897139,Medium Risk,338.46548834855304,1.2031624478821716,United Kingdom,GLASS HONEYPOT WASP CATCHER
14404.0,0,0.12063144,Low Risk,678.1083934817481,3.1470218491175532,United Kingdom,LUNCH BAG RED SPOTTY
14408.0,1,0.052177068,Low Risk,827.3681878727315,1.9706088717673131,United Kingdom,GIN + TONIC DIET METAL SIGN
14409.0,0,0.4992039,Medium Risk,405.3596565750838,1.7448639893128413,United Kingdom,HAND WARMER BABUSHKA DESIGN
14413.0,0,0.41229194,Medium Risk,384.87941080753814,0.9159884481564522,United Kingdom,SET/20 RED SPOTTY PAPER NAPKINS 
14415.0,0,0.034962643,Low Risk,2148.4064182534676,3.6521997981137417,United Kingdom,PLACE SETTING WHITE HEART
14420.0,0,0.37568584,Low Risk,554.1780639393093,1.0223439124749059,United Kingdom,PACK OF 12 HEARTS DESIGN TISSUES 
14421.0,1,0.583186,Medium Risk,543.0515841527136,2.2395094237910507,United Kingdom,SET/20 RED SPOTTY PAPER NAPKINS 
14422.0,0,0.050700314,Low Risk,2092.8695445815083,5.29597107022784,United Kingdom,HEART T-LIGHT HOLDER
14423.0,0,0.5676023,Medium Risk,0.0,0.4333939491542592,United Kingdom,WHITE HANGING HEART T-LIGHT HOLDER
14425.0,0,0.3545792,Low Risk,192.23414210614968,0.7814127032066019,United Kingdom,PACK OF 12 PINK PAISLEY TISSUES 
14426.0,0,0.11745412,Low Risk,4164.949680987464,4.065483243196591,United Kingdom,PACK OF 12 PINK SPOT TISSUES 
14427.0,1,0.5408426,Medium Risk,479.04971458822786,1.279402610815893,United Kingdom, IVORY PAPER CUP CAKE CASES 
14430.0,1,0.49610513,Medium Risk,1011.8834817916539,1.416398928428353,United Kingdom,PACK OF 60 PINK PAISLEY CAKE CASES
14431.0,0,0.43117163,Medium Risk,1873.9961901850443,1.0415164846934621,United Kingdom,AREA PATROLLED METAL SIGN
14433.0,1,0.18843319,Low Risk,0.0,0.0,United Kingdom,MULTI COLOUR SILVER T-LIGHT HOLDER
14435.0,1,0.95043665,High Risk,0.0,0.0,United Kingdom,BROCADE RING PURSE 
14436.0,1,0.70813054,High Risk,0.0,0.8098814458855172,United Kingdom,ANTIQUE SILVER TEA GLASS ENGRAVED
14437.0,0,0.29126906,Low Risk,393.90955874655157,2.562101509796124,United Kingdom,WORLD WAR 2 GLIDERS ASSTD DESIGNS
14439.0,0,0.25096378,Low Risk,3181.0628579187846,1.659064952851857,Greece,T-LIGHT HOLDER HANGING LACE
14440.0,0,0.25000384,Low Risk,797.8009180000337,1.9386020574666352,United Kingdom,WHITE HANGING HEART T-LIGHT HOLDER
14441.0,0,0.13158344,Low Risk,1136.1365952574956,2.8496205222740487,United Kingdom,WHITE HANGING HEART T-LIGHT HOLDER
14442.0,0,0.27017927,Low Risk,1385.9856033007027,1.644892280272623,Channel Islands,60 TEATIME FAIRY CAKE CASES
14444.0,1,0.7887756,High Risk,0.0,0.0,United Kingdom,PAPER POCKET TRAVELING FAN 
14445.0,1,0.74037266,High Risk,0.0,0.0,United Kingdom,"HOOK, 1 HANGER ,MAGIC GARDEN"
14450.0,0,0.7223894,High Risk,0.0,0.5993241490614548,United Kingdom,PAPER CHAIN KIT 50'S CHRISTMAS 
14451.0,0,0.046789367,Low Risk,1046.16678770859,4.041295275590336,United Kingdom,60 CAKE CASES VINTAGE CHRISTMAS
14452.0,0,0.55680037,Medium Risk,0.0,0.0,United Kingdom,PARTY CONE CHRISTMAS DECORATION 
14454.0,0,0.24234557,Low Risk,361.44939018826966,1.4365733030580896,United Kingdom,WHITE HANGING HEART T-LIGHT HOLDER
14455.0,0,0.39060223,Low Risk,398.18539485575104,4.737468385310554,United Kingdom,PIECE OF CAMO STATIONERY SET
14459.0,1,0.3608886,Low Risk,0.0,0.504947308370314,United Kingdom,MINI  ZINC GARDEN DECORATIONS 
14460.0,0,0.31269014,Low Risk,191.79892904059943,1.474362787888403,United Kingdom,BAG 125g SWIRLY MARBLES
14461.0,0,0.039495606,Low Risk,2007.033758115689,4.055235727342791,United Kingdom,FOLKART ZINC HEART CHRISTMAS DEC
14463.0,1,0.5406836,Medium Risk,0.0,0.0,United Kingdom,REGENCY CAKESTAND 3 TIER
14464.0,1,0.74409163,High Risk,84.53046666364874,1.2752970369709746,United Kingdom,ANTIQUE SILVER TEA GLASS ENGRAVED
14465.0,0,0.09264765,Low Risk,1485.3729210466038,3.9106089114151077,United Kingdom,SET/20 RED SPOTTY PAPER NAPKINS 
14466.0,0,0.19310923,Low Risk,662.4794864223772,2.5420581912686737,United Kingdom,PACK OF 60 PINK PAISLEY CAKE CASES
14467.0,0,0.09738941,Low Risk,453.8899678702133,2.4621463457920636,United Kingdom,ASSTD DESIGN BUBBLE GUM RING
14468.0,1,0.7973154,High Risk,0.0,0.3840469351105322,United Kingdom,SMALL HANGING IVORY/RED WOOD BIRD
14469.0,0,0.20140992,Low Risk,928.8224612787316,1.7073331628719475,United Kingdom,CHRISTMAS RETROSPOT HEART WOOD
14471.0,1,0.6698432,Medium Risk,211.13562750129677,0.889239455242856,United Kingdom,ASSORTED TUTTI FRUTTI LARGE PURSE
14472.0,1,0.77816516,High Risk,0.0,0.4406538456231922,United Kingdom,ASSORTED SHAPES PHOTO CLIP SILVER 
14474.0,1,0.6572676,Medium Risk,0.0,0.6980009301584514,United Kingdom,HEART FILIGREE DOVE  SMALL
14477.0,0,0.27713674,Low Risk,395.83903039640666,0.9782125753120613,United Kingdom,JUMBO BAG RED RETROSPOT
14478.0,0,0.16118328,Low Risk,507.859010819611,1.4169756616651679,United Kingdom,STAR DECORATION RUSTIC
14479.0,0,0.8568138,High Risk,0.0,0.3840469351105322,United Kingdom,GROW YOUR OWN PLANT IN A CAN 
14480.0,0,0.7795951,High Risk,0.0,0.4016346650730361,United Kingdom,ASSTD DESIGN BUBBLE GUM RING
14481.0,0,0.39107114,Low Risk,607.3232764480698,1.0416588474000288,United Kingdom,CAMOUFLAGE LED TORCH
14482.0,0,0.43419522,Medium Risk,0.0,0.0,United Kingdom,JUMBO BAG RED RETROSPOT
14483.0,1,0.5930951,Medium Risk,0.0,0.38071276227821854,United Kingdom,COSY HOUR CIGAR BOX MATCHES 
14484.0,0,0.4056949,Medium Risk,105.72756384485679,0.8998113588705822,United Kingdom,ANGEL DECORATION 3 BUTTONS 
14486.0,1,0.8661735,High Risk,186.21934145190585,1.8804585743693754,United Kingdom,JUMBO  BAG BAROQUE BLACK WHITE
14489.0,0,0.36243126,Low Risk,535.6487724174646,1.3892972393183216,United Kingdom,JUMBO SHOPPER VINTAGE RED PAISLEY
14492.0,0,0.27235132,Low Risk,1249.9533613977026,4.529731857094954,United Kingdom,HYACINTH BULB T-LIGHT CANDLES
14493.0,0,0.17012522,Low Risk,1255.1754077712292,2.687752552891399,United Kingdom,CHRISTMAS METAL TAGS ASSORTED 
14494.0,0,0.7181646,High Risk,0.0,0.3863023769988185,United Kingdom,WHITE BITTY LIGHT CHAIN 
14495.0,1,0.89789605,High Risk,0.0,0.4898976711514225,United Kingdom,CAKE STAND VICTORIAN FILIGREE LARGE
14496.0,0,0.39196962,Low Risk,422.20187872917353,1.2382777942084027,United Kingdom,SILVER HANGING T-LIGHT HOLDER
14497.0,1,0.78736967,High Risk,0.0,0.4656142400749432,United Kingdom,HEART IVORY TRELLIS SMALL
14498.0,0,0.1763004,Low Risk,906.6840056816732,3.0942888518819074,United Kingdom,PAPER CHAIN KIT LONDON
14499.0,0,0.5000469,Medium Risk,0.0,0.0,United Kingdom,FILIGRIS HEART WITH BUTTERFLY
14505.0,0,0.11889407,Low Risk,2500.3444809731595,3.5765102010876837,United Kingdom,LAVENDER SCENTED FABRIC HEART
14506.0,0,0.7509592,High Risk,0.0,0.6309723370939762,United Kingdom,6 RIBBONS RUSTIC CHARM
14507.0,0,0.42753214,Medium Risk,239.42615147526718,0.8771960538565527,United Kingdom,ASSORTED COLOUR BIRD ORNAMENT
14508.0,0,0.27673846,Low Risk,0.0,0.8804683698321731,United Kingdom,FANCY FONTS BIRTHDAY WRAP
14509.0,1,0.6568671,Medium Risk,0.0,0.9173779310043912,United Kingdom,CERAMIC HEART FAIRY CAKE MONEY BANK
14512.0,0,0.3919275,Low Risk,330.65331421676996,1.970122825287925,United Kingdom,CHRISTMAS MUSICAL ZINC HEART 
14513.0,0,0.56921947,Medium Risk,0.0,0.741323072590564,United Kingdom,SMALLFOLKART BAUBLE CHRISTMAS DEC
14514.0,0,0.09319551,Low Risk,1077.8803972984385,2.543190592066371,United Kingdom,HEART FILIGREE DOVE  SMALL
14515.0,0,0.5969825,Medium Risk,0.0,0.8251458288756056,United Kingdom,ASSORTED COLOUR BIRD ORNAMENT
14516.0,1,0.75338167,High Risk,0.0,0.0,United Kingdom,PARTY CONE CHRISTMAS DECORATION 
14519.0,1,0.77773756,High Risk,86.83023503905464,0.8539161868862282,United Kingdom,JUMBO  BAG BAROQUE BLACK WHITE
14521.0,1,0.6226709,Medium Risk,0.0,0.0,United Kingdom,DINOSAUR KEYRINGS ASSORTED
14522.0,1,0.6715686,Medium Risk,467.44031421077557,2.2868993180342345,United Kingdom,ANTIQUE SILVER TEA GLASS ENGRAVED
14525.0,0,0.06785042,Low Risk,1393.1036480190426,3.081419716825184,United Kingdom,WHITE HANGING HEART T-LIGHT HOLDER
14527.0,0,0.016728554,Low Risk,8218.569041301504,26.412984700827824,United Kingdom,BLUE  SPOTTY CUP
14530.0,0,0.17688951,Low Risk,1206.3565697411816,4.094742613421943,United Kingdom,HEART DECORATION WITH PEARLS 
14531.0,1,0.60670924,Medium Risk,0.0,0.0,United Kingdom,PACK OF 72 RETRO SPOT CAKE CASES
14532.0,0,0.27918157,Low Risk,1355.9168232950992,2.7746090266165715,United Kingdom,WHITE HANGING HEART T-LIGHT HOLDER
14533.0,0,0.44872677,Medium Risk,911.4109694966211,2.246124013581524,United Kingdom,BROCADE RING PURSE 
14534.0,0,0.24803273,Low Risk,479.16237245350794,2.0224472512898246,United Kingdom,PAPER CHAIN KIT VINTAGE CHRISTMAS
14535.0,0,0.07407075,Low Risk,1820.5972957003983,3.252261763533552,United Kingdom,SMALL POPCORN HOLDER
14537.0,1,0.6611646,Medium Risk,0.0,0.565789814775177,United Kingdom,TEA BAG PLATE RED SPOTTY 
14538.0,1,0.7060992,High Risk,492.30018402651666,1.6831844809122982,United Kingdom,WHITE HANGING HEART T-LIGHT HOLDER
14540.0,0,0.14194828,Low Risk,1089.9758367811794,3.0272401044743353,United Kingdom,IVORY HANGING DECORATION  HEART
14541.0,0,0.16285197,Low Risk,532.4003228971252,2.7489894938363597,United Kingdom,POLYESTER FILLER PAD 40x40cm
14543.0,0,0.01914562,Low Risk,4305.373133424606,9.204763960129998,United Kingdom,SINGLE HEART ZINC T-LIGHT HOLDER
14544.0,1,0.31171164,Low Risk,0.0,0.0,United Kingdom,BAG 125g SWIRLY MARBLES
14545.0,1,0.73545283,High Risk,0.0,0.46397158674080524,United Kingdom,BLUE SCANDINAVIAN PAISLEY WRAP
14546.0,0,0.16395521,Low Risk,874.5451931655314,1.964434754420137,United Kingdom,WHITE HANGING HEART T-LIGHT HOLDER
14548.0,1,0.21601635,Low Risk,901.4634601298596,1.9647289059613264,United Kingdom,WHITE HANGING HEART T-LIGHT HOLDER
14549.0,0,0.19506204,Low Risk,210.176073483261,0.8763793668242709,United Kingdom,JUMBO  BAG BAROQUE BLACK WHITE
14550.0,0,0.44737926,Medium Risk,0.0,0.0,United Kingdom,LIPSTICK PEN RED
14551.0,0,0.8485585,High Risk,43.207430867740406,1.0586406371543713,United Kingdom,T-LIGHT GLASS FLUTED ANTIQUE
14552.0,0,0.3865468,Low Risk,0.0,0.6529152259023473,United Kingdom,WHITE HANGING HEART T-LIGHT HOLDER
14553.0,0,0.21712759,Low Risk,0.0,0.0,United Kingdom,HEART FILIGREE DOVE  SMALL
14555.0,0,0.29295844,Low Risk,808.709841651817,1.4894569427202147,United Kingdom,ASSORTED TUTTI FRUTTI PEN
14556.0,1,0.6171816,Medium Risk,441.6404904353931,1.6514341346120127,United Kingdom,PINK SPOTTY BOWL
14558.0,1,0.5102465,Medium Risk,277.9904521568295,1.4380481111273098,United Kingdom,AGED GLASS SILVER T-LIGHT HOLDER
14560.0,0,0.026812235,Low Risk,1693.0579026296095,6.627954913080859,United Kingdom,PACK OF 72 SKULL CAKE CASES
14562.0,0,0.20782721,Low Risk,874.4163816083163,3.700791134512575,United Kingdom,SET/3 RED GINGHAM ROSE STORAGE BOX
14563.0,1,0.3074731,Low Risk,278.28607434479756,1.5215692804581649,United Kingdom,ASSORTED CREEPY CRAWLIES
14564.0,0,0.75157386,High Risk,0.0,0.38181769715119207,Channel Islands,FUNKY DIVA PEN
14565.0,1,0.5829488,Medium Risk,0.0,0.0,United Kingdom,PACK OF 6 SKULL PAPER PLATES
14566.0,0,0.50225645,Medium Risk,1309.3393366243952,2.165026834129181,Channel Islands,JUMBO BAG PINK WITH WHITE SPOTS
14569.0,0,0.4457662,Medium Risk,102.28331814953654,1.4477661656206249,United Kingdom,RED SPOTTY BOWL
14572.0,0,0.18348578,Low Risk,972.7685401499763,1.3130314900199105,United Kingdom,ASSTD DESIGN BUBBLE GUM RING
14573.0,0,0.31080595,Low Risk,252.89405802800076,1.590246128076712,United Kingdom,ASSTD DESIGN BUBBLE GUM RING
14574.0,1,0.7581793,High Risk,0.0,0.38517135175621425,United Kingdom,ASSORTED TUTTI FRUTTI PEN
14575.0,1,0.2977007,Low Risk,0.0,0.0,United Kingdom,NATURAL BARK CANDLE SMALL
14577.0,0,0.49560392,Medium Risk,111.18654274078551,0.8559753504558026,United Kingdom,FAIRY CAKE CANDLES
14580.0,1,0.9425573,High Risk,0.0,0.0,United Kingdom,EMPIRE UNION JACK TV DINNER TRAY
14581.0,1,0.6719444,Medium Risk,0.0,0.8574711392407524,United Kingdom,CHARLIE AND LOLA CHARLOTTE BAG
14583.0,0,0.21888673,Low Risk,421.0874875756597,1.3244247744839865,United Kingdom,BALLOON WATER BOMB PACK OF 35
14584.0,0,0.21089147,Low Risk,350.2231821930152,1.827146574995174,United Kingdom,CINNAMON SCENTED VOTIVE CANDLE
14588.0,1,0.7881137,High Risk,0.0,0.7017286918351934,United Kingdom,PINK  SPOTTY PLATE 
14590.0,0,0.0858668,Low Risk,1416.32701657133,9.366163696331423,United Kingdom,RETRO SPOTS BUTTER DISH
14593.0,0,0.093629226,Low Risk,1069.0682526587896,1.9813231022002187,United Kingdom,PINK CRYSTAL HEART PHONE CHARM
14595.0,0,0.6618932,Medium Risk,0.0,0.4421351361316005,United Kingdom,GIN + TONIC DIET METAL SIGN
14596.0,1,0.7613616,High Risk,0.0,0.5585778164508538,United Kingdom,ASSORTED WHITE EMBOSSED CHINA MUGS
14598.0,1,0.619043,Medium Risk,0.0,0.7371634236312025,United Kingdom,12 COLOURED PARTY BALLOONS
14599.0,0,0.58730644,Medium Risk,0.0,0.0,United Kingdom,CHRISTMAS HANGING HEART WITH BELL
14602.0,1,0.7339098,High Risk,0.0,0.49543486475916315,United Kingdom,CAT BOWL 
14604.0,1,0.68266535,Medium Risk,0.0,0.542444897009681,United Kingdom,GRAND CHOCOLATECANDLE
14605.0,0,0.3286533,Low Risk,398.94515528652437,0.890452251363847,United Kingdom,POLYESTER FILLER PAD 45x45cm
14606.0,0,0.02369096,Low Risk,7280.072388389391,36.93309704854417,United Kingdom,VICTORIAN GLASS HANGING T-LIGHT
14607.0,1,0.61492884,Medium Risk,3273.9077690550303,3.6411476160022844,United Kingdom,RED SPOTTY SHOPPER BAG
14608.0,0,0.21784206,Low Risk,451.5416474663215,1.9643447096713995,United Kingdom,CHOCOLATE HOT WATER BOTTLE
14609.0,0,0.32704842,Low Risk,459.41200226520243,3.077055138132462,United Kingdom,BROCADE RING PURSE 
14610.0,0,0.50799644,Medium Risk,0.0,0.0,United Kingdom,BIG DOUGHNUT FRIDGE MAGNETS
14611.0,0,0.6823673,Medium Risk,0.0,0.6340161920795293,United Kingdom,WORLD WAR 2 GLIDERS ASSTD DESIGNS
14613.0,1,0.84768903,High Risk,0.0,0.45435423131461855,United Kingdom,ANTIQUE SILVER TEA GLASS ENGRAVED
14615.0,0,0.30214307,Low Risk,370.37225152962645,3.132092458921937,United Kingdom,WRAP ENGLISH ROSE 
14616.0,0,0.5371182,Medium Risk,0.0,0.835646291656766,United Kingdom,PACK OF 6 SANDCASTLE FLAGS ASSORTED
14618.0,0,0.6211222,Medium Risk,0.0,0.846417847198847,United Kingdom,"ASSORTED FLOWER COLOUR ""LEIS"""
14619.0,1,0.39609024,Low Risk,0.0,0.8746040156777243,United Kingdom,CREAM CUPID HEARTS COAT HANGER
14621.0,1,0.440053,Medium Risk,568.20484773809,2.3009111200748076,United Kingdom,LOVEBIRD HANGING DECORATION WHITE 
14623.0,0,0.15467307,Low Risk,816.2208504085944,3.1865046370848886,United Kingdom,GROW YOUR OWN PLANT IN A CAN 
14624.0,0,0.33846056,Low Risk,304.3914747232884,2.3065324155446896,United Kingdom,DINOSAUR KEYRINGS ASSORTED
14625.0,0,0.14823496,Low Risk,1152.7358296312098,2.566912350192916,United Kingdom,PACK OF 72 RETRO SPOT CAKE CASES
14626.0,0,0.07924958,Low Risk,957.5711728392241,2.5207059055764627,United Kingdom,WHITE HANGING HEART T-LIGHT HOLDER
14628.0,0,0.5111516,Medium Risk,385.8412199655699,0.999645005342074,United Kingdom,WRAP PINK FAIRY CAKES 
14630.0,1,0.7126149,High Risk,0.0,0.0,United Kingdom,"HOOK, 1 HANGER ,MAGIC GARDEN"
14631.0,0,0.71235394,High Risk,0.0,0.0,United Kingdom,BROCADE RING PURSE 
14634.0,0,0.21510513,Low Risk,171.89167760703796,3.281508489876387,United Kingdom,PARTY CONES CANDY ASSORTED
14637.0,1,0.82219493,High Risk,0.0,0.45911250296442674,United Kingdom,EASTER BUNNY GARLAND OF FLOWERS
14639.0,0,0.34165204,Low Risk,840.6677343839966,1.1339622870437802,United Kingdom,WHITE SPOT RED CERAMIC DRAWER KNOB
14640.0,0,0.31470406,Low Risk,840.3893367684885,1.6664661585315683,United Kingdom,BIRTHDAY BANQUET GIFT WRAP
14643.0,1,0.6808197,Medium Risk,509.65995488657813,1.4551109925007184,United Kingdom,GUMBALL COAT RACK
14644.0,0,0.3948991,Low Risk,441.63157551419147,0.891076518680164,United Kingdom,60 TEATIME FAIRY CAKE CASES
14645.0,1,0.833661,High Risk,0.0,0.5402160348884301,United Kingdom,60 GOLD AND SILVER FAIRY CAKE CASES
14646.0,0,0.022941412,Low Risk,87502.96625140532,15.479395995536283,Netherlands,FOLKART ZINC HEART CHRISTMAS DEC
14647.0,1,0.77778566,High Risk,0.0,0.0,United Kingdom,PARTY CONES CANDY ASSORTED
14648.0,0,0.076039426,Low Risk,2123.6012539827852,5.184482969770958,United Kingdom,PLACE SETTING WHITE HEART
14649.0,0,0.25603,Low Risk,693.2081894381165,1.6537374033728962,United Kingdom,ASSORTED INCENSE PACK
14650.0,1,0.8744349,High Risk,0.0,0.6627941955103621,United Kingdom,JUMBO  BAG BAROQUE BLACK WHITE
14651.0,0,0.2925336,Low Risk,551.159296650631,2.7985716391558375,United Kingdom,MUMMY MOUSE RED GINGHAM RIBBON
14653.0,1,0.49135366,Medium Risk,860.7620215504596,2.4622902076300712,United Kingdom,ASSORTED INCENSE PACK
14654.0,1,0.5429028,Medium Risk,0.0,0.3785219817564457,United Kingdom,ANGEL DECORATION STARS ON DRESS
14655.0,0,0.37119246,Low Risk,1018.8489542805451,1.4872494984314908,United Kingdom,JUMBO  BAG BAROQUE BLACK WHITE
14656.0,0,0.1983356,Low Risk,307.5292716203564,1.4421846281142414,United Kingdom,COLOUR GLASS T-LIGHT HOLDER HANGING
14662.0,0,0.33876294,Low Risk,117.1008362624825,0.8682686211420001,United Kingdom,MINI PAINT SET VINTAGE 
14665.0,0,0.7160854,High Risk,0.0,0.6529152259023473,United Kingdom,WHITE HANGING HEART T-LIGHT HOLDER
14667.0,0,0.010080237,Low Risk,4314.234622624544,10.79355115108418,United Kingdom,CHRISTMAS RETROSPOT HEART WOOD
14669.0,1,0.7580303,High Risk,892.395875289925,1.4162482215158951,United Kingdom,ASSTD DESIGN BUBBLE GUM RING
14670.0,1,0.8181087,High Risk,0.0,0.38517135175621425,United Kingdom,IVORY ENCHANTED FOREST PLACEMAT
14671.0,1,0.6606624,Medium Risk,383.3519860316607,1.6889273102324895,United Kingdom,ASSORTED COLOUR SILK GLASSES CASE
14672.0,1,0.6814599,Medium Risk,251.32043672070898,1.0605985529383903,United Kingdom,BALLOON WATER BOMB PACK OF 35
14674.0,1,0.55441225,Medium Risk,0.0,0.0,United Kingdom,HANGING JAM JAR T-LIGHT HOLDER
14676.0,0,0.38849896,Low Risk,477.2086984005124,1.9816528979313328,United Kingdom,JAPANESE CROCHETED ANIMAL
14677.0,1,0.7845754,High Risk,0.0,0.6529152259023473,United Kingdom,SMALL HEART FLOWERS HOOK 
14678.0,1,0.67243665,Medium Risk,0.0,0.6980009301584514,United Kingdom,ANTIQUE SILVER TEA GLASS ETCHED
14679.0,0,0.45631215,Medium Risk,526.9899867557292,0.9018480381079128,United Kingdom,SMALLFOLKART BAUBLE CHRISTMAS DEC
14680.0,0,0.012319809,Low Risk,11935.443016733385,16.616785563893444,United Kingdom,LUNCH BAG RED SPOTTY
14681.0,0,0.51215345,Medium Risk,121.38693642416975,1.0738730615798113,United Kingdom,ANTIQUE GLASS DRESSING TABLE POT
14682.0,0,0.44723928,Medium Risk,213.56494863952437,1.7488875797785794,United Kingdom,PACK OF 12 PINK SPOT TISSUES 
14683.0,1,0.7240506,High Risk,0.0,0.6661540393934032,United Kingdom,LETTER SHAPE PENCIL SHARPENER
14685.0,1,0.7414834,High Risk,2156.864648251506,2.540201028351196,United Kingdom,GRAND CHOCOLATECANDLE
14686.0,0,0.35663745,Low Risk,0.0,0.4898976711514225,United Kingdom,HEART FILIGREE DOVE  SMALL
14687.0,0,0.39789164,Low Risk,0.0,0.8199940768413364,United Kingdom,COLOUR GLASS T-LIGHT HOLDER HANGING
14688.0,0,0.33638376,Low Risk,0.0,0.0,United Kingdom,PACK OF 72 RETROSPOT CAKE CASES
14692.0,0,0.13480923,Low Risk,419.9854453055304,3.7716654629115633,United Kingdom,SMALL POPCORN HOLDER
14693.0,0,0.16661535,Low Risk,911.5668137317058,5.020844560842118,United Kingdom,TOILET METAL SIGN
14694.0,1,0.79666346,High Risk,0.0,0.5807879842534002,United Kingdom,DINOSAUR KEYRINGS ASSORTED
14695.0,1,0.63359696,Medium Risk,683.0561068154927,0.8994097873602508,United Kingdom,TRADITIONAL KNITTING NANCY
14699.0,0,0.5413348,Medium Risk,494.70687262311276,2.2821977489206517,United Kingdom,ZINC FOLKART SLEIGH BELLS
14700.0,0,0.6288501,Medium Risk,0.0,0.0,United Kingdom,12 PINK ROSE PEG PLACE SETTINGS
14701.0,0,0.20674238,Low Risk,685.3935624318314,1.0452371038403736,United Kingdom,STAR PORTABLE TABLE LIGHT 
14702.0,0,0.06541181,Low Risk,1116.7625980393298,4.652894551993392,United Kingdom,ANTIQUE SILVER TEA GLASS ETCHED
14704.0,0,0.60218585,Medium Risk,0.0,0.5633651887229109,United Kingdom,ZINC METAL HEART DECORATION
14706.0,1,0.76193357,High Risk,0.0,0.5782332510400658,United Kingdom,HEART DECORATION WITH PEARLS 
14707.0,0,0.6381384,Medium Risk,0.0,0.7093051154682692,United Kingdom,HANGING METAL HEART LANTERN
14708.0,0,0.48915344,Medium Risk,0.0,0.0,United Kingdom,MULTI COLOUR SILVER T-LIGHT HOLDER
14709.0,0,0.022003641,Low Risk,1690.9378420095438,4.585426816901628,United Kingdom,JUMBO  BAG BAROQUE BLACK WHITE
14710.0,0,0.06763515,Low Risk,568.734159073912,3.513132458191509,United Kingdom,HAIRCLIPS FORTIES FABRIC ASSORTED
14713.0,0,0.077129036,Low Risk,763.7770016744283,3.513903327888866,United Kingdom,PAPER CHAIN KIT 50'S CHRISTMAS 
14714.0,0,0.30142513,Low Risk,394.640301236412,1.0239862504600574,United Kingdom,60 TEATIME FAIRY CAKE CASES
14715.0,0,0.27557042,Low Risk,462.9771573461306,1.6495416069640594,United Kingdom,LARGE CIRCULAR MIRROR MOBILE
14717.0,1,0.70000464,High Risk,0.0,0.3840469351105322,United Kingdom,JUMBO BAG RED WHITE SPOTTY 
14722.0,1,0.5276824,Medium Risk,484.5141769006135,3.2295106859838243,United Kingdom,ASSORTED TUTTI FRUTTI NOTEBOOK
14723.0,0,0.1991201,Low Risk,227.77963786390532,1.428579963104774,United Kingdom,ASSTD DESIGN BUBBLE GUM RING
14724.0,1,0.6608717,Medium Risk,0.0,0.6594681147764587,United Kingdom,HANGING JAM JAR T-LIGHT HOLDER
14725.0,0,0.43175563,Medium Risk,0.0,0.9173779310043912,United Kingdom,WORLD WAR 2 GLIDERS ASSTD DESIGNS
14726.0,1,0.8401198,High Risk,0.0,0.4991964647568908,United Kingdom,HANGING HEART JAR T-LIGHT HOLDER
14727.0,1,0.74624586,High Risk,0.0,0.846417847198847,United Kingdom,GARDENERS KNEELING PAD
14729.0,0,0.46274194,Medium Risk,0.0,0.5609612774510851,United Kingdom,PARTY CONES CANDY ASSORTED
14732.0,0,0.07327674,Low Risk,1061.6577181528132,4.107201959874898,United Kingdom,LOVEBIRD HANGING DECORATION WHITE 
14734.0,0,0.4417649,Medium Risk,562.8511674761343,1.9147812826305897,United Kingdom,WHITE HANGING HEART T-LIGHT HOLDER
14735.0,0,0.03096338,Low Risk,2073.0574104268294,7.713849803935005,United Kingdom,HANGING JAM JAR T-LIGHT HOLDER
14736.0,1,0.48356393,Medium Risk,0.0,0.0,United Kingdom,MAGIC DRAWING SLATE DINOSAUR
14738.0,1,0.54894,Medium Risk,216.86150355634274,0.8944851452160756,United Kingdom,WHITE HANGING HEART T-LIGHT HOLDER
14739.0,0,0.012036672,Low Risk,2905.815988883288,7.1488600254679096,United Kingdom,WORLD WAR 2 GLIDERS ASSTD DESIGNS
14740.0,0,0.32456782,Low Risk,1520.4704582202485,3.956374098621831,United Kingdom,CACTI T-LIGHT CANDLES
14743.0,1,0.87660587,High Risk,0.0,0.6529152259023473,United Kingdom,COLOUR GLASS T-LIGHT HOLDER HANGING
14744.0,0,0.6289715,Medium Risk,1539.4248381421273,2.731135992495854,United Kingdom,LUNCH BAG RED RETROSPOT
14745.0,1,0.58743745,Medium Risk,799.8046458138826,4.196492211516007,United Kingdom,CACTI T-LIGHT CANDLES
14748.0,0,0.3283286,Low Risk,390.826352582782,1.9352747321237447,United Kingdom,LETTER SHAPE PENCIL SHARPENER
14749.0,1,0.76407444,High Risk,0.0,0.0,United Kingdom,SKULLS AND CROSSBONES WRAP
14750.0,1,0.8278299,High Risk,0.0,0.38071276227821854,United Kingdom,PINK SPOTS  WRAP 
14751.0,1,0.882735,High Risk,67.51786734005849,0.8564400006934442,United Kingdom,SMALL HEART FLOWERS HOOK 
14753.0,1,0.6995999,Medium Risk,0.0,0.0,United Kingdom,DINOSAUR KEYRINGS ASSORTED
14754.0,0,0.24913965,Low Risk,135.07686549842467,1.6438644691570676,United Kingdom,WRAP CHRISTMAS VILLAGE
14755.0,0,0.016681584,Low Risk,1715.7791183050701,4.558675316911951,United Kingdom,WHITE HANGING HEART T-LIGHT HOLDER
14758.0,0,0.16601807,Low Risk,1052.4340477000026,1.398042862846767,United Kingdom,CINNAMON SCENTED VOTIVE CANDLE
14762.0,1,0.77687603,High Risk,0.0,0.5585778164508538,United Kingdom,ASSTD DESIGN BUBBLE GUM RING
14766.0,0,0.5115047,Medium Risk,2300.635061884244,3.0757822002056736,United Kingdom,SET OF 6 VINTAGE NOTELETS KIT
14767.0,1,0.7176143,High Risk,0.0,0.0,United Kingdom,CHRISTMAS GINGHAM HEART
14769.0,0,0.049160067,Low Risk,1543.2549987023656,3.1094479480400756,United Kingdom,WORLD WAR 2 GLIDERS ASSTD DESIGNS
14770.0,1,0.43005288,Medium Risk,1499.4833764949801,3.9562175591442292,United Kingdom,ASSORTED COLOUR BIRD ORNAMENT
14771.0,1,0.70910203,High Risk,328.7491361453377,0.8718653215054016,United Kingdom,BIRTHDAY BANQUET GIFT WRAP
14773.0,1,0.7769231,High Risk,0.0,0.6529152259023473,United Kingdom,SEWING SUSAN 21 NEEDLE SET
14774.0,1,0.73107475,High Risk,0.0,0.0,United Kingdom,FILIGRIS HEART WITH BUTTERFLY
14783.0,1,0.8464351,High Risk,0.0,0.4898976711514225,United Kingdom,WORLD WAR 2 GLIDERS ASSTD DESIGNS
14786.0,1,0.8616712,High Risk,0.0,0.8251458288756056,United Kingdom,12 PENCIL SMALL TUBE WOODLAND
14787.0,1,0.65574515,Medium Risk,0.0,0.0,United Kingdom,LUNCH BAG  BLACK SKULL.
14788.0,1,0.4618742,Medium Risk,0.0,0.6401929720168921,United Kingdom,PENS ASSORTED SPACEBALL
14790.0,0,0.1284857,Low Risk,515.3281842964448,1.9931496556285446,United Kingdom,CACTI T-LIGHT CANDLES
14791.0,1,0.6189658,Medium Risk,0.0,0.6104579882490266,United Kingdom,FAIRY SOAP SOAP HOLDER
14793.0,1,0.7283831,High Risk,0.0,0.9110126060303699,United Kingdom,EMPIRE GIFT WRAP
14794.0,0,0.6894063,Medium Risk,0.0,0.0,United Kingdom,LADLE LOVE HEART RED 
14796.0,0,0.12389993,Low Risk,455.2855586294037,2.551467375287619,United Kingdom,SWEETHEART CERAMIC TRINKET BOX
14797.0,1,0.47183993,Medium Risk,0.0,0.0,United Kingdom,DOLLY GIRL LUNCH BOX
14798.0,0,0.36094055,Low Risk,320.55421634330327,2.613392332203916,United Kingdom,VICTORIAN GLASS HANGING T-LIGHT
14799.0,1,0.7548717,High Risk,0.0,0.37961420886422387,United Kingdom,DISCO BALL CHRISTMAS DECORATION
14805.0,0,0.21791123,Low Risk,260.64760316704303,1.329721649893127,United Kingdom,MINI HIGHLIGHTER PENS
14807.0,0,0.60918295,Medium Risk,0.0,0.5088554614659272,United Kingdom,HANGING JAM JAR T-LIGHT HOLDER
14809.0,1,0.7927262,High Risk,0.0,0.5707022922724782,United Kingdom,HANGING HEART JAR T-LIGHT HOLDER
14812.0,1,0.68308204,Medium Risk,0.0,0.6340161920795293,United Kingdom,FAIRY CAKES NOTEBOOK A6 SIZE
14813.0,0,0.32861513,Low Risk,0.0,0.5993241490614548,United Kingdom,WRAP CHRISTMAS VILLAGE
14814.0,1,0.6457177,Medium Risk,0.0,0.6906631232847503,United Kingdom,ASSORTED SHAPES PHOTO CLIP SILVER 
14817.0,0,0.2522801,Low Risk,1161.575953142485,2.0831873915887,United Kingdom,COLOUR GLASS T-LIGHT HOLDER HANGING
14818.0,1,0.74182445,High Risk,414.7897507225203,1.921478258472097,United Kingdom,WRAP BLUE RUSSIAN FOLKART
14819.0,1,0.92192686,High Risk,180.35619149938435,0.9399971358200854,United Kingdom,REX CASH+CARRY JUMBO SHOPPER
14820.0,0,0.26489088,Low Risk,195.9639082446468,1.0521349408403007,United Kingdom,HANGING JAM JAR T-LIGHT HOLDER
14821.0,0,0.21754572,Low Risk,259.6341372317401,1.0299483497634756,United Kingdom,ASSORTED COLOUR BIRD ORNAMENT
14822.0,1,0.6081264,Medium Risk,0.0,0.0,United Kingdom,GROW YOUR OWN PLANT IN A CAN 
14824.0,0,0.22586018,Low Risk,899.7500071388216,1.9951631956900342,United Kingdom,JUMBO  BAG BAROQUE BLACK WHITE
14825.0,0,0.12794207,Low Risk,1070.3838968463322,5.485630748883627,United Kingdom,SMALLFOLKART BAUBLE CHRISTMAS DEC
14826.0,1,0.5332947,Medium Risk,254.88633506273294,0.9962556216430017,United Kingdom,"DECORATION, HANGING HEART+MIRROR "
14828.0,0,0.057142366,Low Risk,3132.393924864505,3.555167632309461,United Kingdom,STRAWBERRY CHARLOTTE BAG
14831.0,1,0.587295,Medium Risk,862.2838915792032,0.8399366589395552,United Kingdom,60 TEATIME FAIRY CAKE CASES
14832.0,1,0.88528544,High Risk,0.0,0.5492433400290678,United Kingdom,Manual
14833.0,1,0.8847145,High Risk,0.0,0.0,United Kingdom,ANTIQUE SILVER TEA GLASS ETCHED
14835.0,1,0.5625915,Medium Risk,200.37150424726204,1.3492021083624082,United Kingdom,GLASS HONEYPOT WASP CATCHER
14837.0,0,0.1690893,Low Risk,944.6018321167987,2.2937791165611983,United Kingdom,CACTI T-LIGHT CANDLES
14838.0,0,0.5930951,Medium Risk,0.0,0.38071276227821854,United Kingdom,BLUE POLKADOT WRAP
14839.0,0,0.24149865,Low Risk,220.5663940209837,0.9690531069147997,United Kingdom,BLUE SCANDINAVIAN PAISLEY WRAP
14840.0,1,0.80865073,High Risk,0.0,0.8864120161437299,United Kingdom,36 PENCILS TUBE SKULLS
14841.0,0,0.06868348,Low Risk,1265.3526590336007,2.9832435219120867,United Kingdom,ASSORTED COLOUR SILK COIN PURSE
14844.0,0,0.22116052,Low Risk,1922.5637816920366,2.2874483779145782,United Kingdom,JUMBO BAG RED RETROSPOT
14845.0,1,0.8386132,High Risk,0.0,0.6309723370939762,United Kingdom,CHINESE DRAGON PAPER LANTERNS
14847.0,0,0.34534127,Low Risk,0.0,0.758442616495476,United Kingdom,WHITE HANGING HEART T-LIGHT HOLDER
14849.0,0,0.10121817,Low Risk,3448.8289004306603,4.536108485395252,United Kingdom,COLOUR GLASS T-LIGHT HOLDER HANGING
14850.0,0,0.25824913,Low Risk,0.0,0.741323072590564,United Kingdom,PACK OF 72 RETROSPOT CAKE CASES
14851.0,1,0.8698712,High Risk,0.0,0.5492433400290678,United Kingdom,ASSORTED COLOUR SILK COIN PURSE
14852.0,0,0.12588154,Low Risk,1856.925844629296,3.368960274904441,United Kingdom,60 TEATIME FAIRY CAKE CASES
14853.0,0,0.40966472,Medium Risk,283.47204971265705,1.4161099328390674,United Kingdom,MAGIC DRAWING SLATE GO TO THE FAIR 
14854.0,0,0.14244765,Low Risk,874.3633931722327,1.6666865579933037,United Kingdom,ASSTD DESIGN BUBBLE GUM RING
14855.0,1,0.8333667,High Risk,5237.738435343273,2.246193930492779,United Kingdom,JUMBO BAG PINK WITH WHITE SPOTS
14857.0,0,0.38944593,Low Risk,1129.257813451737,1.2464651956840158,United Kingdom,SLEEPING CAT ERASERS
14858.0,1,0.72140324,High Risk,0.0,0.0,United Kingdom,CIRCUS PARADE LUNCH BOX 
14859.0,1,0.60346663,Medium Risk,0.0,0.8049182224586419,United Kingdom,JUMBO BAG PINK WITH WHITE SPOTS
14861.0,0,0.10807096,Low Risk,358.8713427608738,3.0360163724016926,United Kingdom,STRAWBERRY CERAMIC TRINKET BOX
14865.0,0,0.5998384,Medium Risk,0.0,0.3785219817564457,United Kingdom,FENG SHUI PILLAR CANDLE
14866.0,0,0.5225565,Medium Risk,0.0,0.0,United Kingdom,PAPER CHAIN KIT VINTAGE CHRISTMAS
14867.0,0,0.09813801,Low Risk,965.0259984634686,5.630967939040369,United Kingdom,ASSORTED COLOUR BIRD ORNAMENT
14869.0,0,0.32232732,Low Risk,965.192296815424,1.4811460358751143,United Kingdom,ANGEL DECORATION 3 BUTTONS 
14870.0,0,0.36618882,Low Risk,729.6583896535058,1.6835699776291593,United Kingdom,CREAM CUPID HEARTS COAT HANGER
14871.0,1,0.43181902,Medium Risk,375.942047152832,2.4555062212568286,United Kingdom,COLOUR GLASS. STAR T-LIGHT HOLDER
14872.0,1,0.5170789,Medium Risk,575.0715392553374,2.0323336536640655,United Kingdom,SMALL STRIPES CHOCOLATE GIFT BAG 
14873.0,1,0.6998034,Medium Risk,0.0,0.542444897009681,United Kingdom,60 TEATIME FAIRY CAKE CASES
14874.0,1,0.78458554,High Risk,0.0,0.9110126060303699,United Kingdom,COLOUR GLASS T-LIGHT HOLDER HANGING
14876.0,1,0.7898528,High Risk,122.96392108933223,1.7864911237266445,United Kingdom,"DECORATION, HANGING HEART+MIRROR "
14877.0,0,0.6485858,Medium Risk,0.0,0.5230241862181184,United Kingdom,FELT FARM ANIMAL WHITE BUNNY 
14878.0,0,0.17041622,Low Risk,994.6146687091319,5.256213462584531,United Kingdom,ASSTD DESIGN BUBBLE GUM RING
14879.0,1,0.7604613,High Risk,0.0,0.44816133632148825,United Kingdom,CACTI T-LIGHT CANDLES
14882.0,0,0.38684326,Low Risk,878.2324753358834,4.526522665440377,United Kingdom,COLOUR GLASS T-LIGHT HOLDER HANGING
14884.0,1,0.8358872,High Risk,0.0,0.4723029502992123,United Kingdom,FELTCRAFT BUTTERFLY HEARTS
14885.0,0,0.2759502,Low Risk,0.0,0.0,United Kingdom,72 CAKE CASES VINTAGE CHRISTMAS
14890.0,1,0.74665576,High Risk,523.9524772897256,1.0979879863827664,United Kingdom,ASSTD DESIGN BUBBLE GUM RING
14892.0,1,0.7316789,High Risk,0.0,0.4391824562071251,United Kingdom,HEART T-LIGHT HOLDER
14893.0,1,0.7889365,High Risk,0.0,0.5807879842534002,United Kingdom,HEART FILIGREE DOVE  SMALL
14894.0,0,0.40330708,Medium Risk,0.0,0.37961420886422387,United Kingdom,RAIN PONCHO WITH RED SPOTS
14895.0,0,0.060854275,Low Risk,6145.6418559348285,5.719103204682958,United Kingdom,MAGIC DRAWING SLATE DOLLY GIRL 
14896.0,0,0.07381827,Low Risk,664.6737341366617,3.017733225834738,United Kingdom,"KEY FOB , GARAGE DESIGN"
14897.0,0,0.5829179,Medium Risk,357.622800995271,0.9096720069595408,United Kingdom,ROSES IN WHITE HEART CANDLE 
14898.0,0,0.06972479,Low Risk,700.7063209408268,2.9917911486995923,United Kingdom,PLACE SETTING WHITE HEART
14900.0,1,0.9425573,High Risk,0.0,0.0,United Kingdom,STRIPY DESIGN SHOWER CAP
14901.0,0,0.25326982,Low Risk,444.5204578117067,2.8802763369832927,United Kingdom,SET OF 20 VINTAGE CHRISTMAS NAPKINS
14902.0,0,0.71340215,High Risk,0.0,0.8098814458855172,United Kingdom,SMALL POPCORN HOLDER
14905.0,0,0.15481566,Low Risk,498.64589327484344,1.9473732919140594,United Kingdom,WHITE HANGING HEART T-LIGHT HOLDER
14907.0,0,0.7019365,High Risk,0.0,0.6220138440923555,United Kingdom,COLOUR GLASS. STAR T-LIGHT HOLDER
14908.0,1,0.58476573,Medium Risk,0.0,0.0,United Kingdom,HEART IVORY TRELLIS LARGE
14909.0,0,0.24714094,Low Risk,1022.762520467679,1.114843056541703,United Kingdom,60 TEATIME FAIRY CAKE CASES
14911.0,0,0.038424063,Low Risk,45190.47399038121,41.392311248571716,EIRE,60 TEATIME FAIRY CAKE CASES
14912.0,0,0.5419074,Medium Risk,579.1057948224316,1.0358157990587078,Italy,"FEATHER PEN,HOT PINK"
14913.0,0,0.28098968,Low Risk,0.0,0.0,United Kingdom,SMALL POPCORN HOLDER
14915.0,0,0.042946965,Low Risk,521.6497686395038,2.4700830516535626,United Kingdom,SET/6 PURPLE BUTTERFLY T-LIGHTS
14916.0,0,0.37051776,Low Risk,620.007716559181,2.1671299761000324,United Kingdom,JUMBO BAG RED RETROSPOT
14917.0,1,0.7940135,High Risk,0.0,0.6401929720168921,United Kingdom,PIECE OF CAMO STATIONERY SET
14918.0,0,0.2074762,Low Risk,2508.8374197140324,3.89306750811525,United Kingdom,HOT BATHS METAL SIGN
14919.0,1,0.6796038,Medium Risk,0.0,0.8864120161437299,United Kingdom,12 PENCILS SMALL TUBE RED SPOTTY
14920.0,1,0.65410686,Medium Risk,0.0,0.7540889284243036,United Kingdom,"KEY FOB , BACK DOOR "
14922.0,0,0.350836,Low Risk,0.0,0.0,United Kingdom,BLUE SPOTS  WRAP
14924.0,1,0.5900531,Medium Risk,450.5421651255839,1.181304255697239,United Kingdom,"BROCADE PURSE,SMALL ARCH BUTTON"
14926.0,0,0.6496564,Medium Risk,0.0,0.6340161920795293,United Kingdom,BLACK WINE GLASS
14928.0,1,0.76730263,High Risk,0.0,0.5562145456994483,United Kingdom,FANCY FONTS BIRTHDAY WRAP
14930.0,1,0.80846906,High Risk,2446.219110075252,2.288119950632823,Channel Islands,PACK OF 60 PINK PAISLEY CAKE CASES
14935.0,1,0.884953,High Risk,0.0,0.5757009194925897,Channel Islands,RAIN PONCHO 
14936.0,0,0.4150562,Medium Risk,0.0,0.6834781815855456,Channel Islands,SET OF 6 RIBBONS VINTAGE CHRISTMAS
14938.0,1,0.8464582,High Risk,0.0,0.7673027805925606,Channel Islands,ANTIQUE GLASS PLACE SETTING
14940.0,0,0.87680423,High Risk,0.0,0.3840469351105322,United Kingdom,MINI PAINT SET VINTAGE 
14941.0,1,0.7824007,High Risk,0.0,0.7017286918351934,United Kingdom,WHITE HANGING HEART T-LIGHT HOLDER
14942.0,0,0.45121953,Medium Risk,266.72997804881686,1.452352871105203,United Kingdom,WHITE HANGING HEART T-LIGHT HOLDER
14943.0,1,0.8045954,High Risk,0.0,0.482704633464161,United Kingdom,HYACINTH BULB T-LIGHT CANDLES
14944.0,0,0.12125703,Low Risk,1325.0785770798661,1.8282686785362199,United Kingdom,WHITE HANGING HEART T-LIGHT HOLDER
14947.0,0,0.36352184,Low Risk,311.6276880785948,2.1091743173565214,United Kingdom,GROW YOUR OWN PLANT IN A CAN 
14949.0,1,0.34367383,Low Risk,311.5913966599403,2.0363624661433315,United Kingdom,NO SINGING METAL SIGN
14952.0,0,0.009662265,Low Risk,3504.2268268544717,5.603187524610095,United Kingdom,PINK CREAM FELT CRAFT TRINKET BOX 
14954.0,1,0.6413692,Medium Risk,0.0,0.4209120828268408,United Kingdom,CACTI T-LIGHT CANDLES
14955.0,1,0.7988867,High Risk,0.0,0.38517135175621425,United Kingdom,RED HANGING METAL STAR TLIGHT HLDR
14957.0,1,0.8051377,High Risk,0.0,0.518896018407841,United Kingdom,BLACK GEMSTONE BRACELET
14958.0,1,0.50329864,Medium Risk,214.88840951402472,1.4228550630364216,United Kingdom,IVORY PILLAR CANDLE SILVER FLOCK
14961.0,0,0.1087317,Low Risk,3343.033027154969,3.5241000280932715,United Kingdom,PACK OF 72 RETRO SPOT CAKE CASES
14962.0,1,0.78332597,High Risk,170.32784535926768,2.5441051340560685,United Kingdom,HANGING RIDGE GLASS T-LIGHT HOLDER
14963.0,0,0.52052796,Medium Risk,0.0,0.0,United Kingdom,ASSTD DESIGN BUBBLE GUM RING
14966.0,0,0.6092455,Medium Risk,180.62525086761698,0.7793700296745758,United Kingdom,FUNKY MONKEY GIFT BAG MEDIUM
14967.0,0,0.38883847,Low Risk,557.6507723015931,0.8562231979112991,United Kingdom,CHOCOLATE HOT WATER BOTTLE
14968.0,1,0.37503117,Low Risk,0.0,0.0,United Kingdom,FOOD/DRINK SPONGE STICKERS
14969.0,1,0.7551528,High Risk,0.0,0.4209120828268408,United Kingdom,PACK OF 12 HEARTS DESIGN TISSUES 
14970.0,0,0.27933753,Low Risk,2016.3792101252761,3.1314788026339295,United Kingdom,DOOR MAT UNION FLAG
14977.0,1,0.9027942,High Risk,0.0,0.3932306320164019,United Kingdom,"DECORATION HEN ON NEST, HANGING"
14978.0,0,0.12967458,Low Risk,730.6855165726104,3.3767536198030106,United Kingdom,SMALL SPOTTY CHOCOLATE GIFT BAG 
14979.0,1,0.8355052,High Risk,0.0,0.38181769715119207,United Kingdom,FOLKART ZINC STAR CHRISTMAS DEC
14980.0,1,0.57953906,Medium Risk,0.0,0.37961420886422387,United Kingdom,ASSTD DESIGN BUBBLE GUM RING
14982.0,1,0.6734177,Medium Risk,0.0,0.7249602806946351,United Kingdom,BLUE  SPOTTY PLATE 
14983.0,1,0.7604613,High Risk,0.0,0.4406538456231922,United Kingdom,PEARL CRYSTAL PUMPKIN T-LIGHT HLDR
14984.0,0,0.36198115,Low Risk,478.87757832934426,0.9967153360490997,United Kingdom,SET/3 VANILLA SCENTED CANDLE IN BOX
14986.0,0,0.40366846,Medium Risk,0.0,0.44816133632148825,United Kingdom,GLITTER CHRISTMAS HEART 
14987.0,0,0.29238936,Low Risk,275.43669506050946,1.3825042516718844,United Kingdom,WHITE HANGING HEART T-LIGHT HOLDER
14988.0,0,0.34268948,Low Risk,210.42105500038812,1.3937651737017827,United Kingdom,PIECE OF CAMO STATIONERY SET
14989.0,1,0.7998009,High Risk,0.0,0.48627452792497006,United Kingdom,PACK OF 60 PINK PAISLEY CAKE CASES
14990.0,1,0.7404301,High Risk,116.01063497482507,0.8891290798328273,United Kingdom,GLASS HEART T-LIGHT HOLDER 
14993.0,1,0.74671173,High Risk,0.0,0.7628469375153665,United Kingdom,LAVENDER SCENTED FABRIC HEART
14994.0,0,0.40857488,Medium Risk,261.1103090728939,1.2785276157709315,United Kingdom,PAINTED PINK RABBIT 
14996.0,1,0.7171177,High Risk,0.0,0.0,United Kingdom,HEART DECORATION WITH PEARLS 
14997.0,1,0.7939052,High Risk,0.0,0.4973085447268378,United Kingdom,ASSTD DESIGN BUBBLE GUM RING
14998.0,0,0.73946357,High Risk,0.0,0.6133064633739567,United Kingdom,CUBIC MUG PINK POLKADOT
14999.0,1,0.82757795,High Risk,0.0,0.6529152259023473,United Kingdom,CHINESE DRAGON PAPER LANTERNS
15002.0,0,0.057075966,Low Risk,1330.9959115795687,2.793564546945457,United Kingdom,WHITE HANGING HEART T-LIGHT HOLDER
15003.0,1,0.60776156,Medium Risk,491.95313931132665,3.547895834588935,United Kingdom,ASSTD DESIGN BUBBLE GUM RING
15005.0,0,0.0133693805,Low Risk,2961.1276200597695,11.281596178155995,United Kingdom,DINOSAUR KEYRINGS ASSORTED
15008.0,1,0.7459455,High Risk,369.5074627182283,1.2504354808497555,United Kingdom,PACK OF 12 BLUE PAISLEY TISSUES 
15012.0,0,0.30520934,Low Risk,0.0,0.7093051154682692,United Kingdom,DINOSAUR KEYRINGS ASSORTED
15013.0,1,0.40320355,Medium Risk,972.6805947291327,6.129275900713131,United Kingdom,PIECE OF CAMO STATIONERY SET
15015.0,1,0.46741015,Medium Risk,1312.8383577596203,5.786404507883843,United Kingdom,DINOSAUR KEYRINGS ASSORTED
15016.0,0,0.5481123,Medium Risk,0.0,0.8631069160412602,United Kingdom,SET/6 RED SPOTTY PAPER CUPS
15021.0,0,0.23220994,Low Risk,0.0,0.0,United Kingdom,DOGGY RUBBER
15022.0,1,0.7955314,High Risk,0.0,0.45911250296442674,United Kingdom,RED HANGING HEART T-LIGHT HOLDER
15023.0,0,0.054723904,Low Risk,2141.3277197037996,3.6476723976262715,United Kingdom,WHITE HANGING HEART T-LIGHT HOLDER
15025.0,1,0.588352,Medium Risk,0.0,0.741323072590564,United Kingdom,BOTANICAL LAVENDER GIFT WRAP 
15027.0,0,0.46379754,Medium Risk,732.3380052556902,2.105963875246848,United Kingdom,BLUE HARMONICA IN BOX 
15029.0,1,0.832755,High Risk,0.0,0.5757009194925897,United Kingdom,PACK OF 72 RETRO SPOT CAKE CASES
15030.0,0,0.43786085,Medium Risk,590.8681492264496,1.9336955852323574,United Kingdom,VICTORIAN GLASS HANGING T-LIGHT
15031.0,0,0.09501881,Low Risk,1040.353169824864,3.563778723863579,United Kingdom,BLUE SPOT CERAMIC DRAWER KNOB
15032.0,0,0.21170741,Low Risk,1022.3181400687405,1.4547274767088132,United Kingdom,JUMBO BAG STRAWBERRY
15034.0,0,0.30578247,Low Risk,823.3988248111415,1.634054554713814,United Kingdom,SMALL POPCORN HOLDER
15039.0,0,0.00928232,Low Risk,6642.9134687253945,15.313094301380126,United Kingdom,"ASSORTED FLOWER COLOUR ""LEIS"""
15040.0,1,0.83488166,High Risk,0.0,0.8746040156777243,United Kingdom,DOOR MAT BLACK FLOCK 
15042.0,1,0.7315287,High Risk,0.0,0.6433267706413722,United Kingdom,ANTIQUE SILVER TEA GLASS ENGRAVED
15043.0,1,0.57794815,Medium Risk,3020.5456474855996,6.008023360891386,United Kingdom,JUMBO BAG TOYS 
15044.0,0,0.05741629,Low Risk,2532.8873027523487,4.193050648331056,United Kingdom,WHITE HANGING HEART T-LIGHT HOLDER
15046.0,0,0.061562486,Low Risk,1127.430203176985,5.190613642372398,United Kingdom,ASSORTED COLOUR BIRD ORNAMENT
15050.0,0,0.2283903,Low Risk,0.0,0.0,United Kingdom,HEART IVORY TRELLIS SMALL
15051.0,0,0.07825549,Low Risk,660.2251426418225,1.9362322821287532,United Kingdom,AGED GLASS SILVER T-LIGHT HOLDER
15055.0,1,0.58651394,Medium Risk,250.3187054690259,1.4811460358751143,United Kingdom,TEA BAG PLATE RED SPOTTY 
15056.0,1,0.724638,High Risk,0.0,0.0,United Kingdom,HEART IVORY TRELLIS LARGE
15057.0,0,0.3914238,Low Risk,599.4113424155786,0.8753846647552269,United Kingdom,BLACK RECORD COVER FRAME
15058.0,0,0.27960625,Low Risk,486.5832364310298,1.877317155826259,United Kingdom,PINK BLUE FELT CRAFT TRINKET BOX
15059.0,0,0.05800059,Low Risk,781.0662408936615,3.545169259063369,United Kingdom,DISCO BALL CHRISTMAS DECORATION
15061.0,0,0.026453186,Low Risk,26056.12528963277,16.472853511429225,United Kingdom,ASSORTED COLOUR BIRD ORNAMENT
15062.0,0,0.22950144,Low Risk,591.1622363719918,2.2454259952347546,United Kingdom,WRAP CHRISTMAS SCREEN PRINT
15064.0,0,0.28209174,Low Risk,448.6386111032117,1.508241730237467,United Kingdom,MAGIC DRAWING SLATE CIRCUS PARADE  
15067.0,0,0.50081384,Medium Risk,0.0,0.6076358805954211,United Kingdom,MAGIC DRAWING SLATE BUNNIES 
15068.0,0,0.5451317,Medium Risk,0.0,0.5707022922724782,United Kingdom,ASSORTED SANSKRIT MINI NOTEBOOK
15070.0,0,0.5844922,Medium Risk,341.76733254678095,0.9099024509235526,United Kingdom,PAPER CHAIN KIT 50'S CHRISTMAS 
15071.0,0,0.4128547,Medium Risk,0.0,0.73305025601635,United Kingdom,"DECORATION HEN ON NEST, HANGING"
15072.0,1,0.7313082,High Risk,0.0,0.0,United Kingdom,ASSTD DESIGN BUBBLE GUM RING
15073.0,0,0.48191246,Medium Risk,315.00328749064454,1.0367163951520415,United Kingdom,PACK OF 72 RETRO SPOT CAKE CASES
15074.0,0,0.53163546,Medium Risk,0.0,0.0,United Kingdom,PACK OF 12 BLUE PAISLEY TISSUES 
15076.0,1,0.5611504,Medium Risk,41.34792835228787,2.33470345428521,United Kingdom,60 TEATIME FAIRY CAKE CASES
15077.0,1,0.46695283,Medium Risk,1713.7362969415822,0.9068079336924234,United Kingdom,EDWARDIAN PARASOL NATURAL
15078.0,0,0.014239349,Low Risk,3358.548457154274,7.190594333687124,United Kingdom,JUMBO STORAGE BAG SUKI
15079.0,0,0.039158463,Low Risk,1307.3336183282877,2.5063470539208685,United Kingdom,WHITE HANGING HEART T-LIGHT HOLDER
15080.0,0,0.52400655,Medium Risk,0.0,0.0,United Kingdom,3D STICKERS TRADITIONAL CHRISTMAS 
15081.0,0,0.18128327,Low Risk,1138.6867259898738,4.671724016767429,United Kingdom,HANGING HEART ZINC T-LIGHT HOLDER
15082.0,1,0.8038473,High Risk,0.0,0.4740052915528213,United Kingdom,STRAWBERRY BATH SPONGE 
15084.0,0,0.7078642,High Risk,0.0,0.5168563005280814,United Kingdom,60 CAKE CASES VINTAGE CHRISTMAS
15085.0,1,0.8542062,High Risk,0.0,0.38858448782470556,United Kingdom,SKULLS WRAP
15086.0,1,0.57283,Medium Risk,175.20855905759228,1.2881161459654256,United Kingdom,GLASS  BEURRE DISH
15091.0,1,0.722025,High Risk,0.0,0.46397158674080524,United Kingdom,WHITE HANGING HEART T-LIGHT HOLDER
15092.0,1,0.84982586,High Risk,0.0,0.0,United Kingdom,HANGING METAL STAR LANTERN
15093.0,0,0.08748566,Low Risk,3859.077619107829,4.625766372080891,United Kingdom,WORLD WAR 2 GLIDERS ASSTD DESIGNS
15094.0,1,0.9332669,High Risk,54.13832895447254,1.2178921643205605,United Kingdom,WOODEN FRAME ANTIQUE WHITE 
15095.0,0,0.19953094,Low Risk,790.1109350569627,2.270169518105853,United Kingdom,"KEY FOB , SHED"
15097.0,1,0.62395406,Medium Risk,0.0,0.6834781815855456,United Kingdom,ANTIQUE SILVER TEA GLASS ENGRAVED
15100.0,0,0.59780544,Medium Risk,0.0,0.4236232453884501,United Kingdom,VICTORIAN SEWING BOX LARGE
15101.0,1,0.38156357,Low Risk,1244.4226921997738,3.376114693051276,United Kingdom,GREEN POP ART MAO CUSHION COVER 
15102.0,1,0.6323637,Medium Risk,476.6901118504818,1.9416225261740212,United Kingdom,SET 12 KIDS COLOUR  CHALK STICKS
15105.0,0,0.6998034,Medium Risk,0.0,0.5585778164508538,United Kingdom,PACK OF 12 HEARTS DESIGN TISSUES 
15109.0,1,0.58590186,Medium Risk,290.11166031740265,0.88397981810373,United Kingdom,GRAND CHOCOLATECANDLE
15110.0,0,0.45647544,Medium Risk,0.0,0.0,United Kingdom,HOME BUILDING BLOCK WORD
15111.0,0,0.66786087,Medium Risk,0.0,0.6529152259023473,United Kingdom,COLOUR GLASS T-LIGHT HOLDER HANGING
15112.0,1,0.7158657,High Risk,0.0,0.5966039307669384,United Kingdom,GLASS ETCHED T-LIGHT HOLDER MEDIUM
15115.0,1,0.7921022,High Risk,0.0,0.38517135175621425,United Kingdom,ZINC METAL HEART DECORATION
15117.0,0,0.6018751,Medium Risk,0.0,0.5402160348884301,United Kingdom,SMALL CHINESE STYLE SCISSOR
15122.0,0,0.31999552,Low Risk,1633.571331713269,3.739154549815961,United Kingdom,JUMBO SHOPPER VINTAGE RED PAISLEY
15123.0,0,0.6799495,Medium Risk,0.0,0.542444897009681,United Kingdom,72 CAKE CASES VINTAGE CHRISTMAS
15124.0,1,0.7310657,High Risk,195.60185560529436,1.183688008467805,United Kingdom,HANGING WOOD AND FELT FLOWER
15125.0,1,0.6258312,Medium Risk,2399.346741498947,3.7551924820096163,United Kingdom,GARDENERS KNEELING PAD
15126.0,1,0.6500029,Medium Risk,326.466103048768,1.0325676627426237,United Kingdom,EASTER DECORATION NATURAL CHICK
15127.0,1,0.54756427,Medium Risk,0.0,0.0,United Kingdom,WRAP GREEN PEARS 
15129.0,0,0.10968095,Low Risk,2103.0647190902346,6.362171365063616,United Kingdom,BAG 125g SWIRLY MARBLES
15133.0,0,0.5820619,Medium Risk,0.0,0.0,United Kingdom,PAPER CHAIN KIT 50'S CHRISTMAS 
15135.0,1,0.44605806,Medium Risk,0.0,0.7951723118854475,United Kingdom,FELTCRAFT BUTTERFLY HEARTS
15137.0,1,0.6534771,Medium Risk,558.173618813002,1.0598783785543247,United Kingdom,72 SWEETHEART FAIRY CAKE CASES
15141.0,1,0.4326269,Medium Risk,1030.752906332453,4.490276862971623,United Kingdom,CACTI T-LIGHT CANDLES
15142.0,0,0.22444142,Low Risk,2898.475098007904,2.809351539408198,United Kingdom,PACK OF 12 BLUE PAISLEY TISSUES 
15144.0,0,0.027991364,Low Risk,1974.431911201041,3.0814869232819966,United Kingdom,STRIPES DESIGN MONKEY DOLL
15149.0,1,0.5880391,Medium Risk,743.7413964646715,1.9015138473533508,United Kingdom,72 SWEETHEART FAIRY CAKE CASES
15150.0,1,0.82984364,High Risk,4101.4481381521855,2.0296380370207197,United Kingdom,JACOBS LADDER SMALL
15151.0,0,0.48794898,Medium Risk,0.0,0.0,United Kingdom,60 CAKE CASES VINTAGE CHRISTMAS
15152.0,1,0.70548373,High Risk,0.0,0.4236232453884501,United Kingdom,SET 12 KIDS COLOUR  CHALK STICKS
15154.0,1,0.54506475,Medium Risk,0.0,0.0,United Kingdom,BROWN VINTAGE VICTORIAN EARRINGS
15157.0,1,0.672032,Medium Risk,298.8669466915497,0.9010345365501807,United Kingdom,PRICE'S CANDLE PEACH
15162.0,1,0.92928755,High Risk,0.0,0.3863023769988185,United Kingdom,TEA BAG PLATE RED SPOTTY 
15164.0,0,0.08821236,Low Risk,414.9331366554268,2.2469082033572643,United Kingdom,WHITE HANGING HEART T-LIGHT HOLDER
15166.0,1,0.4961232,Medium Risk,0.0,0.0,United Kingdom,12 PENCIL SMALL TUBE WOODLAND
15167.0,0,0.49346697,Medium Risk,0.0,0.4656142400749432,United Kingdom,ASSTD DESIGN BUBBLE GUM RING
15169.0,0,0.36315745,Low Risk,0.0,0.3920587028572731,United Kingdom,POLKADOT PEN
15173.0,0,0.24849898,Low Risk,683.0564479071685,3.767361028100479,United Kingdom,WORLD WAR 2 GLIDERS ASSTD DESIGNS
15176.0,1,0.78708273,High Risk,0.0,0.47571996056533633,United Kingdom,IVORY HANGING DECORATION  BUTTERFLY
15179.0,0,0.04794022,Low Risk,2061.438283077427,2.9910928986344865,United Kingdom,HANGING HEART JAR T-LIGHT HOLDER
15180.0,0,0.6152273,Medium Risk,0.0,0.6627941955103621,United Kingdom,PACK OF 12 BLUE PAISLEY TISSUES 
15181.0,0,0.54419625,Medium Risk,0.0,0.3863023769988185,United Kingdom,ENAMEL DOG BOWL CREAM
15182.0,0,0.20871262,Low Risk,1079.0411769018456,1.855502380269773,United Kingdom,GLITTER BUTTERFLY CLIPS
15183.0,1,0.5614859,Medium Risk,489.8876491095647,2.5424848464293466,United Kingdom,ASSORTED MONKEY SUCTION CUP HOOK
15184.0,0,0.7818629,High Risk,0.0,0.39559565209882885,United Kingdom,ASS COL SMALL SAND GECKO P'WEIGHT
15186.0,1,0.56388533,Medium Risk,735.2852591033828,1.612361867969041,United Kingdom,PLACE SETTING WHITE HEART
15188.0,1,0.599186,Medium Risk,0.0,0.3932306320164019,United Kingdom,GLITTER CHRISTMAS STAR 
15189.0,0,0.70684487,High Risk,596.4808031016987,2.614772251204111,United Kingdom,ANTIQUE SILVER TEA GLASS ETCHED
15191.0,1,0.81140465,High Risk,313.22868209276385,1.0374184858868882,United Kingdom,GRAND CHOCOLATECANDLE
15192.0,0,0.5432604,Medium Risk,401.0288508619876,1.0514488117540832,United Kingdom,12 PENCILS SMALL TUBE SKULL
15194.0,0,0.03810459,Low Risk,1399.1900860632427,3.5143437616392963,United Kingdom,STAR DECORATION RUSTIC
15196.0,0,0.52987087,Medium Risk,0.0,0.3920587028572731,United Kingdom,SET OF 2 ROUND TINS DUTCH CHEESE
15197.0,0,0.502586,Medium Risk,0.0,0.38973569242301676,United Kingdom,ROTATING SILVER ANGELS T-LIGHT HLDR
15198.0,0,0.2912425,Low Risk,157.95501958718287,1.0005902975405645,United Kingdom,ROTATING SILVER ANGELS T-LIGHT HLDR
15199.0,0,0.2989516,Low Risk,1222.000232332854,3.654585216714006,United Kingdom,PINK BABY BUNTING
15200.0,1,0.61108947,Medium Risk,0.0,0.0,United Kingdom,FAIRY CAKE FLANNEL ASSORTED COLOUR
15201.0,0,0.4678125,Medium Risk,0.0,0.5966039307669384,United Kingdom,MINI JIGSAW DOLLY GIRL
15203.0,0,0.17220029,Low Risk,1060.6341668011842,3.0360734080522427,United Kingdom,CHARLOTTE BAG SUKI DESIGN
15207.0,0,0.603866,Medium Risk,0.0,0.8409975304118249,United Kingdom,RETRO SPOT GIANT  TUBE MATCHES
15209.0,1,0.7802035,High Risk,0.0,0.3874400693028429,United Kingdom,COWBOYS AND INDIANS BIRTHDAY CARD 
15210.0,0,0.383817,Low Risk,0.0,0.713155092519382,United Kingdom,ROMANTIC IMAGES GIFT WRAP SET
15215.0,0,0.50590754,Medium Risk,119.23059706227738,1.3393227842958702,United Kingdom,FANCY FONTS BIRTHDAY WRAP
15216.0,1,0.74520797,High Risk,0.0,0.5782332510400658,United Kingdom,60 TEATIME FAIRY CAKE CASES
15217.0,1,0.6727412,Medium Risk,0.0,0.7628469375153665,United Kingdom,BLUE/CREAM STRIPE CUSHION COVER 
15218.0,0,0.09361843,Low Risk,3179.3893137505625,6.024844625933615,United Kingdom,LARGE CIRCULAR MIRROR MOBILE
15219.0,1,0.7786507,High Risk,0.0,0.510832335342213,United Kingdom,"DECORATION, HANGING HEART+MIRROR "
15221.0,0,0.47324446,Medium Risk,685.1745256983004,1.2085727053925877,United Kingdom,WOOD S/3 CABINET ANT WHITE FINISH
15222.0,1,0.16939366,Low Risk,1515.5508340443284,5.279912250078845,United Kingdom,JAZZ HEARTS MEMO PAD
15223.0,1,0.59390455,Medium Risk,341.5374101455372,1.430375872615626,United Kingdom,ANTIQUE LILY FAIRY LIGHTS
15224.0,1,0.40247247,Medium Risk,418.9169810500396,1.6278501423501057,United Kingdom,FAIRY CAKE FLANNEL ASSORTED COLOUR
15227.0,0,0.34780192,Low Risk,617.9974042325542,2.032688512671676,United Kingdom,MULTI COLOUR SILVER T-LIGHT HOLDER
15228.0,0,0.28296375,Low Risk,0.0,0.0,United Kingdom,PACK OF 12 TRADITIONAL CRAYONS
15229.0,1,0.78984946,High Risk,0.0,0.6729770955798103,United Kingdom,BLOSSOM IMAGES SCRAP BOOK SET
15231.0,1,0.74641097,High Risk,0.0,0.5707022922724782,United Kingdom,MAGIC DRAWING SLATE GO TO THE FAIR 
15240.0,0,0.37221742,Low Risk,735.5825371238276,1.432925588615446,United Kingdom,WHITE SPOT BLUE CERAMIC DRAWER KNOB
15241.0,0,0.22685252,Low Risk,775.3900480623108,1.1493219811314435,United Kingdom,ASSTD DESIGN BUBBLE GUM RING
15244.0,1,0.84114856,High Risk,0.0,0.4774470918159778,United Kingdom,PACK 20 DOLLY PEGS
15245.0,0,0.31016245,Low Risk,1225.0345937477866,3.295595529437324,United Kingdom,NATURAL SLATE HEART CHALKBOARD 
15246.0,1,0.7582676,High Risk,0.0,0.8000155451167765,United Kingdom,FELTCRAFT BUTTERFLY HEARTS
15247.0,1,0.70022935,High Risk,797.0682865129378,2.105414991772188,United Kingdom,INLAID WOOD INCENSE HOLDER
15248.0,0,0.24695143,Low Risk,1228.4248868711702,2.149927536309662,United Kingdom,PACK OF 12 HEARTS DESIGN TISSUES 
15249.0,0,0.19928645,Low Risk,1399.9799217037116,2.8961269828230227,United Kingdom,COLOUR GLASS T-LIGHT HOLDER HANGING
15250.0,1,0.8656484,High Risk,0.0,0.5272186349843028,United Kingdom,SMALL DOLLY MIX DESIGN ORANGE BOWL
15251.0,0,0.034673907,Low Risk,5691.603864521984,4.835202808549404,United Kingdom,LADLE LOVE HEART RED 
15252.0,0,0.47219795,Medium Risk,654.4722528265291,1.3542256163001452,United Kingdom,COFFEE MUG APPLES DESIGN
15253.0,0,0.24187198,Low Risk,956.647095696545,1.5620124798715396,United Kingdom,GROW YOUR OWN PLANT IN A CAN 
15254.0,1,0.59481573,Medium Risk,731.3790577031305,1.766900386606189,United Kingdom,"GREETING CARD, RITA"
15255.0,0,0.13018045,Low Risk,788.7762367628719,1.947824000451762,United Kingdom,3 HEARTS HANGING DECORATION RUSTIC
15256.0,1,0.6788085,Medium Risk,0.0,0.771811055783538,United Kingdom,AREA PATROLLED METAL SIGN
15259.0,1,0.53126407,Medium Risk,818.0462261586732,1.6893983575177638,United Kingdom,"ASSORTED FLOWER COLOUR ""LEIS"""
15260.0,0,0.012537333,Low Risk,2873.6342781619473,6.705815285904188,United Kingdom,PORCELAIN T-LIGHT HOLDERS ASSORTED
15262.0,0,0.7872776,High Risk,0.0,0.0,United Kingdom,HEART OF WICKER SMALL
15264.0,1,0.7515479,High Risk,0.0,0.9437557509843948,United Kingdom,BLUE BIRDHOUSE DECORATION
15265.0,1,0.61635154,Medium Risk,1637.3718982437354,0.8715573119695387,United Kingdom,ASSORTED TUTTI FRUTTI  FOB NOTEBOOK
15266.0,0,0.53317356,Medium Risk,90.79955418094181,0.8928452449594966,United Kingdom,SET OF 4 DIAMOND NAPKIN RINGS
15268.0,1,0.49180537,Medium Risk,728.615698623428,1.4374099371621616,United Kingdom,PLEASE ONE PERSON METAL SIGN
15270.0,0,0.7121468,High Risk,1900.080577564986,3.0967807311271773,United Kingdom,LARGE CIRCULAR MIRROR MOBILE
15271.0,0,0.16653144,Low Risk,948.0985700715917,4.927437491928222,United Kingdom,ASSTD DESIGN BUBBLE GUM RING
15272.0,0,0.27939287,Low Risk,592.5377241647919,1.8074081026888469,United Kingdom,GRAND CHOCOLATECANDLE
15273.0,1,0.7881157,High Risk,0.0,0.6309723370939762,United Kingdom,ANTIQUE SILVER TEA GLASS ENGRAVED
15278.0,1,0.42543638,Medium Risk,325.2930411849221,1.1079046419110008,United Kingdom,PENS ASSORTED FUNNY FACE
15279.0,0,0.17537217,Low Risk,601.2430981973299,1.7311334090911736,United Kingdom,SWEETHEART CERAMIC TRINKET BOX
15280.0,1,0.7974377,High Risk,320.88152626574686,1.705276260241124,United Kingdom,BOX OF 24 COCKTAIL PARASOLS
15282.0,1,0.5957539,Medium Risk,0.0,0.73305025601635,United Kingdom,12 PENCILS SMALL TUBE RED SPOTTY
15283.0,0,0.3537533,Low Risk,54.122446697066124,2.4118652338146345,United Kingdom,FOUR HOOK  WHITE LOVEBIRDS
15284.0,1,0.9480663,High Risk,0.0,0.0,United Kingdom,RED RETROSPOT BUTTER DISH
15287.0,0,0.5560481,Medium Risk,0.0,0.37961420886422387,United Kingdom,SKULLS AND CROSSBONES WRAP
15288.0,0,0.38911885,Low Risk,577.8488919503857,1.09376243374727,United Kingdom,HANGING HEART ZINC T-LIGHT HOLDER
15289.0,1,0.84464085,High Risk,353.30928533644703,1.3403533682425217,United Kingdom,CACTI T-LIGHT CANDLES
15290.0,0,0.13849199,Low Risk,1062.523421406607,3.2533401850147388,United Kingdom,PACK OF 60 PINK PAISLEY CAKE CASES
15291.0,0,0.01466823,Low Risk,3310.8274874886774,9.258406333108939,United Kingdom,BOYS ALPHABET IRON ON PATCHES
15293.0,1,0.770216,High Risk,0.0,0.47918682174787003,United Kingdom,PACK OF 72 RETRO SPOT CAKE CASES
15295.0,1,0.71812135,High Risk,0.0,0.4991964647568908,United Kingdom,BIRD DECORATION GREEN  SPOT
15296.0,0,0.20279475,Low Risk,3893.932482392009,1.6613030642186828,United Kingdom,POLKA DOT PEN
15298.0,0,0.010095566,Low Risk,1808.6265586645177,4.6258559888023365,United Kingdom,SMALL POPCORN HOLDER
15299.0,0,0.44112083,Medium Risk,0.0,0.43055658977677796,United Kingdom,ASSORTED COLOUR T-LIGHT HOLDER
15302.0,1,0.9019155,High Risk,0.0,0.3874400693028429,United Kingdom,GRAND CHOCOLATECANDLE
15303.0,1,0.57396895,Medium Risk,443.63944482874814,1.0403389693045388,United Kingdom,72 SWEETHEART FAIRY CAKE CASES
15305.0,1,0.90411776,High Risk,0.0,0.8000155451167765,United Kingdom,BOUDOIR SQUARE TISSUE BOX
15306.0,1,0.0991778,Low Risk,1538.1227786436775,3.851876594085165,United Kingdom,"FEATHER PEN,COAL BLACK"
15309.0,1,0.76481164,High Risk,364.18458344803076,1.9487118384166755,United Kingdom,HANGING JAM JAR T-LIGHT HOLDER
15310.0,1,0.79655766,High Risk,0.0,0.0,United Kingdom,WORLD WAR 2 GLIDERS ASSTD DESIGNS
15311.0,0,0.023278905,Low Risk,23382.570835920505,41.91165215598366,United Kingdom,ESSENTIAL BALM 3.5g TIN IN ENVELOPE
15312.0,0,0.22328085,Low Risk,734.9490505100144,2.5625466017410896,United Kingdom,STRAWBERRY CERAMIC TRINKET BOX
15317.0,1,0.8720274,High Risk,0.0,0.45911250296442674,United Kingdom,LAUNDRY 15C METAL SIGN
15321.0,0,0.13081415,Low Risk,2181.2097235666406,2.3714913326699127,United Kingdom,PENS ASSORTED FUNNY FACE
15322.0,1,0.53280646,Medium Risk,0.0,0.0,United Kingdom,MAGIC DRAWING SLATE CIRCUS PARADE  
15323.0,1,0.4381197,Medium Risk,328.9907716359661,1.8186651801622393,United Kingdom,COLOUR GLASS T-LIGHT HOLDER HANGING
15324.0,1,0.73215556,High Risk,0.0,0.4236232453884501,United Kingdom,CACTI T-LIGHT CANDLES
15325.0,0,0.24822392,Low Risk,622.5161650198313,3.15671583729595,United Kingdom,MOROCCAN TEA GLASS
15326.0,1,0.7484769,High Risk,741.9505980043666,1.9320897512243436,United Kingdom,ASSTD DESIGN BUBBLE GUM RING
15329.0,0,0.19088662,Low Risk,551.9742094660412,2.5499632309975615,United Kingdom,PACK OF 72 RETRO SPOT CAKE CASES
15331.0,1,0.32209212,Low Risk,692.6241987317128,1.4067278531166505,United Kingdom,EMERGENCY FIRST AID TIN 
15332.0,0,0.29113698,Low Risk,0.0,0.0,Lithuania,GOLD MUG BONE CHINA TREE OF LIFE
15338.0,1,0.58624274,Medium Risk,0.0,0.45911250296442674,United Kingdom,CUPID SCENTED CANDLE IN GLASS
15339.0,0,0.6172215,Medium Risk,402.82335651030996,1.7692843541615966,United Kingdom,HEART DECORATION RUSTIC HANGING 
15340.0,1,0.8027668,High Risk,0.0,0.771811055783538,United Kingdom,COLOUR GLASS T-LIGHT HOLDER HANGING
15352.0,1,0.52551186,Medium Risk,0.0,0.835646291656766,United Kingdom,BIRDHOUSE GARDEN MARKER 
15353.0,0,0.083922096,Low Risk,885.806845991725,1.9420543618079855,United Kingdom,ASSORTED COLOUR BIRD ORNAMENT
15354.0,1,0.90087,High Risk,0.0,0.6190840091617155,United Kingdom,Manual
15358.0,0,0.030710993,Low Risk,2459.6261398116,4.6122220837916394,United Kingdom,WORLD WAR 2 GLIDERS ASSTD DESIGNS
15359.0,1,0.8369207,High Risk,137.15456294962286,2.1775837558184756,United Kingdom,PINK HEART SHAPE EGG FRYING PAN
15361.0,1,0.7730898,High Risk,358.32410115133666,3.230071224159987,United Kingdom,SILVER ROCOCO CANDLE STICK
15362.0,0,0.32801104,Low Risk,0.0,0.3785219817564457,United Kingdom,WORLD WAR 2 GLIDERS ASSTD DESIGNS
15363.0,0,0.5389378,Medium Risk,0.0,0.0,United Kingdom,PAINT YOUR OWN CANVAS SET
15365.0,0,0.17309195,Low Risk,872.0581838046494,1.0906274491741497,United Kingdom,ASSORTED COLOUR BIRD ORNAMENT
15366.0,0,0.45632678,Medium Risk,842.71377621079,1.8892375094813962,United Kingdom,JACOBS LADDER SMALL
15367.0,0,0.031332206,Low Risk,1207.31436467903,2.5212871285212715,United Kingdom,WORLD WAR 2 GLIDERS ASSTD DESIGNS
15369.0,1,0.53686935,Medium Risk,3565.8680698900916,4.095521044535909,United Kingdom,SET/6 PINK  BUTTERFLY T-LIGHTS
15371.0,1,0.9124177,High Risk,0.0,0.48448299828224056,United Kingdom,OVERNIGHT BAG VINTAGE ROSE PAISLEY
15372.0,0,0.093246035,Low Risk,3079.2850002533573,2.4711524439566017,United Kingdom,HANGING JAM JAR T-LIGHT HOLDER
15373.0,0,0.20688407,Low Risk,488.811825303675,3.4466451462559102,United Kingdom,REGENCY CAKESTAND 3 TIER
15374.0,1,0.7943371,High Risk,0.0,0.5633651887229109,United Kingdom,SMALL MEDINA STAMPED METAL BOWL 
15375.0,1,0.90058714,High Risk,0.0,0.4391824562071251,United Kingdom,SUMMER FUN DESIGN SHOWER CAP
15378.0,1,0.7531744,High Risk,476.44052797822843,2.8029581741519385,United Kingdom,JUMBO  BAG BAROQUE BLACK WHITE
15380.0,0,0.098543845,Low Risk,618.9078368182105,2.454176118328987,United Kingdom,HAND OPEN SHAPE DECO.WHITE
15381.0,0,0.3101754,Low Risk,1438.6623589606286,1.5732199445149397,United Kingdom,LARGE CIRCULAR MIRROR MOBILE
15382.0,0,0.2899507,Low Risk,1758.2300366771938,1.4275442024241494,United Kingdom,WORLD WAR 2 GLIDERS ASSTD DESIGNS
15384.0,0,0.7099488,High Risk,0.0,0.6529152259023473,United Kingdom,SPACEBOY GIFT WRAP
15385.0,0,0.7665417,High Risk,0.0,0.45911250296442674,United Kingdom,WHITE HANGING HEART T-LIGHT HOLDER
15387.0,1,0.5883591,Medium Risk,0.0,0.0,United Kingdom,CHRISTMAS GINGHAM HEART
15389.0,0,0.37910163,Low Risk,819.4557208699289,1.6939005514231449,United Kingdom,"ASSORTED FLOWER COLOUR ""LEIS"""
15391.0,1,0.48193777,Medium Risk,0.0,0.6799415491103794,United Kingdom,KINGS CHOICE MUG
15393.0,1,0.65762967,Medium Risk,384.2613225255979,1.4750876557834665,United Kingdom,HYACINTH BULB T-LIGHT CANDLES
15394.0,0,0.11127721,Low Risk,1135.7397459823208,2.0179604463706773,United Kingdom,ASSTD DESIGN BUBBLE GUM RING
15396.0,1,0.73050165,High Risk,0.0,0.6834781815855456,United Kingdom,POLKA DOT RAFFIA FOOD COVER
15400.0,0,0.32454777,Low Risk,639.8231138467634,1.8144518686048856,United Kingdom,TEA COSY RED  STRIPE
15401.0,0,0.8076313,High Risk,0.0,0.741323072590564,United Kingdom,PACK OF 72 RETRO SPOT CAKE CASES
15402.0,0,0.22291638,Low Risk,629.6000870734308,2.4596827178229552,United Kingdom,ASSORTED INCENSE PACK
15403.0,1,0.84451735,High Risk,86.65399666849663,0.9070315912292399,United Kingdom,THE KING GIFT BAG
15405.0,1,0.72494704,High Risk,0.0,0.7093051154682692,United Kingdom,FANCY FONTS BIRTHDAY WRAP
15409.0,1,0.8369477,High Risk,0.0,0.397989315251786,United Kingdom,TRIANGULAR RIDGED GLASS POSY HOLDER
15410.0,1,0.49811026,Medium Risk,621.0114450101408,1.4340904642634744,United Kingdom,TEA BAG PLATE RED SPOTTY 
15413.0,1,0.69056135,Medium Risk,3833.8878895752036,2.352780330195551,United Kingdom,BLUE PULL BACK RACING CAR
15416.0,1,0.5771138,Medium Risk,265.9983740644985,1.0797664944938152,United Kingdom,PACK OF 12 HEARTS DESIGN TISSUES 
15418.0,0,0.7354312,High Risk,0.0,0.6729770955798103,United Kingdom,TEA PARTY  WRAPPING PAPER 
15420.0,0,0.24651086,Low Risk,352.1417920532764,2.4823462405790453,United Kingdom,GROW YOUR OWN PLANT IN A CAN 
15421.0,0,0.07738382,Low Risk,1193.4652127382694,2.4989149601741287,United Kingdom,IVORY ENCHANTED FOREST PLACEMAT
15422.0,0,0.328369,Low Risk,610.1932848933621,1.0858144084273171,United Kingdom,RED SPOTS  WRAP 
15423.0,1,0.7424613,High Risk,115.4954100335382,1.2957764867627042,United Kingdom,12 IVORY ROSE PEG PLACE SETTINGS
15424.0,1,0.7196355,High Risk,0.0,0.0,United Kingdom,WRAP FOLK ART
15425.0,0,0.38504764,Low Risk,1014.7174744039694,1.8069676948874909,United Kingdom,SMALL POPCORN HOLDER
15426.0,0,0.1510475,Low Risk,308.7393687557388,1.5704030300640173,United Kingdom,BLACK RECORD COVER FRAME
15428.0,0,0.40181652,Medium Risk,219.276839990349,0.8998113588705822,United Kingdom,PARTY CONE CHRISTMAS DECORATION 
15430.0,1,0.5045208,Medium Risk,331.68251598472085,2.2480721553162195,United Kingdom,GROW YOUR OWN PLANT IN A CAN 
15431.0,1,0.7247276,High Risk,0.0,0.0,United Kingdom,12 PENCILS SMALL TUBE RED SPOTTY
15432.0,1,0.7483636,High Risk,0.0,0.8746040156777243,United Kingdom,ASSORTED COLOUR BIRD ORNAMENT
15434.0,0,0.7044657,High Risk,0.0,0.44816133632148825,United Kingdom,HAND WARMER OWL DESIGN
15437.0,1,0.7201505,High Risk,0.0,0.5272186349843028,United Kingdom,BOX OF 24 COCKTAIL PARASOLS
15439.0,0,0.6163258,Medium Risk,0.0,0.501098787909359,United Kingdom,WHITE HANGING HEART T-LIGHT HOLDER
15441.0,0,0.5599636,Medium Risk,0.0,0.3874400693028429,United Kingdom,JAPANESE CROCHETED ANIMAL
15443.0,1,0.29368263,Low Risk,1248.9074826422288,4.831779815084381,United Kingdom,POLYESTER FILLER PAD 40x40cm
15445.0,1,0.6964123,Medium Risk,0.0,0.6594681147764587,United Kingdom,DECORATIVE ROSE BATHROOM BOTTLE
15446.0,0,0.2660059,Low Risk,120.313099706791,0.8937744631606653,United Kingdom,MULTICOLOUR GLASS PLATE
15447.0,1,0.8522165,High Risk,276.3440767965848,2.1002830725194763,United Kingdom,POLYESTER FILLER PAD 40x40cm
15448.0,1,0.79954296,High Risk,0.0,0.46397158674080524,United Kingdom,PACK OF 12 HEARTS DESIGN TISSUES 
15451.0,0,0.46531224,Medium Risk,0.0,0.6309723370939762,United Kingdom,GRAND CHOCOLATECANDLE
15452.0,0,0.38927773,Low Risk,646.027013570009,2.5633553481072613,United Kingdom,ASSTD DESIGN BUBBLE GUM RING
15454.0,1,0.8443762,High Risk,0.0,0.5782332510400658,United Kingdom,LAVENDER SCENTED FABRIC HEART
15455.0,1,0.8291908,High Risk,0.0,0.6370895928567077,United Kingdom,REGENCY CAKESTAND 3 TIER
15456.0,0,0.091029495,Low Risk,752.4078145101395,3.0359376809163905,United Kingdom,ASSORTED INCENSE PACK
15459.0,0,0.5357194,Medium Risk,0.0,0.0,United Kingdom,HANGING METAL HEART LANTERN
15461.0,1,0.80000776,High Risk,347.877049502353,1.2842331739272985,United Kingdom,CUT GLASS HEXAGON T-LIGHT HOLDER
15465.0,0,0.03093133,Low Risk,1246.8541187397345,5.186203783814964,United Kingdom,PAPER CHAIN KIT 50'S CHRISTMAS 
15466.0,0,0.26709622,Low Risk,173.05660735471477,0.8759297225709428,United Kingdom,KINGS CHOICE CIGAR BOX MATCHES 
15470.0,1,0.8313202,High Risk,0.0,0.713155092519382,United Kingdom,ASSTD DESIGN BUBBLE GUM RING
15471.0,0,0.732773,High Risk,0.0,0.8251458288756056,United Kingdom,WHITE HANGING HEART T-LIGHT HOLDER
15474.0,1,0.6885984,Medium Risk,0.0,0.6433267706413722,United Kingdom,HEART OF WICKER LARGE
15477.0,1,0.79282284,High Risk,0.0,0.5088554614659272,United Kingdom,PAPER BUNTING RETRO SPOTS
15478.0,1,0.7201311,High Risk,0.0,0.713155092519382,United Kingdom,Manual
15479.0,1,0.7776612,High Risk,0.0,0.3840469351105322,United Kingdom,STRING CRYSTALS NATURAL
15480.0,1,0.7580583,High Risk,3538.1455356417628,1.7257052493517604,Malta,VICTORIAN SEWING KIT
15482.0,0,0.23791339,Low Risk,1642.840313306607,2.974083691422904,United Kingdom,S/3 TEAR DROP CUT GLASS DECORATION
15483.0,0,0.65509355,Medium Risk,172.57047789225538,1.0424769741302766,United Kingdom,BROCADE RING PURSE 
15484.0,1,0.56159705,Medium Risk,406.61219064782983,0.8920383735496572,United Kingdom,WORLD WAR 2 GLIDERS ASSTD DESIGNS
15485.0,0,0.43434224,Medium Risk,329.7315069760718,0.837227909369714,United Kingdom,PAPER CHAIN KIT 50'S CHRISTMAS 
15486.0,1,0.7924298,High Risk,0.0,0.0,United Kingdom,PAPER BUNTING RETRO SPOTS
15487.0,1,0.8202046,High Risk,0.0,0.4559293149669597,United Kingdom,RETRO COFFEE MUGS ASSORTED
15488.0,1,0.86411303,High Risk,379.7623483084447,3.5022786525108334,United Kingdom,ASSORTED COLOUR BIRD ORNAMENT
15489.0,0,0.336577,Low Risk,528.6747884913598,2.2254167981750244,United Kingdom,VINTAGE SNAP CARDS
15493.0,0,0.17390472,Low Risk,751.6709864459203,1.8695747135167604,United Kingdom,GRAND CHOCOLATECANDLE
15494.0,1,0.5239958,Medium Risk,1221.5971093171906,1.4548014169113088,United Kingdom,WORLD WAR 2 GLIDERS ASSTD DESIGNS
15496.0,1,0.6955344,Medium Risk,0.0,0.546958316501111,United Kingdom,AGED GLASS SILVER T-LIGHT HOLDER
15497.0,0,0.082639724,Low Risk,3320.6461013508324,3.128307974532057,United Kingdom,WOODEN PICTURE FRAME WHITE FINISH
15498.0,0,0.06326256,Low Risk,2846.1811620679073,4.737427779662601,United Kingdom,BROCADE RING PURSE 
15499.0,1,0.6276667,Medium Risk,0.0,0.39559565209882885,United Kingdom,QUEEN OF SKIES LUGGAGE TAG
15502.0,0,0.6500418,Medium Risk,0.0,0.8049182224586419,United Kingdom,LARGE CIRCULAR MIRROR MOBILE
15503.0,1,0.6310308,Medium Risk,0.0,0.3920587028572731,United Kingdom,LAVENDER SCENTED FABRIC HEART
15504.0,1,0.4876554,Medium Risk,202.37118805551682,1.7940266457806593,United Kingdom,FLOWER VINE RAFFIA FOOD COVER
15506.0,0,0.69742036,Medium Risk,0.0,0.0,United Kingdom,ASSTD DESIGN BUBBLE GUM RING
15512.0,0,0.7775848,High Risk,0.0,0.4607208390113535,United Kingdom,AGED GLASS SILVER T-LIGHT HOLDER
15513.0,0,0.19425474,Low Risk,3434.9724957697345,5.171706712364116,United Kingdom,ANGEL DECORATION 3 BUTTONS 
15514.0,0,0.21533066,Low Risk,773.493283042006,2.4719614894130624,United Kingdom,SMALL HANGING IVORY/RED WOOD BIRD
15518.0,0,0.0974369,Low Risk,1069.417572327866,3.1463802913076035,United Kingdom,PACK OF 12 LONDON TISSUES 
15521.0,0,0.08976113,Low Risk,1493.9636603419633,2.1535255786076304,United Kingdom,RED SPOTS  WRAP 
15523.0,0,0.019810643,Low Risk,4691.8303505930635,5.586992853651543,United Kingdom,60 TEATIME FAIRY CAKE CASES
15524.0,1,0.76763,High Risk,0.0,0.6104579882490266,United Kingdom,FELT TOADSTOOL LARGE
15527.0,0,0.22743094,Low Risk,1253.5790458136357,4.722172637408354,United Kingdom,FANCY FONTS BIRTHDAY WRAP
15530.0,1,0.76475227,High Risk,0.0,0.0,United Kingdom,LETTER SHAPE PENCIL SHARPENER
15532.0,0,0.1479699,Low Risk,1240.878650989253,3.1127375669021276,United Kingdom,SANDALWOOD FAN
15534.0,1,0.7402327,High Risk,0.0,0.3932306320164019,United Kingdom,WOODEN FRAME ANTIQUE WHITE 
15538.0,1,0.6844905,Medium Risk,2213.6564501446655,3.7923595726732517,United Kingdom,SET/5 RED SPOTTY LID GLASS BOWLS
15542.0,1,0.6161741,Medium Risk,376.1091666548561,0.8871013765071121,United Kingdom,SWALLOWS GREETING CARD
15543.0,1,0.6821769,Medium Risk,0.0,0.0,United Kingdom,MOROCCAN TEA GLASS
15544.0,0,0.07054659,Low Risk,2278.340225731772,6.064757466513691,United Kingdom,SKULLS WRAP
15546.0,1,0.87089247,High Risk,0.0,0.6104579882490266,United Kingdom,LIGHT PINK CHERRY LIGHTS
15547.0,0,0.024133021,Low Risk,1802.2653199228325,4.071910328053696,United Kingdom,CACTI T-LIGHT CANDLES
15548.0,1,0.6893209,Medium Risk,0.0,0.6433267706413722,United Kingdom,"TUMBLER, BAROQUE"
15549.0,0,0.4375743,Medium Risk,175.91639083323213,2.1946830887117468,United Kingdom,"FEATHER PEN,LIGHT PINK"
15550.0,0,0.14960267,Low Risk,458.51228646836563,2.4696361715323327,United Kingdom,COLOUR GLASS T-LIGHT HOLDER HANGING
15551.0,0,0.6265027,Medium Risk,0.0,0.8251458288756056,United Kingdom,ASSORTED COLOUR BIRD ORNAMENT
15552.0,1,0.6282233,Medium Risk,0.0,0.565789814775177,United Kingdom,12 PENCILS SMALL TUBE POSY
15555.0,0,0.017806532,Low Risk,2628.4877178912434,6.705897489360476,United Kingdom,SANDALWOOD FAN
15558.0,1,0.647274,Medium Risk,0.0,0.5293412159038592,United Kingdom,ASSORTED FARMYARD ANIMALS IN BUCKET
15559.0,1,0.6807645,Medium Risk,0.0,0.741323072590564,United Kingdom,GROW YOUR OWN PLANT IN A CAN 
15561.0,0,0.35387146,Low Risk,693.9914749830597,1.806338406372576,United Kingdom,WORLD WAR 2 GLIDERS ASSTD DESIGNS
15562.0,0,0.5193178,Medium Risk,0.0,0.3920587028572731,United Kingdom,FROSTED BOX 9 WHITE T-LIGHT CANDLES
15563.0,1,0.60339713,Medium Risk,963.8995232605739,1.7010495523223212,United Kingdom,ASSTD DESIGN BUBBLE GUM RING
15564.0,1,0.8586578,High Risk,51.598217593295594,1.0811104705486916,United Kingdom,ANTIQUE SILVER TEA GLASS ENGRAVED
15566.0,0,0.7662696,High Risk,0.0,0.39440959392020275,United Kingdom,INLAID WOOD INCENSE HOLDER
15569.0,0,0.45136335,Medium Risk,1194.2010769216404,1.9048948683850446,United Kingdom,JUMBO SHOPPER VINTAGE RED PAISLEY
15570.0,0,0.057057567,Low Risk,1898.2644619670461,4.489967609580741,United Kingdom,HANGING JAM JAR T-LIGHT HOLDER
15571.0,0,0.13777043,Low Risk,421.3211765015937,1.9633268592348174,United Kingdom,RED  HARMONICA IN BOX 
15572.0,0,0.4332332,Medium Risk,0.0,0.6161816774972505,United Kingdom,CHRISTMAS CARD STACK OF PRESENTS
15573.0,1,0.5939942,Medium Risk,256.6734675577031,1.4507619180507891,United Kingdom,RED CHARLIE+LOLA PERSONAL DOORSIGN
15574.0,0,0.5362514,Medium Risk,0.0,0.0,United Kingdom,MAGIC DRAWING SLATE CIRCUS PARADE  
15575.0,1,0.8669007,High Risk,0.0,0.5757009194925897,United Kingdom,CHILLI LIGHTS
15577.0,1,0.7639008,High Risk,16.89156646230647,0.780147638980204,United Kingdom,CHOCOLATE 3 WICK MORRIS BOX CANDLE
15580.0,0,0.2113109,Low Risk,570.5925660741847,3.7008915393160717,United Kingdom,SPACEBOY GIFT WRAP
15581.0,0,0.057699755,Low Risk,1579.8159619401315,7.14815973212322,United Kingdom,ASSORTED COLOUR JUMBO PEN
15584.0,0,0.50789,Medium Risk,0.0,0.4706128042539782,United Kingdom,MINI CAKE STAND  HANGING STRAWBERY
15586.0,1,0.65007526,Medium Risk,402.57556334388363,1.5880247570945358,United Kingdom,CHINESE DRAGON PAPER LANTERNS
15587.0,0,0.56857663,Medium Risk,0.0,0.0,United Kingdom,BLACK RECORD COVER FRAME
15588.0,1,0.70945317,High Risk,0.0,0.45911250296442674,United Kingdom,CAKE PLATE LOVEBIRD WHITE
15590.0,0,0.44030103,Medium Risk,528.6151594167013,1.373170894305797,United Kingdom,CLEAR DRAWER KNOB ACRYLIC EDWARDIAN
15591.0,1,0.82758766,High Risk,171.90485726187282,1.7400381365788127,United Kingdom,WOODEN FRAME ANTIQUE WHITE 
15595.0,1,0.6929474,Medium Risk,0.0,0.0,United Kingdom,LARGE  TALL CAMPHOR WOOD TOADSTOOL 
15596.0,0,0.47587174,Medium Risk,0.0,0.0,United Kingdom,SMALL HEART MEASURING SPOONS
15597.0,1,0.7073328,High Risk,0.0,0.713155092519382,United Kingdom,BATHROOM METAL SIGN
15600.0,0,0.49690965,Medium Risk,687.9194448644857,1.4977418914643705,United Kingdom,GROW YOUR OWN PLANT IN A CAN 
15601.0,0,0.0689347,Low Risk,3509.64968887142,5.050555072198914,United Kingdom,PLACE SETTING WHITE HEART
15602.0,0,0.38314906,Low Risk,253.26014215929183,1.941687423586391,United Kingdom,VICTORIAN GLASS HANGING T-LIGHT
15603.0,1,0.83058214,High Risk,0.0,0.510832335342213,United Kingdom,FLOWER FAIRY OIL BURNER SET SUMMER
15605.0,0,0.3837641,Low Risk,328.8239885570834,2.2130938369565967,United Kingdom,10 COLOUR SPACEBOY PEN
15606.0,0,0.235857,Low Risk,1038.4541085948708,3.329780331260236,United Kingdom,HEART SHAPE WIRELESS DOORBELL
15607.0,1,0.58329487,Medium Risk,820.6925549474134,4.501843348079941,United Kingdom,PACK OF 72 SKULL CAKE CASES
15611.0,0,0.22658196,Low Risk,633.8975313020943,6.004030614122995,United Kingdom,BLACK BAROQUE CUCKOO CLOCK
15613.0,1,0.6746784,Medium Risk,0.0,0.5993241490614548,United Kingdom,GIRLS ALPHABET IRON ON PATCHES 
15614.0,0,0.39708567,Low Risk,971.6213750647956,1.3053501674508712,United Kingdom,JUMBO BAG STRAWBERRY
15615.0,0,0.004765999,Low Risk,4301.332587767657,9.231588216980041,United Kingdom,JUMBO BAG RED RETROSPOT
15617.0,0,0.46866685,Medium Risk,0.0,0.0,United Kingdom,CHRISTMAS TREE DECORATION WITH BELL
15622.0,0,0.33387798,Low Risk,2229.6944578906937,2.6427548848471956,United Kingdom,WORLD WAR 2 GLIDERS ASSTD DESIGNS
15623.0,0,0.1177238,Low Risk,975.6541920005631,3.0542184952275684,United Kingdom,PEARL CRYSTAL PUMPKIN T-LIGHT HLDR
15625.0,0,0.23547304,Low Risk,1031.8875742730581,4.454313590681013,United Kingdom,ASSTD DESIGN BUBBLE GUM RING
15627.0,1,0.7462253,High Risk,829.4954279819631,2.35525310836998,United Kingdom,HEART SHAPE WIRELESS DOORBELL
15628.0,0,0.1427596,Low Risk,998.2098763344792,3.0815585635175275,United Kingdom,WORLD WAR 2 GLIDERS ASSTD DESIGNS
15629.0,0,0.2641729,Low Risk,1246.92658277702,2.1670828461923652,United Kingdom,BIG DOUGHNUT FRIDGE MAGNETS
15630.0,1,0.74431384,High Risk,0.0,0.518896018407841,United Kingdom,HANGING BUTTERFLY  EGG
15631.0,1,0.6768616,Medium Risk,0.0,0.5230241862181184,United Kingdom,WORLD WAR 2 GLIDERS ASSTD DESIGNS
15633.0,1,0.46356103,Medium Risk,2365.059203403416,6.742429086494388,United Kingdom,"CHARLOTTE BAG , SUKI DESIGN"
15636.0,0,0.6716179,Medium Risk,0.0,0.7371634236312025,United Kingdom,GIN + TONIC DIET METAL SIGN
15637.0,0,0.4332114,Medium Risk,144.48861189425023,1.4764528960311665,United Kingdom,JAPANESE CROCHETED ANIMAL
15638.0,0,0.57600963,Medium Risk,569.7408375560037,1.3358960325419882,United Kingdom,MINI CAKE STAND WITH HANGING CAKES
15639.0,0,0.67703897,Medium Risk,0.0,0.6133064633739567,United Kingdom,SWALLOWS GREETING CARD
15640.0,0,0.016179668,Low Risk,4028.7130097575496,4.169680753058458,United Kingdom,ASSORTED COLOUR BIRD ORNAMENT
15641.0,0,0.056668,Low Risk,1473.1900225919949,3.018332707641191,United Kingdom,BLACK FEATHER CHRISTMAS DECORATION
15642.0,1,0.88302547,High Risk,0.0,0.38858448782470556,United Kingdom,12 PENCILS TALL TUBE POSY
15650.0,1,0.5382379,Medium Risk,310.3829233692547,1.289585485367946,United Kingdom,PACK OF 72 RETRO SPOT CAKE CASES
15651.0,0,0.43560204,Medium Risk,0.0,0.6401929720168921,United Kingdom,PACK OF 12 HEARTS DESIGN TISSUES 
15652.0,0,0.57268995,Medium Risk,0.0,0.0,United Kingdom,BLUE DRAWER KNOB ACRYLIC EDWARDIAN
15658.0,0,0.35145622,Low Risk,393.61431481563665,0.8907058760209843,United Kingdom,CHRISTMAS METAL TAGS ASSORTED 
15659.0,0,0.62001395,Medium Risk,0.0,0.501098787909359,United Kingdom,FLUTED ANTIQUE CANDLE HOLDER
15660.0,0,0.38326186,Low Risk,391.10275513746257,2.390300098141145,United Kingdom,MULTI COLOUR SILVER T-LIGHT HOLDER
15661.0,0,0.31206042,Low Risk,338.37796474080085,2.6310486532028,United Kingdom,HEART OF WICKER SMALL
15662.0,1,0.78917307,High Risk,187.32210626681675,0.8508313971329092,United Kingdom,FRENCH ENAMEL UTENSIL HOLDER
15664.0,0,0.47153652,Medium Risk,170.91161997808365,1.1651060143733407,United Kingdom,LUNCH BAG RED SPOTTY
15665.0,0,0.27621597,Low Risk,1020.5125079544268,1.2614801920322047,United Kingdom,WHITE JEWELLED HEART DECORATION
15666.0,1,0.54846525,Medium Risk,825.957445408849,2.956728061860653,United Kingdom,MAGIC DRAWING SLATE LEAP FROG 
15670.0,1,0.67063165,Medium Risk,0.0,0.7951723118854475,United Kingdom,PINK HAWAIIAN PICNIC HAMPER FOR 4
15672.0,1,0.8317746,High Risk,0.0,0.3932306320164019,United Kingdom,RED HANGING HEART T-LIGHT HOLDER
15673.0,0,0.2459295,Low Risk,1966.680713687606,2.544897856208515,United Kingdom,CHRISTMAS STAR WISH LIST CHALKBOARD
15674.0,0,0.16367504,Low Risk,2279.971249766267,3.56621470694996,United Kingdom,WORLD WAR 2 GLIDERS ASSTD DESIGNS
15677.0,0,0.6162531,Medium Risk,0.0,0.0,United Kingdom,BLACK TEA TOWEL CLASSIC DESIGN
15678.0,0,0.48378068,Medium Risk,0.0,0.0,United Kingdom,WOODEN HEART CHRISTMAS SCANDINAVIAN
15680.0,0,0.108400285,Low Risk,1053.7638990700236,2.983517097154674,United Kingdom,PLACE SETTING WHITE HEART
15681.0,0,0.25610325,Low Risk,450.35219885530836,2.84071198814379,United Kingdom,PLACE SETTING WHITE HEART
15682.0,1,0.5576078,Medium Risk,239.4747645387972,1.0156508942050924,United Kingdom,BUNNY EGG GARLAND
15683.0,1,0.8030122,High Risk,0.0,0.0,United Kingdom,MINI PAINT SET VINTAGE 
15684.0,1,0.7187563,High Risk,53.397739622595275,1.4284793358079908,United Kingdom,12 PENCILS SMALL TUBE RED SPOTTY
15689.0,1,0.8224838,High Risk,0.0,0.5807879842534002,United Kingdom,BATHROOM METAL SIGN
15691.0,0,0.5013515,Medium Risk,216.63811590129492,0.887128924410926,United Kingdom,RIBBON REEL LACE DESIGN 
15693.0,1,0.83984226,High Risk,0.0,0.4898976711514225,United Kingdom,SET/10 IVORY SPOTTY PARTY CANDLES
15694.0,0,0.10251128,Low Risk,978.6891819196829,2.498681318785525,United Kingdom,BLACK RECORD COVER FRAME
15695.0,1,0.494863,Medium Risk,472.6855519088548,1.0362752794156993,United Kingdom,ASSORTED COLOUR BIRD ORNAMENT
15696.0,0,0.4008574,Medium Risk,533.909678765779,2.291785399269254,United Kingdom,ANTIQUE SILVER TEA GLASS ETCHED
15697.0,1,0.808903,High Risk,0.0,0.4406538456231922,United Kingdom,PACK OF 72 RETRO SPOT CAKE CASES
15698.0,1,0.84303355,High Risk,0.0,0.5633651887229109,United Kingdom,RIDGED GLASS T-LIGHT HOLDER
15702.0,1,0.8320574,High Risk,149.09008082514265,1.0577114854505747,Nigeria,EMPIRE GIFT WRAP
15704.0,1,0.33303764,Low Risk,1167.2593143097702,1.594714603898827,United Kingdom,PACK OF 12 HEARTS DESIGN TISSUES 
15709.0,1,0.7010411,High Risk,0.0,0.6627941955103621,United Kingdom,PACK OF 12 PINK PAISLEY TISSUES 
15711.0,1,0.59848,Medium Risk,399.7894848654438,1.0390472943657878,United Kingdom,DECORATION  BUTTERFLY  MAGIC GARDEN
15712.0,0,0.02101571,Low Risk,1019.0242378233405,2.455835135555858,United Kingdom,HANGING HEART ZINC T-LIGHT HOLDER
15713.0,0,0.47822818,Medium Risk,266.30233281613215,0.9045987579684029,United Kingdom,BLUE SCANDINAVIAN PAISLEY WRAP
15714.0,0,0.31521982,Low Risk,76.04406499004038,1.80941527498198,United Kingdom,ABSTRACT CIRCLE JOURNAL 
15715.0,1,0.53283095,Medium Risk,356.04015057922476,2.1529965039431667,United Kingdom,72 SWEETHEART FAIRY CAKE CASES
15716.0,0,0.09258642,Low Risk,601.8416864993151,3.0269780343647,United Kingdom,HEART WOODEN CHRISTMAS DECORATION
15717.0,0,0.19181539,Low Risk,315.2401053657774,2.4469696371171903,United Kingdom,WHITE HANGING HEART T-LIGHT HOLDER
15718.0,1,0.8035436,High Risk,0.0,0.8804683698321731,United Kingdom,RETRO COFFEE MUGS ASSORTED
15719.0,0,0.017235046,Low Risk,2023.0433877356325,7.1283151677088,United Kingdom,WHITE HANGING HEART T-LIGHT HOLDER
15720.0,1,0.64259356,Medium Risk,0.0,0.8251458288756056,United Kingdom,BALLOON WATER BOMB PACK OF 35
15722.0,0,0.117763385,Low Risk,1712.2092678003453,2.699503874492542,United Kingdom,GREEN ENAMEL+GLASS HAIR COMB
15723.0,0,0.36334178,Low Risk,0.0,0.7170471471052519,United Kingdom,CAMOUFLAGE LED TORCH
15727.0,0,0.054918975,Low Risk,2045.4615819310186,2.9083694327248875,United Kingdom,WORLD WAR 2 GLIDERS ASSTD DESIGNS
15731.0,1,0.8362837,High Risk,0.0,0.8098814458855172,United Kingdom,60 TEATIME FAIRY CAKE CASES
15732.0,0,0.096102215,Low Risk,754.3761740207581,4.2988741148885135,United Kingdom,WORLD WAR 2 GLIDERS ASSTD DESIGNS
15734.0,0,0.36616033,Low Risk,0.0,0.8409975304118249,United Kingdom,PARTY BUNTING
15738.0,0,0.016760828,Low Risk,3664.3795246516192,9.450121292581928,United Kingdom,WORLD WAR 2 GLIDERS ASSTD DESIGNS
15741.0,1,0.8255888,High Risk,245.61817943601528,1.3580824159365377,United Kingdom,PORCELAIN BUTTERFLY OIL BURNER
15742.0,1,0.7187256,High Risk,0.0,0.5757009194925897,United Kingdom,PLACE SETTING WHITE HEART
15747.0,0,0.08374933,Low Risk,468.9476862632636,2.247329124870006,United Kingdom,NATURAL SLATE RECTANGLE CHALKBOARD
15750.0,0,0.0977307,Low Risk,986.1680996855507,2.4555190258288384,United Kingdom,POLKADOT PEN
15751.0,1,0.62933314,Medium Risk,672.6931045210035,3.5453244417737237,United Kingdom,WORLD WAR 2 GLIDERS ASSTD DESIGNS
15752.0,0,0.22843942,Low Risk,0.0,0.0,United Kingdom,TEATIME GEL PENS ASST
15754.0,1,0.2526653,Low Risk,942.1430468013932,3.910552818991968,United Kingdom,ASSTD DESIGN BUBBLE GUM RING
15755.0,0,0.014330712,Low Risk,1582.3445929617383,4.572129794105201,United Kingdom,WORLD WAR 2 GLIDERS ASSTD DESIGNS
15757.0,0,0.18072937,Low Risk,1765.1389803357079,1.9639889317993902,United Kingdom,GROW YOUR OWN PLANT IN A CAN 
15759.0,1,0.61616224,Medium Risk,313.3420567087758,1.941687423586391,United Kingdom,GIRLS ALPHABET IRON ON PATCHES 
15760.0,1,0.93374884,High Risk,0.0,0.5492433400290678,Norway,Manual
15764.0,0,0.2209009,Low Risk,0.0,0.0,United Kingdom,MAGIC DRAWING SLATE DOLLY GIRL 
15765.0,1,0.78600675,High Risk,0.0,0.4774470918159778,United Kingdom,60 TEATIME FAIRY CAKE CASES
15766.0,1,0.874893,High Risk,408.630261542947,1.0593530324066518,United Kingdom, WHITE CHERRY LIGHTS
15768.0,1,0.42093757,Medium Risk,7640.742997579632,15.522564820538953,United Kingdom,SMALL HEART FLOWERS HOOK 
15769.0,0,0.01869335,Low Risk,13309.986172820374,7.874522082767406,United Kingdom,JUMBO BAG STRAWBERRY
15770.0,1,0.827227,High Risk,0.0,0.5939083220343585,United Kingdom,DOLLY MIXTURE CHILDREN'S UMBRELLA
15771.0,1,0.67356706,Medium Risk,617.4830205588989,1.6235052191132746,United Kingdom,PARTY BUNTING
15774.0,0,0.28882748,Low Risk,418.58999257560754,2.5360148331973904,United Kingdom,WHITE HANGING HEART T-LIGHT HOLDER
15775.0,1,0.84303355,High Risk,0.0,0.546958316501111,United Kingdom,BLACK SILVER FLOWER T-LIGHT HOLDER
15777.0,0,0.57222724,Medium Risk,0.0,0.741323072590564,United Kingdom,PINK SPOTS CHOCOLATE NESTING BOXES 
15779.0,1,0.76202136,High Risk,159.99548144525707,2.1858515845958655,United Kingdom,WHITE HANGING HEART T-LIGHT HOLDER
15784.0,1,0.5840845,Medium Risk,512.8809996834005,1.096154735125264,United Kingdom,HEART IVORY TRELLIS SMALL
15785.0,0,0.1308261,Low Risk,1278.0368295015955,3.099981632979459,United Kingdom,HANGING JAM JAR T-LIGHT HOLDER
15786.0,0,0.4551188,Medium Risk,0.0,0.9047351352785842,United Kingdom,60 TEATIME FAIRY CAKE CASES
15788.0,1,0.5164907,Medium Risk,0.0,0.0,United Kingdom,GROW YOUR OWN PLANT IN A CAN 
15789.0,0,0.19931665,Low Risk,1076.3828795695624,2.120056174398715,United Kingdom,SMALLFOLKART BAUBLE CHRISTMAS DEC
15791.0,1,0.3930899,Low Risk,1823.0270523195645,1.9658574304941245,United Kingdom,PACK 20 ENGLISH ROSE PAPER NAPKINS
15792.0,0,0.4801502,Medium Risk,0.0,0.5782332510400658,United Kingdom,PACK OF 12 PINK PAISLEY TISSUES 
15793.0,0,0.05665026,Low Risk,569.3348756307394,1.9366081128241117,United Kingdom,MULTI COLOUR SILVER T-LIGHT HOLDER
15794.0,1,0.710559,High Risk,95.01543134250215,0.7415202219951397,United Kingdom,BOX OF 9 PEBBLE CANDLES
15795.0,0,0.30361402,Low Risk,651.8461810633024,2.842387419260945,United Kingdom,SKULLS WRAP
15796.0,0,0.26734436,Low Risk,1248.5264724989147,2.9596890810362533,United Kingdom,WHITE HANGING HEART T-LIGHT HOLDER
15797.0,1,0.52934265,Medium Risk,400.36119821847444,1.0425047932936087,United Kingdom,EGG CUP NATURAL CHICKEN
15798.0,1,0.41286924,Medium Risk,1089.8569907246795,1.69558294641082,United Kingdom,"SPRING DEC , HANGING CHICK  GREEN"
15800.0,0,0.47893238,Medium Risk,0.0,0.5782332510400658,United Kingdom,RIDGED GLASS T-LIGHT HOLDER
15803.0,0,0.45131505,Medium Risk,530.7280373514242,1.0811104705486916,United Kingdom,PAPER CHAIN KIT VINTAGE CHRISTMAS
15805.0,0,0.043141052,Low Risk,1291.13849046496,2.5210202154248993,United Kingdom,"ASSORTED FLOWER COLOUR ""LEIS"""
15807.0,0,0.7755624,High Risk,0.0,0.4774470918159778,United Kingdom,BOYS ALPHABET IRON ON PATCHES
15808.0,0,0.01619588,Low Risk,5854.065778306357,7.647237290298439,United Kingdom,JUMBO  BAG BAROQUE BLACK WHITE
15809.0,1,0.6904989,Medium Risk,1539.6639839207703,2.1416425679843227,United Kingdom,PARTY CONE CHRISTMAS DECORATION 
15810.0,0,0.16742703,Low Risk,811.5699920743897,1.744091166013666,United Kingdom,PARTY BUNTING
15812.0,0,0.05263513,Low Risk,1770.2187276760994,3.1000919615888383,United Kingdom,ASSORTED SHAPES PHOTO CLIP SILVER 
15814.0,0,0.550242,Medium Risk,0.0,0.6190840091617155,United Kingdom,MULTI COLOUR SILVER T-LIGHT HOLDER
15816.0,1,0.8520651,High Risk,0.0,0.8688173763364464,United Kingdom,PEARL CRYSTAL PUMPKIN T-LIGHT HLDR
15817.0,0,0.30677834,Low Risk,3085.675466078098,2.0152257334900856,United Kingdom,COLOUR GLASS T-LIGHT HOLDER HANGING
15818.0,1,0.696415,Medium Risk,0.0,0.6661540393934032,United Kingdom,LUNCH BAG  BLACK SKULL.
15819.0,0,0.28770307,Low Risk,1050.8912162796169,2.0473045379818893,United Kingdom,PENS ASSORTED FUNNY FACE
15822.0,1,0.35088602,Low Risk,336.5976304313912,1.9646360348857543,United Kingdom,VICTORIAN GLASS HANGING T-LIGHT
15823.0,0,0.3075734,Low Risk,68.81429420178841,0.7620926547702165,United Kingdom,PACK OF 12 HEARTS DESIGN TISSUES 
15824.0,0,0.7399712,High Risk,0.0,0.9303796312573409,United Kingdom,COLOUR GLASS. STAR T-LIGHT HOLDER
15826.0,1,0.69368434,Medium Risk,0.0,0.741323072590564,United Kingdom,60 TEATIME FAIRY CAKE CASES
15827.0,0,0.18234242,Low Risk,859.2040542915489,5.672011560709081,United Kingdom,60 TEATIME FAIRY CAKE CASES
15833.0,1,0.78032917,High Risk,0.0,0.37961420886422387,United Kingdom,ENGLISH ROSE DESIGN PEG BAG
15837.0,1,0.5571505,Medium Risk,0.0,0.0,United Kingdom,BLUE SPOTS  WRAP
15838.0,0,0.13410114,Low Risk,4737.878403837625,3.1001830742994883,United Kingdom,BROCADE RING PURSE 
15841.0,0,0.49829647,Medium Risk,504.78489213500166,1.4543004917792601,United Kingdom,ETCHED GLASS DROPLET DECORATION
15842.0,0,0.72523475,High Risk,0.0,0.0,United Kingdom,T-LIGHT GLASS FLUTED ANTIQUE
15845.0,1,0.45617333,Medium Risk,464.7650677937031,1.688791053140635,United Kingdom,ASSORTED COLOUR BIRD ORNAMENT
15847.0,0,0.47279942,Medium Risk,0.0,0.5251130260484276,United Kingdom,ASSORTED COLOUR BIRD ORNAMENT
15848.0,1,0.73709166,High Risk,0.0,0.5707022922724782,United Kingdom,SILVER HANGING T-LIGHT HOLDER DOME
15850.0,0,0.2552017,Low Risk,126.63758296469103,0.9135946656595587,United Kingdom,MINI HIGHLIGHTER PENS
15851.0,1,0.6771405,Medium Risk,0.0,0.0,United Kingdom,SET OF 72 RETRO SPOT PAPER  DOILIES
15852.0,1,0.8502412,High Risk,0.0,0.0,United Kingdom,S/16 VINTAGE IVORY CUTLERY
15854.0,0,0.08276394,Low Risk,777.5723189040892,3.054103942770124,United Kingdom,EDWARDIAN PARASOL BLACK
15855.0,1,0.755566,High Risk,0.0,0.0,United Kingdom,RATTLE SNAKE EGGS
15856.0,0,0.021621889,Low Risk,5689.625289750543,8.214071467357948,United Kingdom,SANDWICH BATH SPONGE
15858.0,0,0.055035017,Low Risk,895.622232209599,3.5868517715123107,United Kingdom,KINGS CHOICE CIGAR BOX MATCHES 
15860.0,0,0.16747737,Low Risk,270.74627977298604,2.489594418981887,United Kingdom,DISCO BALL CHRISTMAS DECORATION
15861.0,1,0.69128764,Medium Risk,668.7284304185911,2.3256431395284753,United Kingdom,MINI HIGHLIGHTER PENS
15862.0,0,0.06892732,Low Risk,661.3383349847948,2.5740941797574486,United Kingdom,BROCADE RING PURSE 
15863.0,1,0.85309535,High Risk,123.90005002700963,1.4812666053695158,United Kingdom,LARGE HANGING IVORY & RED WOOD BIRD
15865.0,0,0.39550325,Low Risk,0.0,0.4209120828268408,United Kingdom,WORLD WAR 2 GLIDERS ASSTD DESIGNS
15867.0,0,0.052006688,Low Risk,1895.8284161171496,6.3252284583715666,United Kingdom,ASSTD DESIGN BUBBLE GUM RING
15868.0,1,0.9190592,High Risk,0.0,0.6834781815855456,United Kingdom,FUNKY MONKEY GIFT BAG MEDIUM
15869.0,1,0.7887131,High Risk,0.0,0.5585778164508538,United Kingdom,PINK  SPOTTY CUP
15872.0,0,0.63823557,Medium Risk,0.0,0.8251458288756056,United Kingdom,GLITTER BUTTERFLY CLIPS
15873.0,1,0.83756644,High Risk,479.3144569302118,2.785286420220691,United Kingdom,BLACK SILVER FLOWER T-LIGHT HOLDER
15874.0,0,0.052442204,Low Risk,2406.6929776518664,4.492356367316339,United Kingdom,RED HANGING HEART T-LIGHT HOLDER
15875.0,1,0.69775677,Medium Risk,0.0,0.514832571831334,United Kingdom,ASSORTED FARMYARD ANIMALS IN BUCKET
15878.0,1,0.5778302,Medium Risk,132.28588976755606,0.8919128226170906,United Kingdom,DINOSAUR KEYRINGS ASSORTED
15879.0,0,0.094483085,Low Risk,485.2150742573515,1.485058722740152,United Kingdom,BLUE PAISLEY TISSUE BOX
15882.0,0,0.3253306,Low Risk,230.8638364849295,1.4541716443618773,United Kingdom,CAMOUFLAGE LED TORCH
15884.0,0,0.4501117,Medium Risk,0.0,0.38071276227821854,United Kingdom,3D DOG PICTURE PLAYING CARDS
15885.0,0,0.28728166,Low Risk,691.7624543639449,5.314232918256571,United Kingdom,REGENCY CAKESTAND 3 TIER
15886.0,0,0.5671679,Medium Risk,0.0,0.6340161920795293,United Kingdom,PACK OF 12 LONDON TISSUES 
15887.0,0,0.7951503,High Risk,452.9238116128438,1.8799227791424051,United Kingdom,ASSORTED INCENSE PACK
15888.0,0,0.4502499,Medium Risk,0.0,0.0,United Kingdom,REX CASH+CARRY JUMBO SHOPPER
15889.0,0,0.2170633,Low Risk,330.4686587349093,2.516941904942712,United Kingdom,CACTI T-LIGHT CANDLES
15890.0,0,0.49386132,Medium Risk,45.09110814741002,1.3567748239422244,United Kingdom,CERAMIC CAKE DESIGN SPOTTED PLATE
15892.0,1,0.82476133,High Risk,0.0,0.4723029502992123,United Kingdom,CERAMIC PLATE LOVE HEART DESIGN
15893.0,1,0.6516935,Medium Risk,0.0,0.0,United Kingdom,ANTIQUE SILVER TEA GLASS ENGRAVED
15898.0,0,0.075576775,Low Risk,1504.032805559257,8.408308943061199,United Kingdom,JUMBO STORAGE BAG SUKI
15900.0,0,0.73243004,High Risk,0.0,0.7673027805925606,United Kingdom,BAG 250g SWIRLY MARBLES
15901.0,0,0.59525,Medium Risk,94.68013486071067,2.027578171362995,United Kingdom,GROW YOUR OWN PLANT IN A CAN 
15903.0,0,0.8514723,High Risk,391.82127814965054,1.015776603529051,United Kingdom,ENGLISH ROSE HOT WATER BOTTLE
15905.0,1,0.62037086,Medium Risk,0.0,0.8631069160412602,United Kingdom,RED SPOTS  WRAP 
15908.0,1,0.51479787,Medium Risk,1774.196080581988,2.5272184707433665,United Kingdom,WORLD WAR 2 GLIDERS ASSTD DESIGNS
15910.0,0,0.1720093,Low Risk,660.592729210107,3.4880253767415432,United Kingdom,DISCO BALL CHRISTMAS DECORATION
15911.0,1,0.82287204,High Risk,871.7970565234639,3.534524064317585,United Kingdom,PARTY CONE CHRISTMAS DECORATION 
15912.0,0,0.09343192,Low Risk,177.50182775480573,1.4532398438676706,United Kingdom,MOROCCAN TEA GLASS
15913.0,1,0.83488166,High Risk,0.0,0.9173779310043912,United Kingdom,BLACK AND WHITE CAT BOWL
15916.0,0,0.19580427,Low Risk,489.91679435650536,1.9865370571778431,United Kingdom,MINI HIGHLIGHTER PENS
15917.0,1,0.47813123,Medium Risk,236.34040521425447,1.4182129436118571,United Kingdom,AGED GLASS SILVER T-LIGHT HOLDER
15918.0,1,0.7312489,High Risk,0.0,0.546958316501111,United Kingdom,"HOOK, 5 HANGER , MAGIC TOADSTOOL"
15920.0,0,0.58368415,Medium Risk,120.25177498470605,1.471493737503054,United Kingdom,BASKET/8 SCENTED LOVE TOKEN CANDLES
15921.0,0,0.56902236,Medium Risk,0.0,0.5272186349843028,United Kingdom,ASSORTED CREEPY CRAWLIES
15924.0,1,0.7923518,High Risk,0.0,0.3863023769988185,United Kingdom,BROCADE RING PURSE 
15926.0,1,0.7919202,High Risk,0.0,0.8688173763364464,United Kingdom,PACK OF 72 RETRO SPOT CAKE CASES
15927.0,1,0.73192316,High Risk,0.0,0.5128246449269318,United Kingdom,CACTI T-LIGHT CANDLES
15928.0,1,0.8204447,High Risk,0.0,0.49543486475916315,United Kingdom,EMPIRE GIFT WRAP
15929.0,1,0.7914757,High Risk,0.0,0.518896018407841,United Kingdom,EDWARDIAN PARASOL NATURAL
15936.0,0,0.5288812,Medium Risk,0.0,0.0,United Kingdom,WRAP ENGLISH ROSE 
15938.0,1,0.8364901,High Risk,319.8742058217488,4.076363497859546,United Kingdom,MULTI COLOUR SILVER T-LIGHT HOLDER
15941.0,1,0.7793529,High Risk,0.0,0.5336381217095351,United Kingdom,WHITE CHERRY LIGHTS
15943.0,1,0.6945873,Medium Risk,182.00243139444478,1.005526379955611,United Kingdom,GRAND CHOCOLATECANDLE
15944.0,0,0.42853457,Medium Risk,690.103044156731,0.918279371782642,United Kingdom,ASSORTED COLOUR BIRD ORNAMENT
15945.0,0,0.362401,Low Risk,230.54234463587565,0.8259672185881594,United Kingdom,TABLE LAMP WHITE SHADE WOOD BASE
15946.0,1,0.62867314,Medium Risk,1772.0362845787768,1.2674273322889766,United Kingdom,ASSORTED MINI MADRAS NOTEBOOK
15950.0,0,0.07657966,Low Risk,2088.814163740797,2.3094929180044663,United Kingdom,AFGHAN SLIPPER SOCK PAIR
15953.0,0,0.09605459,Low Risk,324.3488432436826,2.4699873594812973,United Kingdom,WHITE HANGING HEART T-LIGHT HOLDER
15954.0,1,0.7010411,High Risk,0.0,0.6627941955103621,United Kingdom,JUMBO SHOPPER VINTAGE RED PAISLEY
15955.0,0,0.14619516,Low Risk,1645.8738856297932,2.555687953894155,United Kingdom,COLOUR GLASS T-LIGHT HOLDER HANGING
15956.0,1,0.6738097,Medium Risk,326.0190790979998,0.911689996547796,United Kingdom,WHITE HANGING HEART T-LIGHT HOLDER
15958.0,0,0.6245107,Medium Risk,0.0,0.8251458288756056,United Kingdom,RED RETROSPOT SMALL MILK JUG
15959.0,1,0.7727856,High Risk,0.0,0.45123651739501697,United Kingdom,BLUE SCANDINAVIAN PAISLEY WRAP
15964.0,1,0.80308527,High Risk,0.0,0.482704633464161,United Kingdom,ASS COL SMALL SAND FROG P'WEIGHT
15965.0,0,0.13716139,Low Risk,585.0907676293351,2.4693700079740877,United Kingdom,WHITE HANGING HEART T-LIGHT HOLDER
15967.0,0,0.03481619,Low Risk,708.3117253977033,2.974355689917495,United Kingdom,WHITE HANGING HEART T-LIGHT HOLDER
15969.0,0,0.54166824,Medium Risk,0.0,0.0,United Kingdom,ASSORTED COLOUR BIRD ORNAMENT
15970.0,1,0.6748848,Medium Risk,0.0,0.6340161920795293,United Kingdom,JUMBO BAG SPACEBOY DESIGN
15971.0,0,0.35538077,Low Risk,251.91650120176888,0.7778017840447455,United Kingdom,"SWISS ROLL TOWEL, PINK  SPOTS"
15972.0,1,0.49075508,Medium Risk,1216.8522314182028,3.21702136021382,United Kingdom,LAVENDER SCENTED FABRIC HEART
15976.0,0,0.30265024,Low Risk,1171.5755628132983,3.075998268611239,United Kingdom,ASSTD DESIGN BUBBLE GUM RING
15978.0,0,0.5585045,Medium Risk,0.0,0.518896018407841,United Kingdom,WORLD WAR 2 GLIDERS ASSTD DESIGNS
15979.0,1,0.6808543,Medium Risk,0.0,0.6220138440923555,United Kingdom,PACK OF 12 BLUE PAISLEY TISSUES 
15980.0,1,0.5891349,Medium Risk,4555.132728132479,1.8585740756016584,United Kingdom,HANGING HEART ZINC T-LIGHT HOLDER
15981.0,0,0.05223709,Low Risk,4271.609661501013,8.444926814811037,United Kingdom,CHARLOTTE BAG DOLLY GIRL DESIGN
15982.0,1,0.6719647,Medium Risk,0.0,0.6133064633739567,United Kingdom,FAIRY CAKE FLANNEL ASSORTED COLOUR
15983.0,0,0.4981813,Medium Risk,679.9060556128966,1.3799684921366413,United Kingdom,HEART FILIGREE DOVE  SMALL
15984.0,0,0.059448894,Low Risk,2051.2043713355615,6.089407062416151,United Kingdom,ANGEL DECORATION 3 BUTTONS 
15985.0,0,0.31972235,Low Risk,1066.3567501845819,2.8939858870133213,United Kingdom,BOYS ALPHABET IRON ON PATCHES
15988.0,1,0.22559404,Low Risk,441.15428318240384,1.1476028496543382,United Kingdom,RETRO PLASTIC 70'S TRAY
15989.0,0,0.5702016,Medium Risk,0.0,0.37961420886422387,United Kingdom,WRAP  PINK FLOCK
15990.0,1,0.34549367,Low Risk,878.7472510290704,3.303183545246237,United Kingdom,HANGING HEART ZINC T-LIGHT HOLDER
15991.0,1,0.7483636,High Risk,0.0,0.9173779310043912,United Kingdom,GLASS CHALICE BLUE SMALL 
15994.0,0,0.67202306,Medium Risk,0.0,0.538005433450283,United Kingdom,HEART FILIGREE DOVE  SMALL
15998.0,0,0.029066894,Low Risk,1838.594443689154,3.4936396466144144,United Kingdom,DINOSAUR KEYRINGS ASSORTED
15999.0,1,0.5815213,Medium Risk,0.0,0.38181769715119207,United Kingdom,PARTY CONE CHRISTMAS DECORATION 
16002.0,1,0.7224634,High Risk,0.0,0.5609612774510851,United Kingdom,ASSORTED COLOUR BIRD ORNAMENT
16003.0,0,0.46869057,Medium Risk,647.3213914505927,0.8706254969645321,United Kingdom,ENGLISH ROSE NOTEBOOK A7 SIZE
16004.0,1,0.1458743,Low Risk,1381.399038747177,2.3015419734199343,United Kingdom,PACK OF 72 RETRO SPOT CAKE CASES
16007.0,0,0.32624453,Low Risk,0.0,0.8631069160412602,United Kingdom,WORLD WAR 2 GLIDERS ASSTD DESIGNS
16008.0,0,0.31652918,Low Risk,660.587728312055,3.56452955135234,United Kingdom,12 PENCILS TALL TUBE SKULLS
16011.0,0,0.07931157,Low Risk,729.4391395642388,4.5323959615305585,United Kingdom,AGED GLASS SILVER T-LIGHT HOLDER
16012.0,0,0.6457092,Medium Risk,0.0,0.0,United Kingdom,"KEY FOB , GARAGE DESIGN"
16013.0,0,0.03869326,Low Risk,4129.509737001741,6.21500680816873,United Kingdom,VICTORIAN GLASS HANGING T-LIGHT
16014.0,0,0.4369064,Medium Risk,0.0,0.45911250296442674,United Kingdom,60 GOLD AND SILVER FAIRY CAKE CASES
16017.0,0,0.18838556,Low Risk,296.7143493849107,1.5684822083395389,United Kingdom,LAVENDER SCENTED FABRIC HEART
16018.0,0,0.664294,Medium Risk,0.0,0.38517135175621425,United Kingdom,TRADITIONAL WOODEN CATCH CUP GAME 
16019.0,0,0.014875007,Low Risk,4363.124327883045,4.708929238749153,United Kingdom,SMALL HEART FLOWERS HOOK 
16021.0,0,0.5481123,Medium Risk,0.0,0.8574711392407524,United Kingdom,CARD MOTORBIKE SANTA
16027.0,1,0.6690046,Medium Risk,652.3943992030108,5.090467108266069,United Kingdom,AGED GLASS SILVER T-LIGHT HOLDER
16028.0,1,0.8507176,High Risk,0.0,0.6433267706413722,United Kingdom,RED RETROSPOT MUG
16029.0,0,0.015874455,Low Risk,16321.220636792656,14.163247252540456,United Kingdom,JUMBO BAG SCANDINAVIAN PAISLEY
16032.0,1,0.6975728,Medium Risk,2532.0844440377064,7.831291437448774,United Kingdom,BEADED LOVE HEART JEWELLERY SET
16033.0,0,0.38154247,Low Risk,1080.1723205276107,3.2702924802852724,United Kingdom,CERAMIC HEART FAIRY CAKE MONEY BANK
16035.0,1,0.68001217,Medium Risk,0.0,0.7763726947134019,United Kingdom,ANTIQUE LILY FAIRY LIGHTS
16036.0,0,0.34451616,Low Risk,0.0,0.5731906960530677,United Kingdom,GRAND CHOCOLATECANDLE
16037.0,1,0.51468426,Medium Risk,437.12059559291055,1.184611945562508,United Kingdom,EASTER DECORATION HANGING BUNNY
16039.0,0,0.7681484,High Risk,0.0,0.5538712095654507,United Kingdom,BLUE SPOTS  WRAP
16040.0,0,0.35609862,Low Risk,573.8906917091558,2.2568764003447543,United Kingdom,GROW YOUR OWN PLANT IN A CAN 
16043.0,0,0.5371646,Medium Risk,0.0,0.0,United Kingdom,PACK OF 6 BIRDY GIFT TAGS
16045.0,0,0.5309234,Medium Risk,0.0,0.0,United Kingdom,GRAND CHOCOLATECANDLE
16046.0,1,0.72915256,High Risk,0.0,0.7673027805925606,United Kingdom,SKULLS WRAP
16047.0,1,0.8614648,High Risk,0.0,0.45123651739501697,EIRE,Adjustment by john on 26/01/2010 16
16048.0,0,0.57049733,Medium Risk,0.0,0.8303628178208423,United Kingdom,HAND WARMER BIRD DESIGN
16049.0,0,0.18245484,Low Risk,0.0,0.0,United Kingdom,CARD CHRISTMAS VILLAGE
16051.0,1,0.8043863,High Risk,0.0,0.45279000275600834,United Kingdom,6 HOOK JEWELLERY STAND BLACK DRESS
16053.0,0,0.5839566,Medium Risk,0.0,0.5993241490614548,United Kingdom,GIRLS ALPHABET IRON ON PATCHES 
16054.0,0,0.29228592,Low Risk,921.7951144797363,1.3540868083947752,United Kingdom,WRAP CHRISTMAS VILLAGE
16057.0,1,0.65978086,Medium Risk,1004.7694115698771,1.5857044833620153,United Kingdom,PACK OF 72 RETRO SPOT CAKE CASES
16059.0,0,0.11861435,Low Risk,934.8816024641851,3.7760020871583158,United Kingdom,HANGING JAM JAR T-LIGHT HOLDER
16060.0,0,0.53722847,Medium Risk,0.0,0.0,United Kingdom,72 SWEETHEART FAIRY CAKE CASES
16062.0,0,0.6674656,Medium Risk,0.0,0.9047351352785842,United Kingdom,PACK OF 12 LONDON TISSUES 
16064.0,1,0.8448746,High Risk,0.0,0.3932306320164019,United Kingdom,HANGING JAM JAR T-LIGHT HOLDER
16065.0,0,0.3179928,Low Risk,0.0,0.0,United Kingdom,WHITE HANGING HEART T-LIGHT HOLDER
16067.0,1,0.5307423,Medium Risk,1337.9645640594817,1.7292579407119597,United Kingdom,JUMBO  BAG BAROQUE BLACK WHITE
16068.0,1,0.70277447,High Risk,0.0,0.6496874343202717,United Kingdom,DINOSAURS WATER TRANSFER TATTOOS 
16071.0,1,0.5234544,Medium Risk,499.9023104948761,1.8617387747012897,United Kingdom,BLUE SPOTS  WRAP
16072.0,0,0.5850953,Medium Risk,0.0,0.8303628178208423,United Kingdom,STRAWBERRY CERAMIC TRINKET BOX
16075.0,1,0.48157638,Medium Risk,580.8208243355158,1.7679509022339743,United Kingdom,60 TEATIME FAIRY CAKE CASES
16077.0,1,0.9254508,High Risk,0.0,0.5609612774510851,United Kingdom,COLOUR GLASS T-LIGHT HOLDER HANGING
16078.0,1,0.832044,High Risk,0.0,0.4723029502992123,United Kingdom,PAPER POCKET TRAVELING FAN 
16081.0,0,0.36817238,Low Risk,218.27661014503113,1.0696815698566664,United Kingdom,ASSORTED COLOUR BIRD ORNAMENT
16082.0,1,0.8378144,High Risk,0.0,0.4706128042539782,United Kingdom,"FEATHER PEN,COAL BLACK"
16085.0,0,0.14949964,Low Risk,715.7841908788224,3.4763301513878737,United Kingdom,WORLD WAR 2 GLIDERS ASSTD DESIGNS
16086.0,0,0.33809468,Low Risk,521.4868743460842,1.4201853876266726,United Kingdom,CAMOUFLAGE LED TORCH
16087.0,0,0.46301153,Medium Risk,589.9393156765041,1.6444787835284707,United Kingdom,BLACK RECORD COVER FRAME
16088.0,1,0.6256946,Medium Risk,1280.4239709551794,1.4746563401770965,United Kingdom,POTTING SHED TEA MUG
16089.0,0,0.41415104,Medium Risk,0.0,0.0,United Kingdom,ASSORTED FARMYARD ANIMALS IN BUCKET
16090.0,1,0.8177544,High Risk,0.0,0.5633651887229109,United Kingdom,ASSORTED WHITE EMBOSSED CHINA MUGS
16092.0,1,0.4349957,Medium Risk,592.7828176559135,1.6275381922973216,United Kingdom,PACK OF 60 DINOSAUR CAKE CASES
16094.0,0,0.15667003,Low Risk,1430.088592041691,4.040552790595129,United Kingdom,MULTI COLOUR SILVER T-LIGHT HOLDER
16095.0,1,0.6590146,Medium Risk,0.0,0.0,United Kingdom,AGED GLASS SILVER T-LIGHT HOLDER
16096.0,0,0.32657,Low Risk,443.13558490543056,1.1778021166358255,United Kingdom,BIRTHDAY BANQUET GIFT WRAP
16098.0,0,0.054166302,Low Risk,1092.5050410874853,3.1001545886443678,United Kingdom,ZINC FOLKART SLEIGH BELLS
16099.0,0,0.4130069,Medium Risk,581.3366267636613,1.9283047758436571,United Kingdom,BALLOON WATER BOMB PACK OF 35
16100.0,1,0.7250685,High Risk,0.0,0.0,United Kingdom,CHRISTMAS TREE PAINTED ZINC 
16101.0,0,0.16720402,Low Risk,857.7203215256435,1.807580346127131,United Kingdom,12 PENCILS SMALL TUBE SKULL
16103.0,0,0.097221725,Low Risk,2357.2368682454617,6.839332194131245,United Kingdom,WHITE HANGING HEART T-LIGHT HOLDER
16104.0,0,0.06947507,Low Risk,959.0793367714458,3.018332707641191,United Kingdom,WORLD WAR 2 GLIDERS ASSTD DESIGNS
16105.0,0,0.24327984,Low Risk,1075.9009993665525,2.309046899708712,United Kingdom,MINI HIGHLIGHTER PENS
16108.0,0,0.2391796,Low Risk,811.8618697989019,1.2455212295120306,United Kingdom,60 TEATIME FAIRY CAKE CASES
16109.0,1,0.76373035,High Risk,0.0,0.4277561716131409,United Kingdom,RED LOVE HEART SHAPE CUP
16110.0,1,0.41112533,Medium Risk,0.0,0.0,United Kingdom,HANGING JAM JAR T-LIGHT HOLDER
16115.0,0,0.15490247,Low Risk,719.8492392244568,2.6880539777737336,United Kingdom,RED SPOTS  WRAP 
16117.0,0,0.5866092,Medium Risk,0.0,0.6561752904547492,United Kingdom,HANGING HEART JAR T-LIGHT HOLDER
16118.0,1,0.6677043,Medium Risk,0.0,0.5030156797443815,United Kingdom,PACK OF 6 SKULL PAPER CUPS
16119.0,0,0.19668318,Low Risk,501.035432487899,2.023458829095339,United Kingdom,ENAMEL FLOWER JUG CREAM
16121.0,0,0.6437476,Medium Risk,0.0,0.7540889284243036,United Kingdom,AGED GLASS SILVER T-LIGHT HOLDER
16124.0,0,0.3939811,Low Risk,510.26667519877253,0.8908307897721899,United Kingdom,PACK OF 72 RETRO SPOT CAKE CASES
16125.0,0,0.034625005,Low Risk,1560.520834077654,5.787412497680561,United Kingdom,WHITE HANGING HEART T-LIGHT HOLDER
16126.0,0,0.029881088,Low Risk,2123.0829083927624,4.024801351468343,United Kingdom,PINK CREAM FELT CRAFT TRINKET BOX 
16127.0,1,0.6557038,Medium Risk,0.0,0.3920587028572731,United Kingdom,FAIRY CAKE CANDLES
16128.0,0,0.4988487,Medium Risk,1343.6132541900172,2.5350091680533025,United Kingdom,PACK OF 72 RETRO SPOT CAKE CASES
16129.0,0,0.3471488,Low Risk,0.0,0.0,United Kingdom,WORLD WAR 2 GLIDERS ASSTD DESIGNS
16130.0,0,0.41811284,Medium Risk,605.9381505643207,2.17221680875645,United Kingdom,PACK OF 72 RETROSPOT CAKE CASES
16131.0,0,0.18997091,Low Risk,3383.5236386514102,0.875757917388766,United Kingdom,AREA PATROLLED METAL SIGN
16132.0,1,0.42181012,Medium Risk,490.9810098636357,1.2874152314363778,United Kingdom,RED HANGING HEART T-LIGHT HOLDER
16133.0,0,0.07339276,Low Risk,2322.0098066665346,7.725377530832863,United Kingdom,HANGING HEART ZINC T-LIGHT HOLDER
16134.0,0,0.20600116,Low Risk,894.3203300703652,2.0702821962517226,United Kingdom,CACTI T-LIGHT CANDLES
16135.0,1,0.78101546,High Risk,0.0,0.6834781815855456,United Kingdom, IVORY PAPER CUP CAKE CASES 
16136.0,1,0.77010554,High Risk,0.0,0.482704633464161,United Kingdom,PARTY CONES CANDY ASSORTED
16137.0,1,0.7105682,High Risk,0.0,0.45435423131461855,United Kingdom,FANNY'S REST STOPMETAL SIGN
16138.0,0,0.44508132,Medium Risk,140.7219207954531,1.5276648911502484,United Kingdom,SET/6 RED SPOTTY PAPER CUPS
16139.0,1,0.5071839,Medium Risk,117.39800434705577,0.7818798368293821,United Kingdom,JAPANESE CROCHETED ANIMAL
16143.0,0,0.4034299,Medium Risk,789.842184192114,1.987661857971846,United Kingdom,STRAWBERRY CERAMIC TRINKET BOX
16145.0,0,0.22052039,Low Risk,1122.6610481599541,3.4839496334211155,United Kingdom,GLITTER SNOW PEAR TREE DECORATION
16147.0,0,0.2284676,Low Risk,674.0302077628984,1.078347572882543,United Kingdom,HEART FILIGREE DOVE  SMALL
16150.0,0,0.10534157,Low Risk,1080.210897474727,2.574658972453123,United Kingdom,WHITE HANGING HEART T-LIGHT HOLDER
16153.0,0,0.1709876,Low Risk,1550.5513807265381,4.9870701812549125,United Kingdom,LADLE LOVE HEART PINK
16155.0,0,0.43738496,Medium Risk,432.8048352517491,2.062163399817415,United Kingdom,"KEY FOB , BACK DOOR "
16156.0,0,0.120138,Low Risk,1036.2063600319598,2.9831758979799257,United Kingdom,WORLD WAR 2 GLIDERS ASSTD DESIGNS
16158.0,1,0.7848276,High Risk,288.63409550169945,4.058479127280046,United Kingdom,WHITE CHRISTMAS TREE DECORATION 
16159.0,1,0.5792682,Medium Risk,445.8258753413719,1.425329399395109,United Kingdom,PACK OF 72 RETRO SPOT CAKE CASES
16161.0,0,0.016995536,Low Risk,2285.8322235004607,10.195499339173013,United Kingdom,SMALL PINK MAGIC CHRISTMAS TREE
16163.0,0,0.27127004,Low Risk,286.61480012104033,1.4202472620412587,United Kingdom,PARTY BUNTING
16165.0,1,0.93398494,High Risk,0.0,0.0,United Kingdom,SET/4 WHITE RETRO STORAGE CUBES 
16166.0,0,0.6099442,Medium Risk,0.0,0.43772086888741985,United Kingdom,HANGING HEART ZINC T-LIGHT HOLDER
16167.0,0,0.37006238,Low Risk,411.8434219147173,0.8682615676938473,United Kingdom,BOYS ALPHABET IRON ON PATCHES
16168.0,0,0.03684221,Low Risk,2489.383161917224,11.346845007582747,United Kingdom,ROTATING LEAVES T-LIGHT HOLDER
16170.0,0,0.033063523,Low Risk,3156.103510834835,8.559405148869233,United Kingdom,ASSTD DESIGN BUBBLE GUM RING
16172.0,1,0.37245432,Low Risk,1630.236597396913,4.035620018098545,United Kingdom,PACK OF 12 SKULL TISSUES
16174.0,1,0.54389375,Medium Risk,1164.0819270303648,3.170514433057435,United Kingdom,LUNCH BAG PINK RETROSPOT
16175.0,1,0.39706963,Low Risk,804.1694689562262,2.860929985222311,United Kingdom,WHITE HANGING HEART T-LIGHT HOLDER
16176.0,0,0.47967115,Medium Risk,489.13149613286004,2.146042958964994,United Kingdom,COLOUR GLASS T-LIGHT HOLDER HANGING
16177.0,0,0.14197765,Low Risk,1137.4877080605104,3.329700025753449,United Kingdom,STRAWBERRY CERAMIC TRINKET BOX
16180.0,1,0.81980515,High Risk,6630.655622804122,4.70350433368302,United Kingdom,JUMBO BAG PINK VINTAGE PAISLEY
16182.0,0,0.09143004,Low Risk,2105.061182426075,2.6993903872961,United Kingdom,JUMBO SHOPPER VINTAGE RED PAISLEY
16185.0,1,0.7587684,High Risk,0.0,0.758442616495476,United Kingdom,BLUE  SPOTTY CUP
16186.0,0,0.061558187,Low Risk,1833.3887524707368,4.6392520987827455,United Kingdom,STRAWBERRY CERAMIC TRINKET BOX
16190.0,0,0.15816233,Low Risk,932.9591239807297,2.551268983327533,United Kingdom,12 PENCILS TALL TUBE RED RETROSPOT
16191.0,0,0.2276024,Low Risk,2227.480560499623,0.9070109468709135,United Kingdom,ZINC METAL HEART DECORATION
16192.0,1,0.7022835,High Risk,0.0,0.38181769715119207,United Kingdom,WRAP CHRISTMAS SCREEN PRINT
16195.0,1,0.8759923,High Risk,0.0,0.39559565209882885,United Kingdom,KINGS CHOICE MUG
16196.0,1,0.93285376,High Risk,0.0,0.0,United Kingdom,GLITTER HANGING BUTTERFLY STRING
16197.0,1,0.38008237,Low Risk,1152.2062221284082,4.737352279714595,United Kingdom,PACK OF 72 SKULL CAKE CASES
16199.0,0,0.6813408,Medium Risk,276.1452230781647,3.5517664739037724,United Kingdom,COLOUR GLASS. STAR T-LIGHT HOLDER
16200.0,0,0.03491102,Low Risk,1883.2062037731869,2.983527364048655,United Kingdom,ASSORTED COLOUR BIRD ORNAMENT
16202.0,0,0.12842515,Low Risk,772.3526431171707,1.9407785173095897,United Kingdom,WHITE SPOT RED CERAMIC DRAWER KNOB
16203.0,0,0.71354556,High Risk,0.0,0.0,United Kingdom,DINOSAUR KEYRINGS ASSORTED
16204.0,0,0.6098554,Medium Risk,0.0,0.3863023769988185,United Kingdom,ASSTD DESIGN BUBBLE GUM RING
16205.0,0,0.58740765,Medium Risk,0.0,0.8688173763364464,United Kingdom,ASSTD DESIGN BUBBLE GUM RING
16206.0,0,0.115064554,Low Risk,599.6240229561135,2.2933070206114747,United Kingdom,WHITE HANGING HEART T-LIGHT HOLDER
16208.0,0,0.13736728,Low Risk,1426.130772230562,3.2531976971987375,United Kingdom,LAVENDER SCENTED FABRIC HEART
16209.0,0,0.25908777,Low Risk,1607.3473144720872,3.169579419584755,United Kingdom,BLACK RECORD COVER FRAME
16210.0,0,0.10487628,Low Risk,4022.3358208176373,5.065392382052531,United Kingdom,BLACK RECORD COVER FRAME
16212.0,1,0.644579,Medium Risk,445.0750450011183,1.0605665410732812,United Kingdom,BROCADE RING PURSE 
16218.0,0,0.7587684,High Risk,0.0,0.771811055783538,United Kingdom,SMALL POPCORN HOLDER
16219.0,1,0.927319,High Risk,0.0,0.0,United Kingdom,HANGING JAM JAR T-LIGHT HOLDER
16221.0,0,0.13860916,Low Risk,1180.0393995504915,5.187475236025172,United Kingdom,BROCADE RING PURSE 
16222.0,1,0.726697,High Risk,0.0,0.397989315251786,United Kingdom,FANNY'S REST STOPMETAL SIGN
16225.0,0,0.14621489,Low Risk,1036.301371528962,4.9924551251697045,United Kingdom,FELTCRAFT BUTTERFLY HEARTS
16227.0,1,0.6276325,Medium Risk,1021.6168384467595,2.124740616893262,United Kingdom,HANGING JAM JAR T-LIGHT HOLDER
16229.0,0,0.2048502,Low Risk,1045.6195281587025,2.8404111102142924,United Kingdom,HANGING JAM JAR T-LIGHT HOLDER
16231.0,0,0.49308884,Medium Risk,0.0,0.6370895928567077,United Kingdom,BALLOON WATER BOMB PACK OF 35
16232.0,0,0.34816465,Low Risk,731.0631069317944,1.9309419779554875,United Kingdom,60 TEATIME FAIRY CAKE CASES
16233.0,0,0.21004009,Low Risk,450.51914495465815,1.9419210939080052,United Kingdom,3 STRIPEY MICE FELTCRAFT
16234.0,1,0.32565895,Low Risk,389.4160922159466,2.8944299966084883,United Kingdom,RECYCLING BAG RETROSPOT 
16235.0,0,0.4860726,Medium Risk,273.94801687960194,3.904399118092503,United Kingdom,CHRISTMAS TREE PAINTED ZINC 
16239.0,0,0.35851988,Low Risk,0.0,0.0,United Kingdom,NATURAL SLATE HEART CHALKBOARD 
16242.0,0,0.1535722,Low Risk,1511.5846514170426,2.7661805705788765,United Kingdom,HEART DECORATION WITH PEARLS 
16246.0,1,0.5586988,Medium Risk,884.8953066129923,1.1086831524933052,United Kingdom,SET OF 4 NAPKIN CHARMS CUTLERY
16251.0,1,0.631732,Medium Risk,0.0,0.0,United Kingdom,UNION STRIPE CUSHION COVER 
16253.0,0,0.27473643,Low Risk,1508.1637011226449,1.4453995825701809,United Kingdom,HANGING PHOTO CLIP ROPE LADDER
16254.0,0,0.51346695,Medium Risk,316.6196957107653,1.27284603522209,United Kingdom,WORLD WAR 2 GLIDERS ASSTD DESIGNS
16255.0,0,0.27653256,Low Risk,999.4313244071362,3.5238446081259194,United Kingdom,60 TEATIME FAIRY CAKE CASES
16256.0,1,0.6020117,Medium Risk,561.4470612331477,1.4897149616237775,United Kingdom,60 TEATIME FAIRY CAKE CASES
16258.0,0,0.06301795,Low Risk,3121.174243394255,4.163900249182846,United Kingdom,"ASSORTED FLOWER COLOUR ""LEIS"""
16259.0,0,0.52272385,Medium Risk,0.0,0.6133064633739567,United Kingdom,PARTY CONE CHRISTMAS DECORATION 
16266.0,0,0.18270342,Low Risk,464.6845661118536,3.0217201790061865,United Kingdom,HEART DECORATION WITH PEARLS 
16267.0,1,0.7775208,High Risk,0.0,0.6561752904547492,United Kingdom,MAGIC DRAWING SLATE DINOSAUR
16271.0,1,0.6044951,Medium Risk,1181.3831344702944,3.396171349533124,United Kingdom,STRAWBERRY CERAMIC TRINKET BOX
16273.0,1,0.68380576,Medium Risk,102.75689921076743,1.057066658579716,United Kingdom,AMETHYST HOOP EARRING FLORAL LEAF
16275.0,1,0.51878583,Medium Risk,1342.5046921571773,1.2312319593261398,United Kingdom,MAGIC DRAWING SLATE GO TO THE FAIR 
16276.0,1,0.84086764,High Risk,1321.2686519636152,1.4239409255193434,United Kingdom,HAND OVER THE CHOCOLATE   SIGN 
16277.0,1,0.81218404,High Risk,0.0,0.3840469351105322,United Kingdom,WOODEN FRAME ANTIQUE WHITE 
16278.0,1,0.65456295,Medium Risk,1015.3596996724308,2.8397690133819506,United Kingdom,60 TEATIME FAIRY CAKE CASES
16279.0,0,0.13609296,Low Risk,2633.878804328781,3.2790783912925003,United Kingdom,PACK OF 72 RETRO SPOT CAKE CASES
16280.0,1,0.8874091,High Risk,0.0,0.3932306320164019,United Kingdom,BIG DOUGHNUT FRIDGE MAGNETS
16281.0,0,0.5040473,Medium Risk,0.0,0.45123651739501697,United Kingdom,PINK CREAM FELT CRAFT TRINKET BOX 
16282.0,1,0.469778,Medium Risk,995.7621116973072,0.9405546902309819,United Kingdom,CHRISTMAS RETROSPOT HEART WOOD
16283.0,0,0.68297505,Medium Risk,889.0251427989142,1.1844833696614614,United Kingdom,ASSORTED COLOUR BIRD ORNAMENT
16285.0,1,0.7006844,High Risk,0.0,0.514832571831334,United Kingdom,FRYING PAN UNION FLAG
16286.0,1,0.82046646,High Risk,95.94785295634766,1.3262176946548676,United Kingdom,SWEETHEART CERAMIC TRINKET BOX
16287.0,0,0.5071593,Medium Risk,168.55350273445615,0.9832026958320996,United Kingdom,PIECE OF CAMO STATIONERY SET
16288.0,1,0.74777704,High Risk,0.0,0.0,United Kingdom,WHITE HANGING HEART T-LIGHT HOLDER
16289.0,1,0.7055589,High Risk,0.0,0.0,United Kingdom,SMALL SPOTTY CHOCOLATE GIFT BAG 
16290.0,1,0.319397,Low Risk,1454.9953443515553,3.8649469044444085,United Kingdom,HEART DECORATION PAINTED ZINC 
16291.0,1,0.8481337,High Risk,0.0,0.45123651739501697,Portugal,Adjustment by john on 26/01/2010 16
16292.0,0,0.27928555,Low Risk,646.1403572974286,2.3097565098528756,United Kingdom,WORLD WAR 2 GLIDERS ASSTD DESIGNS
16293.0,0,0.63913107,Medium Risk,315.9888874584932,0.9036541719891341,United Kingdom,GROW YOUR OWN PLANT IN A CAN 
16294.0,1,0.82635254,High Risk,0.0,0.0,United Kingdom,WHITE AND BLUE CERAMIC OIL BURNER
16296.0,1,0.67917615,Medium Risk,675.8335797782992,2.0279080160944605,United Kingdom,PLACE SETTING WHITE HEART
16299.0,1,0.68212175,Medium Risk,0.0,0.0,United Kingdom,PACK OF 60 PINK PAISLEY CAKE CASES
16300.0,0,0.2357222,Low Risk,542.7293129108763,1.0385162942234267,United Kingdom,WHITE HANGING HEART T-LIGHT HOLDER
16301.0,1,0.9012954,High Risk,0.0,0.38071276227821854,United Kingdom,CERAMIC STRWBERRY DESIGN MUG
16303.0,0,0.30273458,Low Risk,934.1233526129225,1.2551769829930768,United Kingdom,"KEY FOB , SHED"
16304.0,1,0.71494484,High Risk,0.0,0.4333939491542592,United Kingdom,PACK OF 12 HEARTS DESIGN TISSUES 
16307.0,0,0.46529576,Medium Risk,712.9302697026105,1.6206214510925656,United Kingdom,"KEY FOB , GARAGE DESIGN"
16308.0,0,0.2691465,Low Risk,716.7407090609797,0.9181628286098257,United Kingdom,SMALL CHINESE STYLE SCISSOR
16310.0,0,0.7201505,High Risk,0.0,0.5230241862181184,United Kingdom,WRAP CHRISTMAS VILLAGE
16314.0,0,0.3839803,Low Risk,1963.244479999031,3.812421291522642,United Kingdom,PLEASE ONE PERSON METAL SIGN
16315.0,1,0.7081326,High Risk,0.0,0.9047351352785842,United Kingdom,CERAMIC CAKE DESIGN SPOTTED MUG
16316.0,0,0.25310877,Low Risk,0.0,0.0,United Kingdom,MAGIC DRAWING SLATE GO TO THE FAIR 
16317.0,1,0.6013685,Medium Risk,906.560332174666,1.5572316754352304,United Kingdom,RED SPOTS  WRAP 
16320.0,0,0.19394983,Low Risk,2214.5774706602274,1.695204180111467,Unspecified,60 TEATIME FAIRY CAKE CASES
16321.0,1,0.64296466,Medium Risk,40.36770062513875,0.865599702026286,Australia,CREAM FELT EASTER EGG BASKET
16323.0,1,0.7719981,High Risk,0.0,0.7054965367821219,United Kingdom,HANGING HEART ZINC T-LIGHT HOLDER
16325.0,0,0.10959563,Low Risk,886.3593463834686,3.000971209892413,United Kingdom,CANDY SHOP  STICKER SHEET
16326.0,0,0.11019556,Low Risk,834.3467792978295,5.442523515113136,United Kingdom,ANGEL DECORATION 3 BUTTONS 
16327.0,0,0.0217628,Low Risk,3019.3537867857463,4.709088778748372,United Kingdom,GIRLS ALPHABET IRON ON PATCHES 
16328.0,1,0.41340473,Medium Risk,0.0,0.7628469375153665,United Kingdom,ASSORTED CREEPY CRAWLIES
16329.0,0,0.6221994,Medium Risk,423.2526645382558,0.858637059111051,United Kingdom,PLASTERS IN TIN CIRCUS PARADE 
16330.0,0,0.70660007,High Risk,0.0,0.48448299828224056,United Kingdom,PACK OF 12 WOODLAND TISSUES 
16331.0,0,0.378021,Low Risk,1249.6702565442708,1.9597422949173364,United Kingdom,POCKET BAG BLUE PAISLEY RED SPOT
16332.0,0,0.7912795,High Risk,210.6675001945145,2.484735390723193,United Kingdom,SMALL STRIPES CHOCOLATE GIFT BAG 
16334.0,1,0.31698608,Low Risk,0.0,0.0,United Kingdom,BROCADE RING PURSE 
16335.0,1,0.6744699,Medium Risk,1492.3084363112987,3.5213353281147954,United Kingdom,ROSES IN WHITE HEART CANDLE 
16336.0,0,0.23206738,Low Risk,1823.6264333132187,1.2844604235303156,United Kingdom,STRAWBERRY CERAMIC TRINKET BOX
16340.0,0,0.41948745,Medium Risk,0.0,0.8199940768413364,United Kingdom,CHRISTMAS METAL TAGS ASSORTED 
16341.0,0,0.50507516,Medium Risk,0.0,0.6020693157063839,United Kingdom,WORLD WAR 2 GLIDERS ASSTD DESIGNS
16344.0,1,0.26285025,Low Risk,521.2862558117553,1.774871577627335,United Kingdom,60 TEATIME FAIRY CAKE CASES
16345.0,1,0.26467428,Low Risk,0.0,0.0,United Kingdom,PARTY CONE CHRISTMAS DECORATION 
16347.0,0,0.16909602,Low Risk,904.5191563352873,3.4575928454160283,United Kingdom,ASSTD DESIGN BUBBLE GUM RING
16351.0,0,0.011458648,Low Risk,1625.0940163345695,5.619418170015787,United Kingdom,WORLD WAR 2 GLIDERS ASSTD DESIGNS
16353.0,0,0.033467192,Low Risk,962.5852812954266,5.140616150759253,United Kingdom,CHILLI LIGHTS
16354.0,0,0.637734,Medium Risk,0.0,0.6561752904547492,United Kingdom,CARD MOTORBIKE SANTA
16356.0,0,0.46595633,Medium Risk,0.0,0.8199940768413364,United Kingdom,DINOSAURS  WRITING SET 
16359.0,0,0.1669939,Low Risk,441.1679386457022,3.823623755058652,United Kingdom,ZINC METAL HEART DECORATION
16365.0,0,0.1319974,Low Risk,721.1916923922105,2.528617832214236,United Kingdom,ZINC FINISH 15CM PLANTER POTS
16366.0,1,0.48811537,Medium Risk,795.0613018566432,1.4789651748822301,United Kingdom,STRAWBERRY CERAMIC TRINKET BOX
16369.0,0,0.37095287,Low Risk,693.9097991297239,2.236059596491224,United Kingdom,BLUE TEA TOWEL CLASSIC DESIGN
16372.0,0,0.5310501,Medium Risk,0.0,0.6076358805954211,United Kingdom,10 COLOUR SPACEBOY PEN
16374.0,0,0.359817,Low Risk,0.0,0.6661540393934032,United Kingdom,HANGING JAM JAR T-LIGHT HOLDER
16375.0,1,0.57614446,Medium Risk,0.0,0.0,United Kingdom,SMALL POPCORN HOLDER
16377.0,1,0.69291866,Medium Risk,0.0,0.5807879842534002,United Kingdom,"BROCADE PURSE,SMALL ARCH BUTTON"
16382.0,0,0.5821303,Medium Risk,0.0,0.8251458288756056,United Kingdom,WRAP BLUE REINDEER
16383.0,0,0.2987989,Low Risk,1168.4079352264398,1.7431593934657295,United Kingdom,PINK SPOTS  WRAP 
16384.0,0,0.68967706,Medium Risk,0.0,0.6594681147764587,United Kingdom,FUNKY DIVA PEN
16385.0,0,0.56101227,Medium Risk,0.0,0.546958316501111,United Kingdom,GIN + TONIC DIET METAL SIGN
16387.0,0,0.7467025,High Risk,0.0,0.5314809749724498,United Kingdom,ASSORTED COLOUR BIRD ORNAMENT
16388.0,1,0.75643593,High Risk,0.0,0.501098787909359,United Kingdom,"DECORATION , WOBBLY CHICKEN, METAL "
16390.0,1,0.58219707,Medium Risk,259.39039084725795,1.706372438587617,United Kingdom,NATURAL SLATE HEART CHALKBOARD 
16391.0,0,0.12524746,Low Risk,675.9641281991724,2.8931986124445053,United Kingdom,EMPIRE GIFT WRAP
16392.0,0,0.5991145,Medium Risk,0.0,0.771811055783538,United Kingdom,PARTY CONES CANDY TREE DECORATION
16393.0,0,0.060716394,Low Risk,601.5537109346558,2.9745197753843913,United Kingdom,ASSTD DESIGN BUBBLE GUM RING
16395.0,0,0.31825277,Low Risk,245.2615039064782,1.4376548628757793,United Kingdom,BLUE SPOTS  WRAP
16396.0,1,0.8231599,High Risk,0.0,0.0,United Kingdom,12 DAISY PEGS IN WOOD BOX
16397.0,1,0.8052406,High Risk,0.0,0.5538712095654507,United Kingdom,HANGING JAM JAR T-LIGHT HOLDER
16400.0,0,0.055636525,Low Risk,990.1986755941492,3.0357512674857126,United Kingdom,HEART DECORATION WITH PEARLS 
16401.0,0,0.0697025,Low Risk,1001.8037419212862,4.10048125753372,United Kingdom,SMALL POPCORN HOLDER
16406.0,0,0.6612638,Medium Risk,0.0,0.501098787909359,United Kingdom,FAIRY CAKES NOTEBOOK A7 SIZE
16408.0,1,0.7104184,High Risk,0.0,0.6561752904547492,United Kingdom,FLOWER PENCIL/RUBBER+5 MINI PENCILS
16409.0,0,0.11818558,Low Risk,1240.8951723444825,2.543745493302982,United Kingdom,HEART DECORATION WITH PEARLS 
16410.0,1,0.8716881,High Risk,0.0,0.38292906927910725,United Kingdom,JACOBS LADDER SMALL
16412.0,0,0.42668784,Medium Risk,126.320772849124,1.056963015546239,United Kingdom,WHITE HANGING HEART T-LIGHT HOLDER
16414.0,0,0.43507725,Medium Risk,129.36747564561972,0.9956633124131681,United Kingdom,JUMBO SHOPPER VINTAGE RED PAISLEY
16415.0,1,0.2306638,Low Risk,412.31826457406265,1.0592887154560406,United Kingdom,ASSTD DESIGN BUBBLE GUM RING
16416.0,0,0.2067947,Low Risk,470.14608335158346,1.1661419568991718,United Kingdom,MAGIC DRAWING SLATE SPACEBOY 
16417.0,1,0.9093034,High Risk,0.0,0.0,United Kingdom,LARGE TAHITI BEACH BAG
16419.0,1,0.5510474,Medium Risk,389.5703358652773,1.090849588705674,United Kingdom,ASSORTED COLOUR BIRD ORNAMENT
16421.0,0,0.54917264,Medium Risk,0.0,0.0,United Kingdom,HEART OF WICKER SMALL
16422.0,0,0.027271265,Low Risk,10616.22223696295,16.971357806208133,United Kingdom,BROCADE RING PURSE 
16428.0,0,0.37040108,Low Risk,0.0,0.0,United Kingdom,GLITTER CHRISTMAS STAR 
16430.0,0,0.49716255,Medium Risk,154.20860527350578,1.0500260345253065,United Kingdom,CHOCOLATE HOT WATER BOTTLE
16434.0,0,0.37483394,Low Risk,301.2453406430041,2.240257386522525,United Kingdom,MINI HIGHLIGHTER PENS
16435.0,1,0.69938654,Medium Risk,1769.2273519269927,2.4535929933927756,United Kingdom,MINI HIGHLIGHTER PENS
16436.0,1,0.763905,High Risk,121.88236391479138,1.4269436632573824,United Kingdom,HEART FILIGREE DOVE  SMALL
16439.0,1,0.7306969,High Risk,0.0,0.3967888708502297,United Kingdom,CHICK GREY HOT WATER BOTTLE
16440.0,1,0.4882406,Medium Risk,0.0,0.0,United Kingdom,CLEAR MILKSHAKE GLASS
16441.0,0,0.74793124,High Risk,0.0,0.5562145456994483,United Kingdom,ANTIQUE GLASS PLACE SETTING
16442.0,1,0.5523845,Medium Risk,143.52127796499997,0.901469997979433,United Kingdom,12 PENCILS TALL TUBE RED SPOTTY
16443.0,1,0.74981713,High Risk,0.0,0.0,United Kingdom,PINK HYDRANGEA ART FLOWER
16444.0,0,0.1595153,Low Risk,643.1799031003792,4.412542751791439,United Kingdom,ASSTD DESIGN RACING CAR PEN
16447.0,1,0.47752917,Medium Risk,403.1186861605697,1.1154901376324307,United Kingdom,WHITE HANGING HEART T-LIGHT HOLDER
16448.0,1,0.6665044,Medium Risk,0.0,0.0,United Kingdom,CERISE+GOLD CHRISTMAS STOCKING DEC
16450.0,1,0.37449712,Low Risk,1085.8662262018117,1.1345234946174276,United Kingdom,SMALL RED RETROSPOT WINDMILL
16451.0,1,0.68245715,Medium Risk,475.5804322375972,0.8868118345416821,United Kingdom,JUMBO STORAGE BAG SUKI
16452.0,1,0.6239781,Medium Risk,169.06873219259413,0.9807269761348953,United Kingdom,FLAG OF ST GEORGE 
16453.0,1,0.6643105,Medium Risk,246.37968675846136,1.9182593357085773,United Kingdom,PACK OF 12 PINK SPOT TISSUES 
16454.0,1,0.76930654,High Risk,41.322732956464655,1.3028150840551092,United Kingdom,This is a test product.
16455.0,0,0.49575666,Medium Risk,0.0,0.5757009194925897,United Kingdom,GIRLS ALPHABET IRON ON PATCHES 
16456.0,0,0.080975644,Low Risk,2632.000682919712,4.509596878297893,United Kingdom,JUMBO BAG STRAWBERRY
16458.0,0,0.19740671,Low Risk,1278.4135586248515,7.0962308955955695,United Kingdom,JUMBO BAG STRAWBERRY
16459.0,1,0.7894973,High Risk,0.0,0.38858448782470556,United Kingdom,"BROCADE PURSE,SMALL ARCH BUTTON"
16461.0,1,0.6660574,Medium Risk,926.1227138809396,1.1721455520442847,United Kingdom,WORLD WAR 2 GLIDERS ASSTD DESIGNS
16466.0,0,0.22697084,Low Risk,1211.8281326250515,4.11380365044297,United Kingdom,WHITE HANGING HEART T-LIGHT HOLDER
16467.0,1,0.41143242,Medium Risk,1649.1393848005348,3.503481837741042,United Kingdom,MINI HIGHLIGHTER PENS
16468.0,1,0.4645669,Medium Risk,2547.861907809233,3.41775709124464,United Kingdom,LUNCH BAG PINK RETROSPOT
16469.0,1,0.68883747,Medium Risk,0.0,0.0,United Kingdom,PAPER BUNTING WHITE LACE
16470.0,0,0.13160594,Low Risk,481.4113502780807,1.9938678212041256,United Kingdom,RAIN PONCHO WITH RED SPOTS
16471.0,0,0.46912605,Medium Risk,482.67921805623956,1.1586111776608032,United Kingdom,WHITE HANGING HEART T-LIGHT HOLDER
16472.0,0,0.57303405,Medium Risk,0.0,0.6370895928567077,United Kingdom,COLOUR GLASS T-LIGHT HOLDER HANGING
16477.0,0,0.5334656,Medium Risk,0.0,0.0,United Kingdom,FOLKART BAUBLE CHRISTMAS DECORATION
16481.0,1,0.75547236,High Risk,0.0,0.45123651739501697,United Kingdom,CHARLIE & LOLA WASTEPAPER BIN BLUE
16485.0,0,0.355916,Low Risk,563.2241092670157,1.435381628307725,United Kingdom,HANGING JAM JAR T-LIGHT HOLDER
16486.0,1,0.8535174,High Risk,0.0,0.8985437110577088,United Kingdom,WHITE HANGING HEART T-LIGHT HOLDER
16487.0,1,0.37082332,Low Risk,151.35993824965487,1.1258333482482057,United Kingdom,COLOUR GLASS T-LIGHT HOLDER HANGING
16492.0,1,0.77184993,High Risk,0.0,0.8804683698321731,United Kingdom,FANCY FONTS BIRTHDAY WRAP
16493.0,0,0.3389865,Low Risk,230.52162876304098,1.3167282425514322,United Kingdom,ASSORTED COLOURS SILK FAN
16496.0,0,0.49587446,Medium Risk,0.0,0.0,United Kingdom,WORLD WAR 2 GLIDERS ASSTD DESIGNS
16497.0,0,0.18331677,Low Risk,1384.6688175323616,5.079290215553818,United Kingdom,HEART FILIGREE DOVE  SMALL
16499.0,0,0.45190576,Medium Risk,843.3089962872277,3.171077615987832,United Kingdom,MAGIC DRAWING SLATE CIRCUS PARADE  
16500.0,0,0.6385905,Medium Risk,0.0,0.8631069160412602,United Kingdom,PAPER CHAIN KIT 50'S CHRISTMAS 
16502.0,1,0.7373673,High Risk,0.0,0.5731906960530677,United Kingdom,ASSTD DESIGN BUBBLE GUM RING
16503.0,0,0.20590968,Low Risk,1528.6882984434287,4.6386790764914725,United Kingdom,SLEEPING CAT ERASERS
16507.0,1,0.6403729,Medium Risk,0.0,0.7249602806946351,United Kingdom,LAVENDER SCENT CAKE CANDLE
16508.0,1,0.7138302,High Risk,0.0,0.5492433400290678,United Kingdom,PACK OF 12 HEARTS DESIGN TISSUES 
16510.0,0,0.22338365,Low Risk,666.6240748419899,2.8408487784918774,United Kingdom,WHITE JEWELLED HEART DECORATION
16511.0,0,0.40183854,Medium Risk,0.0,0.510832335342213,United Kingdom,COLOUR GLASS T-LIGHT HOLDER HANGING
16515.0,0,0.5038842,Medium Risk,0.0,0.8804683698321731,United Kingdom,ASSORTED COLOUR BIRD ORNAMENT
16518.0,0,0.6515138,Medium Risk,0.0,0.7951723118854475,United Kingdom,CHRISTMAS METAL TAGS ASSORTED 
16519.0,0,0.46287766,Medium Risk,92.13924179327833,1.1963605312668522,United Kingdom,BLACK CHAMPAGNE GLASS
16520.0,0,0.2776565,Low Risk,524.6505925913916,1.168624652592638,United Kingdom,AREA PATROLLED METAL SIGN
16521.0,0,0.60541415,Medium Risk,0.0,0.510832335342213,United Kingdom,FANCY FONTS BIRTHDAY WRAP
16523.0,0,0.20373954,Low Risk,935.0219065088098,2.2937260885263293,United Kingdom,COLOUR GLASS T-LIGHT HOLDER HANGING
16524.0,0,0.68847996,Medium Risk,0.0,0.43772086888741985,United Kingdom,BOTANICAL ROSE GIFT WRAP
16525.0,0,0.009726501,Low Risk,5213.558318666445,9.752120910123185,United Kingdom,ROSES IN WHITE HEART CANDLE 
16526.0,1,0.69617015,Medium Risk,0.0,0.6799415491103794,United Kingdom,WOODEN PICTURE FRAME WHITE FINISH
16529.0,1,0.4614078,Medium Risk,2262.6981295548767,3.5409237426144125,United Kingdom,STRAWBERRY CERAMIC TRINKET BOX
16530.0,1,0.8240341,High Risk,0.0,0.4740052915528213,United Kingdom,SINGLE HEART ZINC T-LIGHT HOLDER
16532.0,0,0.45379552,Medium Risk,0.0,0.5731906960530677,United Kingdom,CHILLI LIGHTS
16534.0,1,0.5723025,Medium Risk,0.0,0.5230241862181184,United Kingdom,AGED GLASS SILVER T-LIGHT HOLDER
16535.0,0,0.86577433,High Risk,0.0,0.45435423131461855,United Kingdom,POLKADOT PEN
16537.0,1,0.86761665,High Risk,0.0,0.5251130260484276,United Kingdom,Manual
16538.0,1,0.5081725,Medium Risk,309.4656752585464,1.4842733019527445,United Kingdom,VICTORIAN METAL POSTCARD CHRISTMAS
16539.0,0,0.17405003,Low Risk,1586.9357920263462,4.770988175076835,United Kingdom,HEART DECORATION PAINTED ZINC 
16541.0,1,0.7858749,High Risk,0.0,0.38181769715119207,United Kingdom,ASSTD DESIGN BUBBLE GUM RING
16543.0,1,0.7728191,High Risk,0.0,0.6561752904547492,United Kingdom,LAVENDER SCENT CAKE CANDLE
16544.0,1,0.89095986,High Risk,156.1431048975544,1.1298157551070351,United Kingdom,METAL TUBE CHIME ON BAMBOO
16547.0,1,0.5693932,Medium Risk,0.0,0.846417847198847,United Kingdom,BROCADE RING PURSE 
16548.0,1,0.8978175,High Risk,0.0,0.6309723370939762,United Kingdom,AIRLINE BAG VINTAGE WORLD CHAMPION 
16549.0,0,0.022253314,Low Risk,2762.5782342564457,12.326231971285734,United Kingdom,WHITE HANGING HEART T-LIGHT HOLDER
16550.0,0,0.04051793,Low Risk,2678.554870492319,5.586748716320124,United Kingdom,DISCO BALL CHRISTMAS DECORATION
16551.0,0,0.63504964,Medium Risk,539.2003758121319,1.4637279522972,United Kingdom,FAIRY CAKES NOTEBOOK A6 SIZE
16553.0,0,0.14350297,Low Risk,3391.8477357755787,4.409529051044927,United Kingdom,WORLD WAR 2 GLIDERS ASSTD DESIGNS
16554.0,0,0.38553536,Low Risk,519.1277291945478,1.475791387498806,United Kingdom,IVORY HANGING DECORATION  HEART
16555.0,1,0.66290146,Medium Risk,0.0,0.0,United Kingdom,60 TEATIME FAIRY CAKE CASES
16556.0,0,0.013631249,Low Risk,2226.6508159728696,4.084059495485609,United Kingdom,HEART FILIGREE DOVE  SMALL
16558.0,0,0.054162078,Low Risk,1349.8168376205622,4.036324772970794,United Kingdom,GROW YOUR OWN PLANT IN A CAN 
16560.0,0,0.3923763,Low Risk,910.4023372761238,2.5024142350224277,United Kingdom,STRAWBERRY CERAMIC TRINKET BOX
16562.0,1,0.7805876,High Risk,0.0,0.0,United Kingdom,WRAP BLUE RUSSIAN FOLKART
16563.0,0,0.0458264,Low Risk,1020.775830537487,1.9366143872938928,United Kingdom,WRAP PINK FAIRY CAKES 
16564.0,1,0.87796044,High Risk,0.0,0.7371634236312025,United Kingdom,BEADED CRYSTAL HEART GREEN LARGE
16565.0,0,0.41679475,Medium Risk,183.86033962348705,1.8715356312017277,United Kingdom,AFGHAN SLIPPER SOCK PAIR
16568.0,0,0.45606056,Medium Risk,0.0,0.5251130260484276,United Kingdom,GRAND CHOCOLATECANDLE
16569.0,1,0.683886,Medium Risk,650.9255966678899,2.0147906741903405,United Kingdom,STRAWBERRY CERAMIC TRINKET BOX
16570.0,0,0.14099385,Low Risk,1303.6784701265,3.738914243615955,United Kingdom,ASSORTED COLOUR BIRD ORNAMENT
16571.0,0,0.20865145,Low Risk,979.6834862035254,3.551256877969924,United Kingdom,SLEEPING CAT ERASERS
16574.0,0,0.6316741,Medium Risk,0.0,0.4917295849902213,United Kingdom,60 TEATIME FAIRY CAKE CASES
16576.0,0,0.6201298,Medium Risk,0.0,0.0,United Kingdom,FILIGRIS HEART WITH BUTTERFLY
16577.0,1,0.72682786,High Risk,0.0,0.4774470918159778,United Kingdom,KINGS CHOICE MUG
16578.0,1,0.80759573,High Risk,0.0,0.5585778164508538,United Kingdom,HANGING GLASS ETCHED TEALIGHT
16583.0,0,0.6057007,Medium Risk,0.0,0.4656142400749432,United Kingdom,EMERGENCY FIRST AID TIN 
16584.0,0,0.289578,Low Risk,693.3895394631302,1.1370971324450565,United Kingdom,FRENCH BATHROOM SIGN BLUE METAL
16585.0,1,0.5674787,Medium Risk,308.06887185524874,0.9925406583011364,United Kingdom,ZINC METAL HEART DECORATION
16586.0,0,0.7993806,High Risk,0.0,0.538005433450283,United Kingdom,RED RETROSPOT SMALL MILK JUG
16588.0,0,0.3269497,Low Risk,1236.0849434770707,1.671079043316027,United Kingdom,IVORY PAPER CUP CAKE CASES 
16592.0,0,0.10123318,Low Risk,1404.0766369182502,3.674040763594549,United Kingdom,60 TEATIME FAIRY CAKE CASES
16593.0,0,0.3341494,Low Risk,194.24681049245,0.7898276280826236,United Kingdom,ASSORTED TUTTI FRUTTI  FOB NOTEBOOK
16595.0,0,0.1942017,Low Risk,261.92869618017255,0.9999388281996597,United Kingdom,RED SPOTS  WRAP 
16596.0,0,0.53770214,Medium Risk,119.90044312976471,0.845462285836661,United Kingdom,FILIGRIS HEART WITH BUTTERFLY
16600.0,0,0.47493282,Medium Risk,243.84598468291097,1.4902580874465252,United Kingdom,ASSORTED COLOUR SILK GLASSES CASE
16601.0,0,0.58604866,Medium Risk,0.0,0.565789814775177,United Kingdom,BROCADE RING PURSE 
16604.0,1,0.679473,Medium Risk,261.2561732177118,1.664687156118137,United Kingdom,WHITE HANGING HEART T-LIGHT HOLDER
16605.0,1,0.8356092,High Risk,0.0,0.39440959392020275,United Kingdom,CHINESE DRAGON PAPER LANTERNS
16607.0,0,0.26594266,Low Risk,1422.7037576475088,5.216856734186238,United Kingdom,VINTAGE CARAVAN GIFT WRAP
16608.0,0,0.4922409,Medium Risk,0.0,0.482704633464161,United Kingdom,PLACE SETTING WHITE HEART
16611.0,0,0.24486972,Low Risk,1000.9782241608674,2.7098203489983526,United Kingdom,ASSTD DESIGN BUBBLE GUM RING
16612.0,0,0.13924034,Low Risk,511.1252949159812,1.4250646750251572,United Kingdom,JUMBO STORAGE BAG SUKI
16614.0,0,0.46129018,Medium Risk,0.0,0.7017286918351934,United Kingdom,COSY HOUR CIGAR BOX MATCHES 
16615.0,1,0.74706256,High Risk,0.0,0.5585778164508538,United Kingdom,60 TEATIME FAIRY CAKE CASES
16619.0,0,0.38958597,Low Risk,511.6505403640236,1.1299306012844557,United Kingdom,MAGIC DRAWING SLATE CIRCUS PARADE  
16620.0,0,0.19876093,Low Risk,382.364221067045,1.4157955145347794,United Kingdom,RED RETROSPOT WRAP 
16622.0,1,0.65132785,Medium Risk,0.0,0.8631069160412602,United Kingdom,LADYBIRD + BEE RAFFIA FOOD COVER
16623.0,0,0.56875396,Medium Risk,642.2033119141934,1.5088483584942025,United Kingdom,ASSTD DESIGN BUBBLE GUM RING
16625.0,0,0.52039176,Medium Risk,770.1104913333049,2.0212569190566874,United Kingdom,MAGIC DRAWING SLATE BAKE A CAKE 
16628.0,0,0.50493705,Medium Risk,0.0,0.5251130260484276,United Kingdom,JUMBO BAG PINK VINTAGE PAISLEY
16631.0,1,0.19705,Low Risk,1260.057744127252,3.9711416234355035,United Kingdom,CACTI T-LIGHT CANDLES
16632.0,1,0.5200693,Medium Risk,403.2533171225115,1.616787180202907,United Kingdom,JUMBO BAG PINK WITH WHITE SPOTS
16634.0,0,0.56440634,Medium Risk,388.8551572089256,1.0049274605723855,United Kingdom,ZINC WILLIE WINKIE  CANDLE STICK
16636.0,0,0.24270481,Low Risk,1263.6129548177903,1.9228694263921173,United Kingdom,60 TEATIME FAIRY CAKE CASES
16638.0,0,0.3230286,Low Risk,820.2074773303073,3.5505883291319216,United Kingdom,WRAP CHRISTMAS VILLAGE
16641.0,1,0.6833085,Medium Risk,0.0,0.4236232453884501,United Kingdom,6 CROCHET STRAWBERRIES
16645.0,1,0.77687,High Risk,0.0,0.38181769715119207,United Kingdom,FROSTED WHITE BASE 
16647.0,0,0.62992096,Medium Risk,0.0,0.8574711392407524,United Kingdom,CHRISTMAS TREE DECORATION WITH BELL
16648.0,1,0.74430007,High Risk,249.9051105038504,1.5498418211262415,United Kingdom,ASSORTED TUTTI FRUTTI SMALL PURSE
16649.0,1,0.75053614,High Risk,0.0,0.0,United Kingdom,HAIRCLIPS FORTIES FABRIC ASSORTED
16650.0,0,0.21832441,Low Risk,839.646664550156,3.844978394198289,United Kingdom,ANGEL DECORATION 3 BUTTONS 
16651.0,1,0.78488755,High Risk,0.0,0.6729770955798103,United Kingdom,RED METAL BEACH SPADE 
16652.0,0,0.07786015,Low Risk,7149.08222407657,2.7891607912506946,United Kingdom,COLOUR GLASS T-LIGHT HOLDER HANGING
16654.0,0,0.17369775,Low Risk,563.3323477998132,2.225909729735087,United Kingdom,COFFEE MUG APPLES DESIGN
16655.0,0,0.13428007,Low Risk,960.5562681606987,2.9795801793909664,United Kingdom,WORLD WAR 2 GLIDERS ASSTD DESIGNS
16656.0,0,0.020363702,Low Risk,3878.572718441899,5.0957066951785395,United Kingdom,BAG 250g SWIRLY MARBLES
16658.0,0,0.27853426,Low Risk,394.6447105419182,2.157609584239066,United Kingdom,GLASS STAR FROSTED T-LIGHT HOLDER
16660.0,0,0.73599035,High Risk,255.36664451024583,1.0172283693207318,United Kingdom,VINTAGE BILLBOARD DRINK ME MUG
16661.0,1,0.3895513,Low Risk,469.90279833405185,2.0290954663275644,United Kingdom,SILVER HANGING T-LIGHT HOLDER
16663.0,1,0.711779,High Risk,0.0,0.38858448782470556,United Kingdom,JUMBO BAG RED WHITE SPOTTY 
16664.0,1,0.75136214,High Risk,0.0,0.7371634236312025,United Kingdom,VINTAGE UNION JACK PENNANT
16666.0,1,0.67160034,Medium Risk,0.0,0.5707022922724782,United Kingdom,WORLD WAR 2 GLIDERS ASSTD DESIGNS
16668.0,0,0.2216187,Low Risk,271.7608647355064,2.8003018617479727,United Kingdom,VINTAGE SNAP CARDS
16670.0,0,0.032424092,Low Risk,1415.0035619755695,2.5212322840976724,United Kingdom,CACTI T-LIGHT CANDLES
16673.0,1,0.7101924,High Risk,0.0,0.4559293149669597,United Kingdom,DECORATIVE CATS BATHROOM BOTTLE
16675.0,0,0.76407444,High Risk,0.0,0.0,United Kingdom,SET OF 6 T-LIGHTS SANTA
16677.0,0,0.6410867,Medium Risk,0.0,0.5030156797443815,United Kingdom,RIBBON REEL STRIPES DESIGN 
16679.0,0,0.6615083,Medium Risk,0.0,0.8409975304118249,United Kingdom,PORCELAIN ROSE SMALL
16680.0,1,0.7381215,High Risk,257.3249634259515,2.0975576556204167,United Kingdom,JUMBO BAG PINK WITH WHITE SPOTS
16681.0,1,0.7520206,High Risk,0.0,0.5251130260484276,United Kingdom,EMPIRE GIFT WRAP
16683.0,1,0.81039226,High Risk,0.0,0.9238329689040404,United Kingdom,BOTANICAL ROSE GIFT WRAP
16684.0,0,0.109887585,Low Risk,21630.850526803242,5.6686090849038,United Kingdom,PACK OF 60 PINK PAISLEY CAKE CASES
16686.0,0,0.09158022,Low Risk,701.1638222086019,1.9641347426582416,United Kingdom,WORLD WAR 2 GLIDERS ASSTD DESIGNS
16691.0,0,0.551688,Medium Risk,0.0,0.771811055783538,United Kingdom,WRAP FOLK ART
16693.0,0,0.17531313,Low Risk,329.6572413962947,1.1557079186735872,United Kingdom,PLACE SETTING WHITE HEART
16694.0,1,0.72000396,High Risk,0.0,0.39559565209882885,United Kingdom,YULETIDE IMAGES S/6 PAPER BOXES
16695.0,1,0.79230857,High Risk,0.0,0.771811055783538,United Kingdom,BALLOON WATER BOMB PACK OF 35
16699.0,0,0.2989799,Low Risk,281.196384812933,2.4767714672555665,United Kingdom,PACK OF 12 LONDON TISSUES 
16700.0,0,0.024804734,Low Risk,1485.648028137408,3.504128467248487,United Kingdom,PACK OF 12 LONDON TISSUES 
16701.0,0,0.028615791,Low Risk,1938.8179046725293,5.5706569162150785,United Kingdom,CACTI T-LIGHT CANDLES
16702.0,0,0.17919046,Low Risk,455.62191311070126,1.4405933804354254,United Kingdom,DINOSAUR KEYRINGS ASSORTED
16704.0,1,0.7178942,High Risk,160.42065121967434,1.0539417735045227,United Kingdom,BLUE PUDDING SPOON
16705.0,0,0.013876653,Low Risk,7922.39893170731,4.639588068314541,United Kingdom,MOROCCAN TEA GLASS
16707.0,0,0.2981492,Low Risk,187.30612930874688,1.9726473322970435,United Kingdom,SPRIG LAVENDER ARTIFICIAL FLOWER
16709.0,0,0.26118723,Low Risk,1595.2173902239406,1.9811208551774486,United Kingdom,LARGE POPCORN HOLDER 
16710.0,0,0.12560925,Low Risk,1133.2922731662547,4.045518765142521,United Kingdom,RED SPOTS  WRAP 
16711.0,0,0.37533808,Low Risk,434.2036630314286,1.4169488855089447,United Kingdom,ANTIQUE GLASS RIDGED HANGING BALL
16713.0,0,0.019569563,Low Risk,3250.523202778626,6.887291521275734,United Kingdom,ZINC METAL HEART DECORATION
16714.0,1,0.7947244,High Risk,0.0,0.4706128042539782,United Kingdom,72 SWEETHEART FAIRY CAKE CASES
16715.0,1,0.7905691,High Risk,0.0,0.7673027805925606,United Kingdom,ASSTD DESIGN BUBBLE GUM RING
16716.0,1,0.83681244,High Risk,0.0,0.5492433400290678,United Kingdom,COOK WITH WINE METAL SIGN 
16717.0,0,0.38464326,Low Risk,587.8975328391914,1.44047584205568,United Kingdom,LARGE POPCORN HOLDER 
16718.0,0,0.3174705,Low Risk,1219.562519432291,1.9618261488194877,United Kingdom,SKULLS  STICKERS
16719.0,0,0.18517186,Low Risk,634.1533226653622,2.5438531009155545,United Kingdom,BROCADE RING PURSE 
16720.0,0,0.6375655,Medium Risk,0.0,0.3967888708502297,United Kingdom,MINI PAINT SET VINTAGE 
16722.0,0,0.14565468,Low Risk,1171.7727176321584,3.5140314430171093,United Kingdom,SPACEBOY GIFT WRAP
16723.0,0,0.48309892,Medium Risk,0.0,0.38181769715119207,United Kingdom,WORLD WAR 2 GLIDERS ASSTD DESIGNS
16725.0,0,0.39853913,Low Risk,298.5054093692372,0.9190313571206197,United Kingdom,CACTI T-LIGHT CANDLES
16727.0,0,0.24035278,Low Risk,349.0053748095029,1.0012685064948057,United Kingdom,RED SPOTS  WRAP 
16731.0,1,0.70064044,High Risk,0.0,0.510832335342213,United Kingdom,CACTI T-LIGHT CANDLES
16732.0,0,0.4440107,Medium Risk,735.4233409433456,0.8869225438751193,United Kingdom,CHRISTMAS METAL TAGS ASSORTED 
16733.0,1,0.72767437,High Risk,0.0,0.0,United Kingdom,12 IVORY ROSE PEG PLACE SETTINGS
16735.0,0,0.046783764,Low Risk,1537.1052447441127,3.0363048815378457,United Kingdom,COLOUR GLASS T-LIGHT HOLDER HANGING
16736.0,1,0.42351675,Medium Risk,1119.825889906031,2.469572661021602,United Kingdom,AFGHAN SLIPPER SOCK PAIR
16737.0,1,0.84857064,High Risk,0.0,0.7054965367821219,United Kingdom,SILVER HANGING T-LIGHT HOLDER
16739.0,1,0.6420165,Medium Risk,0.0,0.9047351352785842,United Kingdom,HANGING JAM JAR T-LIGHT HOLDER
16741.0,1,0.7127899,High Risk,0.0,0.5609612774510851,United Kingdom,"DECOUPAGE,GREETING CARD,"
16742.0,1,0.19101049,Low Risk,1237.4549752537876,6.906757774101624,United Kingdom,HANGING HEART ZINC T-LIGHT HOLDER
16743.0,1,0.61658865,Medium Risk,1721.389914109792,5.917967966126152,United Kingdom,STRAWBERRY CERAMIC TRINKET BOX
16746.0,0,0.008518944,Low Risk,4044.0947370103036,9.285161163668375,United Kingdom,JUMBO BAG WOODLAND ANIMALS
16748.0,0,0.09509825,Low Risk,521.8559844083683,2.5200125352424414,United Kingdom,JUMBO BAG OWLS
16749.0,1,0.5816683,Medium Risk,2006.017727853793,0.9099024509235526,United Kingdom,HEART FILIGREE DOVE  SMALL
16754.0,0,0.034835353,Low Risk,37123.67955081765,11.338718631892553,United Kingdom,WORLD WAR 2 GLIDERS ASSTD DESIGNS
16755.0,1,0.49654755,Medium Risk,831.8661879921528,1.9822748993901722,United Kingdom,"ASSORTED FLOWER COLOUR ""LEIS"""
16756.0,0,0.2625067,Low Risk,463.4723256763494,2.6992592967630724,United Kingdom,WHITE HANGING HEART T-LIGHT HOLDER
16763.0,1,0.53221005,Medium Risk,0.0,0.3785219817564457,United Kingdom,DINOSAURS WATER TRANSFER TATTOOS 
16767.0,0,0.23731218,Low Risk,1286.926192858366,2.471538362843898,United Kingdom,PACK OF 60 PINK PAISLEY CAKE CASES
16768.0,0,0.042513788,Low Risk,506.18717506126944,2.4990951662993908,United Kingdom,GROW A FLYTRAP OR SUNFLOWER IN TIN
16769.0,1,0.56035614,Medium Risk,407.5977569802059,0.9215142823299316,United Kingdom,HANGING JAM JAR T-LIGHT HOLDER
16770.0,0,0.5270692,Medium Risk,0.0,0.0,United Kingdom,"FANCY FONT BIRTHDAY CARD, "
16771.0,1,0.65107805,Medium Risk,990.7700153327596,2.513850987744446,United Kingdom,WHITE ADVENT CANDLE
16772.0,0,0.31512058,Low Risk,1129.3083795136472,0.8404659845434406,United Kingdom,TEA TIME PARTY BUNTING
16773.0,0,0.51997805,Medium Risk,0.0,0.3840469351105322,United Kingdom,WHITE HANGING HEART T-LIGHT HOLDER
16774.0,0,0.15391359,Low Risk,418.3659097021144,1.820849979304062,United Kingdom,WORLD WAR 2 GLIDERS ASSTD DESIGNS
16777.0,0,0.40357304,Medium Risk,100.40383319535573,1.2659910779002415,United Kingdom,COLOUR GLASS T-LIGHT HOLDER HANGING
16779.0,0,0.019952612,Low Risk,10216.838736244945,13.435456712542221,United Kingdom,PACK OF 72 RETRO SPOT CAKE CASES
16781.0,0,0.5806903,Medium Risk,0.0,0.4723029502992123,United Kingdom,CLASSICAL ROSE CANDLESTAND
16782.0,0,0.00973074,Low Risk,1790.839338000122,7.29665609355797,United Kingdom,WHITE HANGING HEART T-LIGHT HOLDER
16784.0,0,0.25907055,Low Risk,175.99593132141376,1.3349707309703187,United Kingdom,MULTI COLOUR SILVER T-LIGHT HOLDER
16787.0,0,0.18770733,Low Risk,529.5810057518809,0.9717061786331636,United Kingdom,ANTIQUE SILVER TEA GLASS ENGRAVED
16788.0,0,0.20593053,Low Risk,517.4377629865844,1.0915208613707355,United Kingdom,WHITE HANGING HEART T-LIGHT HOLDER
16791.0,0,0.1153698,Low Risk,684.7793579265439,2.4700376612670842,United Kingdom,PACK 20 ENGLISH ROSE PAPER NAPKINS
16792.0,0,0.2646948,Low Risk,187.0616751997741,0.9666962312853403,United Kingdom,DAISY GARDEN MARKER
16794.0,0,0.32472464,Low Risk,335.22934138821546,2.1056638432512496,United Kingdom,ASSTD DESIGN BUBBLE GUM RING
16795.0,0,0.44502097,Medium Risk,0.0,0.4496936648687772,United Kingdom,SET/12 TAPER CANDLES
16797.0,0,0.100818194,Low Risk,656.2687356307899,1.4203815518194676,United Kingdom,SMALL POPCORN HOLDER
16798.0,1,0.44171202,Medium Risk,506.64928351560775,1.453657919798816,United Kingdom,HANGING JAM JAR T-LIGHT HOLDER
16802.0,1,0.712861,High Risk,338.89403680417985,0.8541274723882427,United Kingdom,SILVER  CANDLEPOT JARDIN 
16805.0,1,0.6340075,Medium Risk,490.3669128295778,1.4444428060428216,United Kingdom,ASSORTED INCENSE PACK
16807.0,1,0.44824964,Medium Risk,850.5275310257133,2.12028010888617,United Kingdom,PINK LOVE HEART SHAPE CUP
16809.0,0,0.39215544,Low Risk,477.4302899998633,2.2990981290190335,United Kingdom,LUNCH BAG SUKI  DESIGN 
16814.0,0,0.12635668,Low Risk,3481.873577426749,8.953014108992544,United Kingdom,ASSORTED COLOUR BIRD ORNAMENT
16815.0,0,0.5390942,Medium Risk,0.0,0.9047351352785842,United Kingdom,CHRISTMAS STAR WISH LIST CHALKBOARD
16819.0,1,0.759903,High Risk,0.0,0.0,United Kingdom,MINI HIGHLIGHTER PENS
16822.0,1,0.80538666,High Risk,0.0,0.44512782312254734,United Kingdom,BLUE STONES ON WIRE FOR CANDLE
16823.0,0,0.23114732,Low Risk,571.3249607235725,1.421265479908524,United Kingdom,BROCADE RING PURSE 
16825.0,0,0.61565435,Medium Risk,0.0,0.9173779310043912,United Kingdom,COLOUR GLASS T-LIGHT HOLDER HANGING
16827.0,0,0.4652856,Medium Risk,116.60827400894084,1.497565076167138,United Kingdom,WHITE METAL LANTERN
16830.0,0,0.49859965,Medium Risk,192.76700217084309,0.865596845662451,United Kingdom,"BROCADE PURSE,SMALL ARCH BUTTON"
16831.0,1,0.89585805,High Risk,0.0,0.758442616495476,United Kingdom,BIRDHOUSE DECORATION MAGIC GARDEN
16832.0,0,0.65989864,Medium Risk,0.0,0.0,United Kingdom,SMALL POPCORN HOLDER
16833.0,0,0.51390445,Medium Risk,0.0,0.565789814775177,United Kingdom,72 CAKE CASES VINTAGE CHRISTMAS
16834.0,1,0.54522544,Medium Risk,0.0,0.46397158674080524,United Kingdom,WHITE HANGING HEART T-LIGHT HOLDER
16835.0,0,0.22606294,Low Risk,1211.9419108487616,2.762889512384047,United Kingdom,BEADED CRYSTAL HEART PINK SMALL
16836.0,0,0.57022804,Medium Risk,0.0,0.7170471471052519,United Kingdom,60 CAKE CASES VINTAGE CHRISTMAS
16838.0,1,0.61300385,Medium Risk,317.77240713675417,1.1236451068131013,United Kingdom,75 GREEN PETIT FOUR CASES
16839.0,0,0.1122865,Low Risk,1734.585232188679,3.75475373136605,United Kingdom,HANGING HEART JAR T-LIGHT HOLDER
16840.0,1,0.7884658,High Risk,45.83754987201025,1.0571157225765566,United Kingdom,72 SWEETHEART FAIRY CAKE CASES
16841.0,0,0.07619114,Low Risk,1097.6284257919247,2.794062431000297,United Kingdom,MINI PAINT SET VINTAGE 
16843.0,0,0.015222272,Low Risk,3911.9873443436677,6.25228718564094,United Kingdom,MINI PAINT SET VINTAGE 
16844.0,1,0.69474876,Medium Risk,596.1247851707801,1.5572226255645207,United Kingdom,CACTI T-LIGHT CANDLES
16845.0,1,0.70696974,High Risk,0.0,0.5782332510400658,United Kingdom,BOTANICAL ROSE GIFT WRAP
16846.0,1,0.55833507,Medium Risk,405.3882236000825,1.2115907516884015,United Kingdom,WORLD WAR 2 GLIDERS ASSTD DESIGNS
16847.0,1,0.6849748,Medium Risk,0.0,0.5782332510400658,United Kingdom,"KEY FOB , BACK DOOR "
16854.0,0,0.44877562,Medium Risk,0.0,0.5272186349843028,United Kingdom,ASS DES PHONE SPONGE CRAFT STICKER
16858.0,0,0.01568232,Low Risk,1961.4226852010725,4.182287354297193,United Kingdom,SMALL RED RETROSPOT WINDMILL
16859.0,0,0.3396876,Low Risk,339.70975608032404,1.2044698724987495,United Kingdom,ASSORTED TUTTI FRUTTI  FOB NOTEBOOK
16860.0,0,0.56287473,Medium Risk,909.6796662897381,1.1264697935808592,United Kingdom,WHITE HANGING HEART T-LIGHT HOLDER
16861.0,0,0.5887591,Medium Risk,0.0,0.0,United Kingdom,PAPER BUNTING RETRO SPOTS
16862.0,1,0.5803351,Medium Risk,383.7595540038857,2.1662269691070506,United Kingdom,12 PENCILS SMALL TUBE RED SPOTTY
16864.0,0,0.6017765,Medium Risk,0.0,0.6340161920795293,United Kingdom,ANTIQUE SILVER TEA GLASS ENGRAVED
16867.0,1,0.7815109,High Risk,0.0,0.4406538456231922,United Kingdom,ASSORTED CAKES FRIDGE MAGNETS
16868.0,0,0.72278386,High Risk,0.0,0.6496874343202717,United Kingdom,SET OF 3 NOTEBOOKS IN PARCEL
16870.0,1,0.5378815,Medium Risk,0.0,0.0,United Kingdom,PENS ASSORTED FUNNY FACE
16872.0,0,0.58615744,Medium Risk,0.0,0.0,United Kingdom,MOROCCAN TEA GLASS
16873.0,0,0.16591461,Low Risk,3513.087860393527,3.0767356495193794,United Kingdom,RAIN PONCHO WITH RED SPOTS
16875.0,0,0.09662033,Low Risk,904.2847150571645,2.153589184904205,United Kingdom,WHITE HANGING HEART T-LIGHT HOLDER
16880.0,1,0.7487427,High Risk,0.0,0.0,United Kingdom,ASSORTED COLOUR BIRD ORNAMENT
16883.0,0,0.23183776,Low Risk,1038.0921427097007,8.237101387555553,United Kingdom,VICTORIAN GLASS HANGING T-LIGHT
16884.0,1,0.7135016,High Risk,456.90786024334653,1.6604911247777043,United Kingdom,EMPIRE GIFT WRAP
16886.0,1,0.8496222,High Risk,0.0,0.0,United Kingdom,LARGE CAKE TOWEL PINK SPOTS
16887.0,0,0.50735587,Medium Risk,0.0,0.3785219817564457,United Kingdom,BLUE SPOTS  WRAP
16888.0,0,0.46659723,Medium Risk,133.7058374870308,0.9120771307320737,United Kingdom,CUT GLASS T-LIGHT HOLDER OCTAGON
16889.0,0,0.35001057,Low Risk,628.6499273991246,1.7500231788013538,United Kingdom,POLKADOT PEN
16890.0,1,0.89755017,High Risk,170.50268867892748,2.5758165634475496,United Kingdom,ANTIQUE SILVER TEA GLASS ENGRAVED
16891.0,0,0.15455164,Low Risk,430.094751215512,3.0008089152788484,United Kingdom,ASSTD DESIGN BUBBLE GUM RING
16892.0,1,0.7685282,High Risk,155.38440801183359,0.8980621308112005,United Kingdom,DINOSAUR KEYRINGS ASSORTED
16894.0,1,0.36300844,Low Risk,53.06245474539702,2.118463881086002,United Kingdom,ASSORTED INCENSE PACK
16895.0,0,0.27078503,Low Risk,406.60940668336644,1.7930788411427394,United Kingdom,ANIMAL STICKERS
16896.0,1,0.63394725,Medium Risk,0.0,0.8000155451167765,United Kingdom,BLACK/BLUE DOTS RUFFLED UMBRELLA
16898.0,0,0.6715585,Medium Risk,0.0,0.7093051154682692,United Kingdom,10 COLOUR SPACEBOY PEN
16901.0,1,0.7501631,High Risk,0.0,0.38858448782470556,United Kingdom,FAIRY CAKE CANDLES
16905.0,0,0.14307387,Low Risk,482.99534449455376,3.0538234479302075,United Kingdom,ROTATING SILVER ANGELS T-LIGHT HLDR
16906.0,0,0.26184133,Low Risk,0.0,0.713155092519382,United Kingdom,GLITTER CHRISTMAS STAR 
16907.0,0,0.564002,Medium Risk,0.0,0.0,United Kingdom,COLOUR GLASS. STAR T-LIGHT HOLDER
16908.0,1,0.69285506,Medium Risk,0.0,0.3967888708502297,United Kingdom,RED GINGHAM ROSE JEWELLERY BOX
16911.0,1,0.63492966,Medium Risk,155.16720815101544,1.0701631221889727,United Kingdom,EASTER BUNNIES ON A STICK
16912.0,0,0.4334418,Medium Risk,365.20204373480385,0.8710683993454632,United Kingdom,BLUE SPOTS  WRAP
16913.0,1,0.57252544,Medium Risk,0.0,0.504947308370314,United Kingdom,RETRO RED SPOTTY WASHING UP GLOVES
16915.0,0,0.26025826,Low Risk,356.01061241937543,2.7646163032493694,United Kingdom,MEDINA STAMPED METAL STOOL
16917.0,1,0.77534777,High Risk,0.0,0.5446922471660814,United Kingdom,PLEASE ONE PERSON METAL SIGN
16918.0,0,0.080812596,Low Risk,871.4407722878291,4.03578122310993,United Kingdom,HEART FILIGREE DOVE  SMALL
16919.0,0,0.45988417,Medium Risk,939.367264419758,5.7315102609583795,United Kingdom,CERAMIC STRAWBERRY CAKE MONEY BANK
16921.0,0,0.66490173,Medium Risk,0.0,0.6279576035952396,United Kingdom,LARGE CIRCULAR MIRROR MOBILE
16922.0,1,0.59428835,Medium Risk,0.0,0.7249602806946351,United Kingdom,NEW ENGLAND EGG WARMER
16923.0,0,0.042738963,Low Risk,2039.536746437961,4.24007821839366,United Kingdom,CHRISTMAS DECOUPAGE CANDLE
16925.0,1,0.79771465,High Risk,0.0,0.8804683698321731,United Kingdom,BOX OF 24 COCKTAIL PARASOLS
16926.0,0,0.17129011,Low Risk,950.5898641569363,4.984149571834066,United Kingdom,STRAWBERRY FAIRY CAKE TEAPOT
16928.0,0,0.652294,Medium Risk,136.602440607804,1.7380151926102763,United Kingdom,RED DRAWER KNOB ACRYLIC EDWARDIAN
16932.0,0,0.6262781,Medium Risk,0.0,0.7289827944259449,United Kingdom,REX CASH+CARRY JUMBO SHOPPER
16933.0,0,0.038145415,Low Risk,880.2060669978342,1.9819735273567622,United Kingdom,WOODEN BOX OF DOMINOES
16934.0,0,0.35267428,Low Risk,462.7556582121671,2.137164845614582,United Kingdom,ASSTD DESIGN BUBBLE GUM RING
16937.0,1,0.7437903,High Risk,0.0,0.0,United Kingdom,PARTY PIZZA DISH RED RETROSPOT
16938.0,0,0.044814516,Low Risk,1842.3012198508075,1.8280165523948944,United Kingdom,PINK SPOTS  WRAP 
16939.0,1,0.6463288,Medium Risk,283.5363584253098,1.9061055149025632,United Kingdom,HANGING HEART JAR T-LIGHT HOLDER
16940.0,0,0.41649428,Medium Risk,1193.875659146043,1.9753493247144145,United Kingdom,FAIRY CAKE CANDLES
16941.0,1,0.90873456,High Risk,0.0,0.5966039307669384,United Kingdom,GLASS JAR ENGLISH CONFECTIONERY
16943.0,1,0.35788462,Low Risk,387.97479738485777,1.3055357576857896,United Kingdom,Manual
16944.0,1,0.59121656,Medium Risk,0.0,0.6020693157063839,United Kingdom,12 IVORY ROSE PEG PLACE SETTINGS
16945.0,0,0.07766208,Low Risk,1513.9303219237854,4.107556427174495,United Kingdom,TEATIME GEL PENS ASST
16946.0,0,0.15746719,Low Risk,353.3354832456683,2.624593255274832,United Kingdom,JUMBO BAG RED RETROSPOT
16947.0,1,0.69917905,Medium Risk,46.57417066797409,1.9289700478545637,United Kingdom,T-LIGHT HOLDER HANGING LACE
16948.0,0,0.42049062,Medium Risk,292.3109391260698,1.8544043951857476,United Kingdom,12 PENCILS SMALL TUBE SKULL
16950.0,0,0.15366809,Low Risk,943.5795745922119,2.9087305201934788,United Kingdom,SMALL FOLKART STAR CHRISTMAS DEC
16952.0,0,0.5468714,Medium Risk,294.1531076799226,0.9145443957433844,United Kingdom,BANQUET BIRTHDAY  CARD  
16954.0,0,0.03895274,Low Risk,1834.7250617073632,4.657276128504095,United Kingdom,PACK OF 60 PINK PAISLEY CAKE CASES
16955.0,0,0.48444292,Medium Risk,380.69317487997085,1.064401858631595,United Kingdom,BLUE SPOTTY BOWL
16960.0,0,0.20352416,Low Risk,451.1267118846072,1.1851735493316125,United Kingdom,ASSTD DESIGN BUBBLE GUM RING
16961.0,0,0.6094074,Medium Risk,0.0,0.9303796312573409,United Kingdom,GROW YOUR OWN PLANT IN A CAN 
16964.0,1,0.9165932,High Risk,0.0,0.3840469351105322,United Kingdom,COLOUR GLASS. STAR T-LIGHT HOLDER
16970.0,1,0.6638287,Medium Risk,0.0,0.5585778164508538,United Kingdom,EDWARDIAN PARASOL NATURAL
16972.0,0,0.48585832,Medium Risk,0.0,0.0,United Kingdom,GRAND CHOCOLATECANDLE
16974.0,1,0.65137666,Medium Risk,595.9663414188624,1.7555933707757456,United Kingdom,EDWARDIAN PARASOL BLACK
16975.0,0,0.2751964,Low Risk,131.54994880751403,2.7027271191019513,United Kingdom,PAPER CHAIN KIT 50'S CHRISTMAS 
16977.0,0,0.3740331,Low Risk,337.0824049548503,1.2421587760771429,United Kingdom,HANGING JAM JAR T-LIGHT HOLDER
16978.0,1,0.7440632,High Risk,0.0,0.4774470918159778,United Kingdom,HEART FILIGREE DOVE  SMALL
16984.0,0,0.105382,Low Risk,2649.3429345462005,4.113751514807846,United Kingdom,VICTORIAN GLASS HANGING T-LIGHT
16985.0,0,0.015253055,Low Risk,2653.7533569175907,4.653289608240991,United Kingdom,WHITE HANGING HEART T-LIGHT HOLDER
16986.0,0,0.18607622,Low Risk,243.25290705505176,1.74149066730868,United Kingdom,JUMBO  BAG BAROQUE BLACK WHITE
16987.0,0,0.28189614,Low Risk,382.30975282011957,1.4182129436118571,United Kingdom,BIRDHOUSE GARDEN MARKER 
16992.0,0,0.11048731,Low Risk,1482.286870525255,2.4435277970365257,United Kingdom,WHITE HANGING HEART T-LIGHT HOLDER
16993.0,1,0.76720524,High Risk,2494.5707771495477,1.6657409745639973,United Kingdom,WOODEN FRAME ANTIQUE WHITE 
17001.0,0,0.2954323,Low Risk,918.0459929288661,2.8845591438868503,United Kingdom,JUMBO BAG RED RETROSPOT
17002.0,0,0.35900822,Low Risk,321.8289001635674,1.1993495490963377,United Kingdom,SET 12 RETRO WHITE CHALK STICKS
17003.0,0,0.7296956,High Risk,0.0,0.7017286918351934,United Kingdom,JUMBO BAG RED RETROSPOT
17005.0,1,0.56476474,Medium Risk,553.983234080341,1.5629047543428438,United Kingdom,CHRISTMAS RETROSPOT HEART WOOD
17006.0,0,0.7006844,High Risk,0.0,0.518896018407841,United Kingdom,GREY HEART HOT WATER BOTTLE
17009.0,1,0.65221304,Medium Risk,0.0,0.8199940768413364,United Kingdom,WHITE WITH BLACK CATS MUG
17011.0,1,0.7774615,High Risk,93.33953720799104,1.0699139808712526,United Kingdom,ASSORTED COLOUR SILK COIN PURSE
17012.0,1,0.7731939,High Risk,0.0,0.3932306320164019,United Kingdom,CACTI T-LIGHT CANDLES
17016.0,1,0.74234325,High Risk,0.0,0.7093051154682692,United Kingdom,ASSTD DESIGN BUBBLE GUM RING
17017.0,0,0.29555604,Low Risk,444.69933475190027,0.886806554277968,United Kingdom,WORLD WAR 2 GLIDERS ASSTD DESIGNS
17018.0,0,0.32671803,Low Risk,482.35954934291766,1.4318363149134594,United Kingdom, WHITE CHERRY LIGHTS
17019.0,0,0.068121046,Low Risk,623.8025767882725,1.420551671294369,United Kingdom,VINTAGE SNAP CARDS
17020.0,1,0.21184254,Low Risk,901.5352810679345,1.1943002221855221,United Kingdom,MINI PAINT SET VINTAGE  BOY+ GIRL
17021.0,0,0.3826068,Low Risk,614.8172375191143,3.394046652732995,United Kingdom,CACTI T-LIGHT CANDLES
17023.0,0,0.48145488,Medium Risk,567.8596324308589,1.0050607299122543,United Kingdom,60 TEATIME FAIRY CAKE CASES
17025.0,0,0.23193255,Low Risk,0.0,0.5251130260484276,United Kingdom,T-LIGHT GLASS FLUTED ANTIQUE
17027.0,0,0.44814909,Medium Risk,114.66970755841075,0.8750291692474544,United Kingdom,WHITE CHRISTMAS HEART DECORATION
17028.0,1,0.5145752,Medium Risk,1051.6729044955496,1.487945813932481,United Kingdom,WORLD WAR 2 GLIDERS ASSTD DESIGNS
17029.0,0,0.43846247,Medium Risk,615.8380909940489,1.8070336063056596,United Kingdom,JUMBO BAG RED RETROSPOT
17031.0,0,0.3044245,Low Risk,406.89689824215776,2.5898861992303224,United Kingdom,JUMBO BAG RED RETROSPOT
17032.0,1,0.7080501,High Risk,1418.8468495527927,2.519558271942542,United Kingdom,ASSORTED COLOUR BIRD ORNAMENT
17034.0,0,0.573524,Medium Risk,0.0,0.0,United Kingdom,VICTORIAN GLASS HANGING T-LIGHT
17035.0,1,0.8567668,High Risk,137.6796004852659,0.8792452687056883,United Kingdom,HEART IVORY TRELLIS LARGE
17039.0,1,0.8384167,High Risk,0.0,0.6161816774972505,United Kingdom,HANGING JAM JAR T-LIGHT HOLDER
17040.0,1,0.82217807,High Risk,0.0,0.8251458288756056,United Kingdom,ASSORTED COLOUR BIRD ORNAMENT
17041.0,0,0.4378196,Medium Risk,0.0,0.6279576035952396,United Kingdom,BLUE SPOTS  WRAP
17043.0,0,0.22983493,Low Risk,208.2892757405064,0.8982659513318756,United Kingdom,ASSORTED CREEPY CRAWLIES
17044.0,0,0.07683529,Low Risk,2165.311458355535,2.498982532920016,United Kingdom,FRIDGE MAGNETS US DINER ASSORTED
17046.0,0,0.2620065,Low Risk,586.6382939339426,1.3424188769787795,United Kingdom,CHRISTMAS TOILET ROLL
17047.0,0,0.39420062,Low Risk,480.89855843958554,0.8871980804165501,United Kingdom,AGED GLASS SILVER T-LIGHT HOLDER
17048.0,0,0.35314536,Low Risk,392.30258134480727,1.6447951935175757,United Kingdom,WHITE HANGING HEART T-LIGHT HOLDER
17049.0,0,0.121399745,Low Risk,1878.8773164145475,4.0651426486607765,United Kingdom,STRAWBERRY CERAMIC TRINKET BOX
17050.0,0,0.2103375,Low Risk,706.9256726426584,2.309266465808659,United Kingdom,FROSTED BOX 9 WHITE T-LIGHT CANDLES
17051.0,0,0.20267469,Low Risk,181.40691062555985,1.2563886453561788,United Kingdom,WORLD WAR 2 GLIDERS ASSTD DESIGNS
17056.0,1,0.9071494,High Risk,0.0,0.3785219817564457,United Kingdom,15CM CHRISTMAS GLASS BALL 20 LIGHTS
17057.0,1,0.5526608,Medium Risk,0.0,0.6401929720168921,United Kingdom,ASSORTED COLOUR BIRD ORNAMENT
17059.0,0,0.05719766,Low Risk,1109.7926606332956,2.3090777514126035,United Kingdom,ASSTD DESIGN BUBBLE GUM RING
17063.0,0,0.08962387,Low Risk,790.0247105397572,1.936381644904616,United Kingdom,MINI PAINT SET VINTAGE 
17065.0,1,0.8395737,High Risk,0.0,0.5336381217095351,United Kingdom,60 TEATIME FAIRY CAKE CASES
17066.0,1,0.75850594,High Risk,0.0,0.3920587028572731,United Kingdom,ANGEL DECORATION STARS ON DRESS
17067.0,1,0.7124285,High Risk,218.25878881914437,0.7778017840447455,United Kingdom,STRAWBERRY CERAMIC TRINKET BOX
17068.0,0,0.042851035,Low Risk,2337.2468397944713,13.893305112761476,United Kingdom,LUNCH BAG SUKI  DESIGN 
17069.0,0,0.31466234,Low Risk,805.5171805157213,0.8809503876948446,United Kingdom,BOX OF 24 COCKTAIL PARASOLS
17071.0,0,0.20893002,Low Risk,471.3702149045922,1.6783636748979327,United Kingdom,STRAWBERRY CERAMIC TRINKET BOX
17072.0,1,0.76801324,High Risk,0.0,0.5609612774510851,United Kingdom,BOX OF 24 COCKTAIL PARASOLS
17074.0,1,0.69556683,Medium Risk,0.0,0.7673027805925606,United Kingdom,HIPPY CHIC DECORATIVE PARASOL
17075.0,0,0.2038286,Low Risk,546.2052181160216,2.5513255650286313,United Kingdom,CHRISTMAS RETROSPOT TREE WOOD
17076.0,0,0.4447466,Medium Risk,134.50894095597974,0.8683453261776668,United Kingdom,STRAWBERRY CERAMIC TRINKET BOX
17077.0,1,0.6229846,Medium Risk,0.0,0.7017286918351934,United Kingdom,BOX OF VINTAGE ALPHABET BLOCKS
17080.0,0,0.20877692,Low Risk,176.15042814281122,3.6417343626460053,United Kingdom,HEART OF WICKER SMALL
17081.0,0,0.16818206,Low Risk,234.16225923394362,1.147121362431933,United Kingdom,WRAP CHRISTMAS SCREEN PRINT
17082.0,0,0.47104815,Medium Risk,961.3405306555514,0.8998974928464044,United Kingdom,60 TEATIME FAIRY CAKE CASES
17083.0,0,0.34449115,Low Risk,956.6356839186336,2.4250549683444893,United Kingdom,PINK 3 PIECE MINI DOTS CUTLERY SET
17085.0,0,0.018042887,Low Risk,1543.1902841086383,6.705850188842181,United Kingdom,STRAWBERRY CERAMIC TRINKET BOX
17087.0,1,0.6800224,Medium Risk,0.0,0.37961420886422387,United Kingdom,ASSORTED TUTTI FRUTTI  FOB NOTEBOOK
17090.0,0,0.2982638,Low Risk,171.61028265705838,2.5890556816293246,United Kingdom,RED WOOLLY HOTTIE WHITE HEART.
17091.0,0,0.059147306,Low Risk,1339.0771783933394,3.651892319350722,United Kingdom,WORLD WAR 2 GLIDERS ASSTD DESIGNS
17092.0,0,0.066710494,Low Risk,1760.8506369793558,3.0006002994059013,United Kingdom,60 CAKE CASES VINTAGE CHRISTMAS
17093.0,1,0.72984314,High Risk,0.0,0.6529152259023473,United Kingdom,LUSH GREENS RIBBONS
17095.0,0,0.25398663,Low Risk,514.2981336317457,1.4766951138533706,United Kingdom,MOROCCAN TEA GLASS
17096.0,0,0.25831246,Low Risk,1701.591262109101,4.09822517223603,United Kingdom,PACK 20 ENGLISH ROSE PAPER NAPKINS
17098.0,0,0.58366483,Medium Risk,0.0,0.8804683698321731,United Kingdom,WHITE HANGING HEART T-LIGHT HOLDER
17099.0,1,0.75251037,High Risk,0.0,0.9238329689040404,United Kingdom,GROW YOUR OWN PLANT IN A CAN 
17101.0,0,0.49258673,Medium Risk,0.0,0.8251458288756056,United Kingdom,MAGIC DRAWING SLATE CIRCUS PARADE  
17103.0,1,0.7215333,High Risk,0.0,0.3967888708502297,United Kingdom,PACK OF 12 PINK SPOT TISSUES 
17107.0,0,0.21146439,Low Risk,2625.415492654279,1.719472608321546,United Kingdom,MULTI COLOUR SILVER T-LIGHT HOLDER
17108.0,1,0.75909877,High Risk,0.0,0.482704633464161,United Kingdom,AIRLINE BAG VINTAGE TOKYO 78
17109.0,0,0.6212984,Medium Risk,0.0,0.0,United Kingdom,VICTORIAN  METAL POSTCARD SPRING
17110.0,1,0.4609894,Medium Risk,253.25204994086883,1.3944009943901718,United Kingdom,GRAND CHOCOLATECANDLE
17112.0,1,0.8211146,High Risk,0.0,0.0,United Kingdom,CHRISTMAS TREE PAINTED ZINC 
17113.0,1,0.7231786,High Risk,1303.7961634292717,2.7800799274707,United Kingdom,FUNKY GIRLZ ASST MAGNETIC MEMO PAD
17115.0,1,0.6273285,Medium Risk,1035.263032712871,1.9579184926688495,United Kingdom,CRYSTAL STUD EARRINGS ASSORTED COL 
17116.0,1,0.72113854,High Risk,0.0,0.510832335342213,United Kingdom,"BROCADE PURSE,SMALL ARCH BUTTON"
17122.0,0,0.67814875,Medium Risk,0.0,0.0,United Kingdom,ASSORTED COLOUR BIRD ORNAMENT
17123.0,0,0.6053758,Medium Risk,0.0,0.7249602806946351,United Kingdom,ASSORTED COLOUR BIRD ORNAMENT
17126.0,0,0.34047577,Low Risk,0.0,0.0,United Kingdom,DISCO BALL CHRISTMAS DECORATION
17127.0,0,0.28731766,Low Risk,368.6266844809947,1.4293851301999496,United Kingdom,HOT WATER BOTTLE TEA AND SYMPATHY
17129.0,1,0.9416755,High Risk,0.0,0.0,United Kingdom,CAKE PLATE LOVEBIRD PINK
17132.0,0,0.36376232,Low Risk,0.0,0.0,United Kingdom,ANGEL DECORATION STARS ON DRESS
17133.0,1,0.7386062,High Risk,6695.978178164792,3.5967082823146637,United Kingdom,COLOUR GLASS T-LIGHT HOLDER HANGING
17135.0,0,0.15446773,Low Risk,374.729590110128,1.633051927128936,United Kingdom,STAR DECORATION RUSTIC
17136.0,1,0.8202046,High Risk,0.0,0.48448299828224056,United Kingdom,PACK OF 12 HEARTS DESIGN TISSUES 
17137.0,0,0.13349035,Low Risk,427.2658258765551,2.3496839286117868,United Kingdom,VICTORIAN  METAL POSTCARD SPRING
17138.0,0,0.52065915,Medium Risk,1711.3118626343849,3.020371792041746,United Kingdom,GRAND CHOCOLATECANDLE
17139.0,0,0.058132466,Low Risk,3726.055767735195,3.3735773898009187,United Kingdom,LUNCH BAG RED SPOTTY
17141.0,0,0.54313177,Medium Risk,0.0,0.44816133632148825,United Kingdom,PENNY FARTHING BIRTHDAY CARD
17142.0,0,0.31202218,Low Risk,273.622398450487,1.0435177711100547,United Kingdom,SMALL GLASS HEART TRINKET POT
17143.0,0,0.43323866,Medium Risk,0.0,0.0,United Kingdom,RED SPOTS  WRAP 
17145.0,1,0.508624,Medium Risk,2247.9846291411905,1.8412870624403432,United Kingdom,BOYS ALPHABET IRON ON PATCHES
17146.0,0,0.03373127,Low Risk,2680.2070180905466,5.538732826530977,United Kingdom,FILIGRIS HEART WITH BUTTERFLY
17147.0,0,0.35573673,Low Risk,602.0304373458144,2.1942427530808097,United Kingdom,BOTANICAL ROSE GREETING CARD
17150.0,0,0.26090655,Low Risk,458.7402538474513,1.9630676614236149,United Kingdom,ROCKING HORSE RED CHRISTMAS 
17151.0,1,0.5226093,Medium Risk,0.0,0.38181769715119207,United Kingdom,CERAMIC BIRDHOUSE BLACK ROSE  LARGE
17155.0,1,0.2903703,Low Risk,323.67286770965023,2.469116907882432,United Kingdom,12 PENCILS TALL TUBE POSY
17156.0,1,0.5240382,Medium Risk,0.0,0.0,United Kingdom,DINOSAUR KEYRINGS ASSORTED
17157.0,1,0.58155537,Medium Risk,2502.8376288325603,8.23716036059093,United Kingdom,BLACK RECORD COVER FRAME
17158.0,1,0.5268712,Medium Risk,614.3484144636184,1.21131733733115,United Kingdom,BLUE SPOT CERAMIC DRAWER KNOB
17159.0,1,0.82486343,High Risk,445.2918684817955,1.2114948046860587,United Kingdom,LOVEBIRD HANGING DECORATION WHITE 
17160.0,0,0.05204608,Low Risk,2024.109160536441,4.048247922808935,United Kingdom,WORLD WAR 2 GLIDERS ASSTD DESIGNS
17163.0,0,0.8060189,High Risk,0.0,0.46234049361192764,United Kingdom,BOTANICAL LAVENDER GIFT WRAP 
17165.0,0,0.17274913,Low Risk,590.3860052560419,1.992497236814099,United Kingdom,STRAWBERRY CERAMIC TRINKET BOX
17168.0,1,0.68682504,Medium Risk,0.0,0.0,United Kingdom,ASSTD DESIGN BUBBLE GUM RING
17169.0,1,0.69718987,Medium Risk,0.0,0.7017286918351934,United Kingdom,BATHROOM METAL SIGN
17171.0,1,0.8364216,High Risk,0.0,0.48627452792497006,United Kingdom,LOVE GARLAND PAINTED ZINC 
17172.0,0,0.59400576,Medium Risk,0.0,0.3920587028572731,United Kingdom,POSY CANDY BAG
17176.0,1,0.75867563,High Risk,406.81448001886343,1.0699522433902084,United Kingdom,WHITE HANGING HEART T-LIGHT HOLDER
17177.0,1,0.71582556,High Risk,0.0,0.0,United Kingdom,FOLKART ZINC HEART CHRISTMAS DEC
17178.0,1,0.8875418,High Risk,0.0,0.3863023769988185,United Kingdom,GRAND CHOCOLATECANDLE
17179.0,0,0.6891542,Medium Risk,0.0,0.7673027805925606,United Kingdom,FELTCRAFT PRINCESS LOLA DOLL
17180.0,0,0.21465246,Low Risk,851.5126582235889,3.488128702350426,United Kingdom,FLOWER PENCIL/RUBBER+5 MINI PENCILS
17181.0,0,0.58192533,Medium Risk,0.0,0.6433267706413722,United Kingdom,AGED GLASS SILVER T-LIGHT HOLDER
17182.0,0,0.553209,Medium Risk,0.0,0.4016346650730361,United Kingdom,EDWARDIAN PARASOL BLACK
17184.0,1,0.7231319,High Risk,165.0911609429848,0.8984298185368458,United Kingdom,"DECOUPAGE,GREETING CARD,"
17185.0,1,0.8316531,High Risk,185.8429051435682,1.4011550872728362,United Kingdom,PINK  SPOTTY CUP
17187.0,1,0.62591904,Medium Risk,0.0,0.0,United Kingdom,ASSORTED COLOURS SILK FAN
17188.0,0,0.08260504,Low Risk,909.8518110343203,2.5058536352388727,United Kingdom, ANIMAL STICKERS
17189.0,1,0.52884036,Medium Risk,268.6237181708784,1.4199081061044627,United Kingdom,SWALLOWS GREETING CARD
17190.0,0,0.27759984,Low Risk,780.3473662035229,1.201308223768936,United Kingdom,BLUE VICTORIAN FABRIC HEART BOX
17191.0,0,0.10293785,Low Risk,811.4546996338152,2.9747453736823792,United Kingdom,MINI HIGHLIGHTER PENS
17192.0,1,0.6778455,Medium Risk,0.0,0.9047351352785842,United Kingdom,FAIRY CAKE GREETINGS CARD
17193.0,0,0.4950076,Medium Risk,0.0,0.37961420886422387,United Kingdom,MINI PAINT SET VINTAGE 
17194.0,1,0.78604525,High Risk,0.0,0.9437557509843948,United Kingdom,VINTAGE HEADS AND TAILS CARD GAME 
17195.0,1,0.7224118,High Risk,0.0,0.4973085447268378,United Kingdom,DINOSAURS WATER TRANSFER TATTOOS 
17199.0,1,0.8393948,High Risk,0.0,0.687051844617036,United Kingdom,PAPER POCKET TRAVELING FAN 
17200.0,0,0.62167925,Medium Risk,0.0,0.5030156797443815,United Kingdom,INFLATABLE POLITICAL GLOBE 
17201.0,1,0.516346,Medium Risk,407.23444679919106,1.7809417051404752,United Kingdom,ASSTD DESIGN BUBBLE GUM RING
17204.0,0,0.37338674,Low Risk,0.0,0.8409975304118249,United Kingdom,15CM CHRISTMAS GLASS BALL 20 LIGHTS
17205.0,0,0.5679828,Medium Risk,0.0,0.758442616495476,United Kingdom,SKULLS GREETING CARD
17207.0,1,0.623191,Medium Risk,0.0,0.5030156797443815,United Kingdom,WORLD WAR 2 GLIDERS ASSTD DESIGNS
17209.0,1,0.48965254,Medium Risk,216.86312368651522,1.4184286063549463,United Kingdom, RIDGED GLASS T-LIGHT HOLDER
17211.0,0,0.36823484,Low Risk,620.4784795629125,1.9917242948798493,United Kingdom,SMALL FOLKART STAR CHRISTMAS DEC
17212.0,1,0.6647053,Medium Risk,483.4991955241536,3.249274854871475,United Kingdom,WORLD WAR 2 GLIDERS ASSTD DESIGNS
17213.0,0,0.08434154,Low Risk,1148.2036533361172,3.099702730378513,United Kingdom,ANTIQUE SILVER TEA GLASS ENGRAVED
17215.0,1,0.5957302,Medium Risk,0.0,0.0,United Kingdom,ANTIQUE SILVER TEA GLASS ENGRAVED
17216.0,1,0.71878797,High Risk,0.0,0.8049182224586419,United Kingdom,JUMBO STORAGE BAG SKULLS
17217.0,1,0.8519046,High Risk,0.0,0.5757009194925897,United Kingdom,HANGING JAM JAR T-LIGHT HOLDER
17218.0,0,0.12541942,Low Risk,407.176681266184,2.3006177161830097,United Kingdom,COSY HOUR CIGAR BOX MATCHES 
17220.0,0,0.18142635,Low Risk,470.8428448630794,1.6559969311957488,United Kingdom,FOOD/DRINK SPONGE STICKERS
17221.0,1,0.47073364,Medium Risk,402.44444183322764,1.3546684141010463,United Kingdom,AGED GLASS SILVER T-LIGHT HOLDER
17222.0,1,0.14318547,Low Risk,769.553205244003,2.775900238401717,United Kingdom,ANGEL DECORATION 3 BUTTONS 
17224.0,1,0.7295685,High Risk,0.0,0.0,United Kingdom,SMALL MEDINA STAMPED METAL BOWL 
17225.0,1,0.8364752,High Risk,0.0,0.6906631232847503,United Kingdom,SMALL ROUND CUT GLASS CANDLESTICK
17226.0,0,0.6902159,Medium Risk,0.0,0.47918682174787003,United Kingdom,12 PENCILS TALL TUBE RED SPOTTY
17227.0,0,0.28449133,Low Risk,310.0407416981799,2.224320852396317,United Kingdom,SET OF 20 KIDS COOKIE CUTTERS
17228.0,0,0.16101347,Low Risk,715.3734863976749,3.4653045865519854,United Kingdom,WHITE SAGE INCENSE
17230.0,1,0.7352786,High Risk,3174.3091781881653,5.140221165225274,United Kingdom,WHITE HANGING HEART T-LIGHT HOLDER
17231.0,0,0.020694338,Low Risk,1627.3471016949356,5.1404137199563325,United Kingdom,ANTIQUE SILVER TEA GLASS ETCHED
17233.0,0,0.67184275,Medium Risk,0.0,0.39440959392020275,United Kingdom,SLATE TILE NATURAL HANGING
17235.0,0,0.32481784,Low Risk,690.6203302758714,4.150009530883732,United Kingdom,6 RIBBONS RUSTIC CHARM
17236.0,0,0.299772,Low Risk,542.9186842183651,3.393702050229945,United Kingdom,ASSORTED COLOUR BIRD ORNAMENT
17238.0,0,0.016514191,Low Risk,1416.8653230120033,5.570796807642445,United Kingdom,PINK SPOTS  WRAP 
17239.0,0,0.40688753,Medium Risk,0.0,0.0,United Kingdom,WHITE HANGING HEART T-LIGHT HOLDER
17240.0,1,0.78872085,High Risk,0.0,0.6401929720168921,United Kingdom,SMALL POPCORN HOLDER
17241.0,0,0.10813273,Low Risk,1386.742410089832,5.801094650843446,United Kingdom,VICTORIAN GLASS HANGING T-LIGHT
17242.0,1,0.69073683,Medium Risk,1211.3464792769369,1.6786339625163194,United Kingdom,ASSTD DESIGN RACING CAR PEN
17243.0,0,0.004375277,Low Risk,4662.342442603258,16.47312357214603,United Kingdom,HANGING METAL STAR LANTERN
17244.0,0,0.58769274,Medium Risk,0.0,0.3840469351105322,United Kingdom,MINI HIGHLIGHTER PENS
17245.0,1,0.83572334,High Risk,0.0,0.4406538456231922,United Kingdom, ANIMAL STICKERS
17246.0,1,0.7933485,High Risk,20.404181885570242,0.881175702385782,United Kingdom,CHINESE DRAGON PAPER LANTERNS
17248.0,1,0.7304013,High Risk,0.0,0.0,United Kingdom,PAIR PADDED HANGERS PINK CHECK
17251.0,0,0.5685106,Medium Risk,0.0,0.39440959392020275,United Kingdom,GINGHAM ROSE WRAP
17256.0,1,0.8852222,High Risk,194.39310552435327,1.4711342535331655,United Kingdom,SOMBRERO 
17258.0,0,0.7450698,High Risk,0.0,0.47918682174787003,United Kingdom,PINK BLUE FELT CRAFT TRINKET BOX
17259.0,0,0.2798935,Low Risk,437.38005595812473,1.1574676321395614,United Kingdom,MULTI COLOUR SILVER T-LIGHT HOLDER
17261.0,1,0.77002317,High Risk,0.0,0.0,United Kingdom,BLUE 3 PIECE MINI DOTS CUTLERY SET
17262.0,0,0.09219514,Low Risk,715.6366376101888,2.558992799740656,United Kingdom,WHITE METAL LANTERN
17266.0,1,0.6910024,Medium Risk,140.60583910313926,1.2325240547739886,United Kingdom,CARD BIRTHDAY COWBOY
17268.0,0,0.15342472,Low Risk,437.8504459255604,3.0359541219543833,United Kingdom,MULTI COLOUR SILVER T-LIGHT HOLDER
17270.0,1,0.7278769,High Risk,236.03495886065002,0.9031777700357843,United Kingdom,ASSTD DESIGN BUBBLE GUM RING
17271.0,1,0.7139512,High Risk,0.0,0.38071276227821854,United Kingdom,WRAP BLIZZARD
17278.0,1,0.8439674,High Risk,0.0,0.7540889284243036,United Kingdom,SMALL POPCORN HOLDER
17281.0,0,0.17728937,Low Risk,338.6678220930345,2.382794613339573,United Kingdom,SET/5 RED SPOTTY LID GLASS BOWLS
17282.0,1,0.52307343,Medium Risk,652.4814618567898,1.9648967772055845,United Kingdom,SET 12 KIDS COLOUR  CHALK STICKS
17285.0,1,0.66545033,Medium Risk,269.04079371257757,1.073513205780208,United Kingdom,GRAND CHOCOLATECANDLE
17287.0,0,0.10379223,Low Risk,857.9308408900956,4.0366287687799565,United Kingdom,ASSORTED COLOUR BIRD ORNAMENT
17289.0,0,0.2003061,Low Risk,569.2812395862949,2.6873929166386548,United Kingdom,ANGEL DECORATION STARS ON DRESS
17290.0,0,0.20665313,Low Risk,335.27443143280044,1.4666637776070843,United Kingdom,Manual
17292.0,1,0.7642305,High Risk,266.1799640510922,1.6372281168376008,United Kingdom,ANTIQUE SILVER TEA GLASS ETCHED
17293.0,0,0.15095995,Low Risk,641.1728349519143,3.5142512044692666,United Kingdom,AGED GLASS SILVER T-LIGHT HOLDER
17294.0,1,0.7883267,High Risk,0.0,0.4723029502992123,United Kingdom,HEART T-LIGHT HOLDER
17296.0,1,0.8568138,High Risk,0.0,0.3874400693028429,United Kingdom,SKULLS WRAP
17298.0,0,0.45166346,Medium Risk,330.7482366752418,1.228590878778774,United Kingdom,ASSORTED COLOUR SILK COIN PURSE
17299.0,0,0.5603113,Medium Risk,0.0,0.0,United Kingdom,BLUE POLKADOT WRAP
17300.0,0,0.53996253,Medium Risk,0.0,0.0,United Kingdom,ANGEL DECORATION PAINTED ZINC 
17301.0,1,0.7067812,High Risk,0.0,0.5633651887229109,United Kingdom,SMALL POPCORN HOLDER
17304.0,1,0.7716725,High Risk,0.0,0.9173779310043912,United Kingdom,VICTORIAN GLASS HANGING T-LIGHT
17305.0,1,0.8860404,High Risk,0.0,0.510832335342213,United Kingdom,KINGS CHOICE CIGAR BOX MATCHES 
17307.0,0,0.1459135,Low Risk,1463.7735118257986,4.068967786873692,United Kingdom,STRAWBERRY CERAMIC TRINKET BOX
17309.0,0,0.6784328,Medium Risk,0.0,0.4656142400749432,United Kingdom,VANILLA INCENSE IN TIN
17310.0,0,0.6162616,Medium Risk,0.0,0.9173779310043912,United Kingdom,PAPER CHAIN KIT 50'S CHRISTMAS 
17311.0,0,0.3117116,Low Risk,959.4704388773079,1.0738913691053291,United Kingdom,GROW YOUR OWN PLANT IN A CAN 
17314.0,0,0.11407383,Low Risk,1118.5935514838209,4.036244548199166,United Kingdom,AGED GLASS SILVER T-LIGHT HOLDER
17318.0,1,0.8439212,High Risk,0.0,0.3932306320164019,United Kingdom,WHITE ADVENT CANDLE
17319.0,1,0.868361,High Risk,0.0,0.4723029502992123,United Kingdom,PINK CHRYSANTHEMUMS ART FLOWER
17320.0,0,0.27719718,Low Risk,621.6300978496354,1.0365707698229907,United Kingdom,AGED GLASS SILVER T-LIGHT HOLDER
17321.0,0,0.37162206,Low Risk,164.14231624412196,1.6054197321236907,United Kingdom,VINTAGE CARAVAN GIFT WRAP
17322.0,0,0.7819861,High Risk,0.0,0.38071276227821854,United Kingdom,SMALL PINK MAGIC CHRISTMAS TREE
17323.0,0,0.19900309,Low Risk,286.0218565250233,2.188883242101206,United Kingdom,CAMOUFLAGE LED TORCH
17324.0,0,0.3428833,Low Risk,506.55634243111973,3.1283802467310386,United Kingdom,PINK SPOTS  WRAP 
17325.0,0,0.5987431,Medium Risk,0.0,0.5251130260484276,United Kingdom,ANGEL DECORATION STARS ON DRESS
17326.0,0,0.36500832,Low Risk,0.0,0.0,United Kingdom,PACK OF 12 PINK PAISLEY TISSUES 
17327.0,0,0.58774656,Medium Risk,0.0,0.7673027805925606,United Kingdom,ASSTD DESIGN BUBBLE GUM RING
17328.0,1,0.7770729,High Risk,0.0,0.4656142400749432,United Kingdom,ANTIQUE SILVER TEA GLASS ENGRAVED
17329.0,1,0.8556043,High Risk,188.85181828391654,0.7575430340541581,United Kingdom,WORLD WAR 2 GLIDERS ASSTD DESIGNS
17330.0,1,0.921061,High Risk,19.61764961431841,1.1891403901217197,United Kingdom,METAL WALL SHELF UNIT WITH HOOKS
17332.0,1,0.35112348,Low Risk,481.6242986584595,3.214289257111123,United Kingdom,WORLD WAR 2 GLIDERS ASSTD DESIGNS
17335.0,0,0.7109033,High Risk,0.0,0.44816133632148825,United Kingdom,RIBBON REEL CHRISTMAS PRESENT 
17336.0,1,0.898164,High Risk,0.0,0.0,United Kingdom,PINK  HONEYCOMB PAPER BALL 
17338.0,0,0.1475384,Low Risk,1966.4182170485897,3.437073693586946,United Kingdom,WORLD WAR 2 GLIDERS ASSTD DESIGNS
17339.0,0,0.9298976,High Risk,0.0,0.0,United Kingdom,GREY HEART HOT WATER BOTTLE
17340.0,0,0.102468714,Low Risk,3092.06523028823,3.133342334382384,United Kingdom,SILVER HANGING T-LIGHT HOLDER
17341.0,0,0.24302937,Low Risk,0.0,0.8804683698321731,United Kingdom,FANCY FONTS BIRTHDAY WRAP
17342.0,0,0.52020496,Medium Risk,599.0407711328899,1.7679817185502542,United Kingdom,ASSORTED CAKES FRIDGE MAGNETS
17343.0,0,0.23765317,Low Risk,463.8096595457244,1.94743803447699,United Kingdom,SILVER HANGING T-LIGHT HOLDER
17344.0,1,0.4144906,Medium Risk,0.0,0.38973569242301676,United Kingdom,AGED GLASS SILVER T-LIGHT HOLDER
17345.0,0,0.060089614,Low Risk,343.3881871848698,1.4163767545070463,United Kingdom,BROCADE RING PURSE 
17346.0,0,0.11510435,Low Risk,1398.782956951877,4.941866439588062,United Kingdom,MINI HIGHLIGHTER PENS
17348.0,0,0.30266333,Low Risk,420.13413936009647,1.201526860915336,United Kingdom,ASSTD DESIGN BUBBLE GUM RING
17349.0,0,0.39369157,Low Risk,192.97205675127483,1.2683053533707502,United Kingdom,AGED GLASS SILVER T-LIGHT HOLDER
17350.0,0,0.5666716,Medium Risk,146.42891328267743,1.0696639595469923,United Kingdom,WRAP CHRISTMAS SCREEN PRINT
17351.0,0,0.1256553,Low Risk,609.0953108900314,3.5872187613670037,United Kingdom,DOOR MAT UNION FLAG
17352.0,1,0.8094099,High Risk,0.0,0.43055658977677796,United Kingdom,ETCHED GLASS COASTER
17353.0,1,0.7559462,High Risk,1860.3857207680105,1.3182228218482175,United Kingdom,LUNCH BAG RED SPOTTY
17356.0,1,0.18058278,Low Risk,376.41726719843354,2.260583974521097,United Kingdom,COLOUR GLASS T-LIGHT HOLDER HANGING
17358.0,0,0.7103182,High Risk,0.0,0.501098787909359,United Kingdom,POLKADOT RAIN HAT 
17359.0,1,0.67793155,Medium Risk,0.0,0.510832335342213,United Kingdom,12 PENCILS TALL TUBE WOODLAND
17361.0,1,0.7485564,High Risk,0.0,0.4607208390113535,United Kingdom,RED SPOTS  WRAP 
17362.0,0,0.5879528,Medium Risk,286.20011210197254,2.15325930955313,United Kingdom,HANGING HEART JAR T-LIGHT HOLDER
17364.0,0,0.12173889,Low Risk,2896.2074148574898,6.195374666943678,United Kingdom,LAVENDER SCENTED FABRIC HEART
17365.0,0,0.1422124,Low Risk,1194.0047149844504,2.3573380459935787,United Kingdom,DINOSAUR KEYRINGS ASSORTED
17366.0,0,0.35804778,Low Risk,0.0,0.0,United Kingdom,SWEETHEART CERAMIC TRINKET BOX
17368.0,0,0.17744943,Low Risk,324.89892621342875,1.4761701051478686,United Kingdom,12 PENCIL SMALL TUBE WOODLAND
17369.0,1,0.8244007,High Risk,0.0,0.0,United Kingdom,HANGING JAM JAR T-LIGHT HOLDER
17371.0,1,0.6889674,Medium Risk,92.48392866022124,0.8832841999152049,United Kingdom,LIGHT BIRD HOUSE TREE DECORATION
17372.0,0,0.16302235,Low Risk,1072.7120477151343,7.691127899335172,United Kingdom,ROSES IN WHITE HEART CANDLE 
17373.0,0,0.6030614,Medium Risk,0.0,0.5088554614659272,United Kingdom,60 CAKE CASES VINTAGE CHRISTMAS
17376.0,0,0.6724028,Medium Risk,0.0,0.0,United Kingdom,LUNCH BOX I LOVE LONDON
17377.0,0,0.010845512,Low Risk,4159.3972543604805,19.1240429341606,United Kingdom,VINTAGE UNION JACK CUSHION COVER
17380.0,0,0.28552476,Low Risk,470.8231187327571,2.1347517019432645,United Kingdom,VINTAGE UNION JACK SHOPPING BAG
17381.0,0,0.35283938,Low Risk,1034.0273559999587,4.283398622588861,United Kingdom,PACK OF 12 LONDON TISSUES 
17382.0,0,0.3511241,Low Risk,215.18908874412668,2.7600196112203417,United Kingdom,36 PENCILS TUBE WOODLAND
17384.0,1,0.5284776,Medium Risk,0.0,0.0,United Kingdom,EDWARDIAN PARASOL NATURAL
17388.0,0,0.18492831,Low Risk,471.98262530546873,2.5211702964433993,United Kingdom,ANTIQUE SILVER TEA GLASS ENGRAVED
17389.0,0,0.032898366,Low Risk,3270.5163765207176,7.190167134804771,United Kingdom,SET 12 RETRO WHITE CHALK STICKS
17393.0,0,0.51332337,Medium Risk,0.0,0.0,United Kingdom,VICTORIAN  METAL POSTCARD SPRING
17395.0,1,0.8755091,High Risk,0.0,0.0,United Kingdom,RED DAISY PAPER LAMPSHADE
17400.0,1,0.35613635,Low Risk,1406.4313799551205,1.483463085679815,United Kingdom,ASS DES PHONE SPONGE CRAFT STICKER
17401.0,1,0.8098699,High Risk,0.0,0.8746040156777243,United Kingdom,NATURAL SLATE RECTANGLE CHALKBOARD
17402.0,0,0.14173679,Low Risk,558.041864636534,3.1094479480400756,United Kingdom,SET OF 6 SOLDIER SKITTLES
17404.0,0,0.049979024,Low Risk,7232.686518694535,3.3304294775074244,Sweden,WORLD WAR 2 GLIDERS ASSTD DESIGNS
17406.0,0,0.096215814,Low Risk,774.7674317334402,4.070280797617889,United Kingdom,GIN + TONIC DIET METAL SIGN
17408.0,1,0.7255659,High Risk,49.22876693319385,2.4746542880651012,United Kingdom,ETCHED GLASS DROPLET DECORATION
17409.0,0,0.13333467,Low Risk,1667.3915724423755,1.9921916780899225,United Kingdom,ASSORTED COLOUR BIRD ORNAMENT
17411.0,0,0.48259088,Medium Risk,0.0,0.38071276227821854,United Kingdom,WHITE DOVE HONEYCOMB PAPER GARLAND
17412.0,0,0.12204604,Low Risk,993.5315465000002,3.5038691938195026,United Kingdom,PACK OF 12 LONDON TISSUES 
17413.0,0,0.57684505,Medium Risk,0.0,0.7371634236312025,United Kingdom,HANGING JAM JAR T-LIGHT HOLDER
17414.0,0,0.24323751,Low Risk,742.6698881331126,1.4245861188990938,United Kingdom,BROCADE RING PURSE 
17416.0,0,0.032793075,Low Risk,4178.683179921151,2.551396521121195,United Kingdom,PARTY BUNTING
17417.0,1,0.616469,Medium Risk,0.0,0.835646291656766,United Kingdom,ZINC METAL HEART DECORATION
17419.0,0,0.13725878,Low Risk,654.3005732079312,2.301165368886752,United Kingdom,ASSORTED COLOUR BIRD ORNAMENT
17421.0,0,0.66890097,Medium Risk,0.0,0.38181769715119207,United Kingdom,ASSORTED TUTTI FRUTTI PEN
17422.0,0,0.4869378,Medium Risk,780.2631127317992,2.139432487165443,United Kingdom,ETCHED GLASS DROPLET DECORATION
17426.0,0,0.7240941,High Risk,939.1163145484221,1.101874845140585,United Kingdom,WHITE BAMBOO RIBS LAMPSHADE
17428.0,0,0.039628964,Low Risk,4670.494346956038,3.494180023422545,United Kingdom,BROCADE RING PURSE 
17430.0,0,0.68212175,Medium Risk,0.0,0.0,United Kingdom,12 PENCILS SMALL TUBE SKULL
17432.0,0,0.15899462,Low Risk,236.61697325045546,1.4236182666917419,United Kingdom,FLUTED ANTIQUE CANDLE HOLDER
17436.0,0,0.35433874,Low Risk,154.31275267331458,0.8888155810205459,United Kingdom,COFFEE MUG DOG + BALL DESIGN
17437.0,1,0.60434103,Medium Risk,0.0,0.0,United Kingdom,CACTI T-LIGHT CANDLES
17438.0,0,0.30168447,Low Risk,336.277132959674,1.9652283123017837,United Kingdom,WHITE CHRISTMAS HEART DECORATION
17439.0,1,0.85105014,High Risk,0.0,0.4973085447268378,United Kingdom,PINK BOUDOIR T-LIGHT HOLDER
17440.0,1,0.86107403,High Risk,0.0,0.8303628178208423,United Kingdom,WHITE BITTY LIGHT CHAIN 
17441.0,1,0.6865056,Medium Risk,0.0,0.38517135175621425,United Kingdom,ASSTD DESIGN BUBBLE GUM RING
17442.0,0,0.12058894,Low Risk,1012.7063882612838,3.8100874580850683,United Kingdom,PACK OF 60 PINK PAISLEY CAKE CASES
17448.0,1,0.19543582,Low Risk,10529.471604078986,12.567879225201924,United Kingdom,CACTI T-LIGHT CANDLES
17449.0,0,0.30807284,Low Risk,693.5915234437216,1.9809780510495276,United Kingdom,VICTORIAN GLASS HANGING T-LIGHT
17454.0,1,0.32351887,Low Risk,620.1465498295951,3.4187003915183456,United Kingdom,LUNCH BAG RED SPOTTY
17456.0,0,0.34678096,Low Risk,0.0,0.0,United Kingdom,CHRISTMAS TREE HEART DECORATION
17457.0,0,0.07897781,Low Risk,1542.525699716945,3.027107237298451,United Kingdom,GARDEN PATH POCKET BOOK
17460.0,0,0.060306437,Low Risk,649.2657385258252,4.109383649658295,United Kingdom,WHITE HANGING HEART T-LIGHT HOLDER
17463.0,1,0.6865385,Medium Risk,394.68783794330176,1.5097658395324338,United Kingdom,PINK SPOTS  WRAP 
17464.0,1,0.58683324,Medium Risk,605.5416150684924,1.3395042940568145,United Kingdom,ASSTD DESIGN BUBBLE GUM RING
17465.0,0,0.063016616,Low Risk,1196.8530028398266,2.4696512998918854,United Kingdom,HEART FILIGREE DOVE  SMALL
17469.0,0,0.05847348,Low Risk,1500.2205652504667,4.194441834412677,United Kingdom,I CAN ONLY PLEASE ONE PERSON MUG
17470.0,0,0.22080244,Low Risk,1007.2681288097722,4.208635904919657,United Kingdom,RED CHARLIE+LOLA PERSONAL DOORSIGN
17471.0,1,0.8032484,High Risk,0.0,0.0,United Kingdom,PACK OF 72 RETRO SPOT CAKE CASES
17472.0,1,0.7416621,High Risk,0.0,0.5538712095654507,United Kingdom,HEART DECORATION RUSTIC HANGING 
17473.0,0,0.547796,Medium Risk,0.0,0.0,United Kingdom,CERAMIC STRAWBERRY CAKE MONEY BANK
17474.0,1,0.8682087,High Risk,0.0,0.6309723370939762,United Kingdom,CITRONELLA CANDLE FLOWERPOT
17476.0,0,0.6734445,Medium Risk,0.0,0.37961420886422387,United Kingdom,WHITE JEWELLED HEART DECORATION
17477.0,1,0.53047454,Medium Risk,579.5228923202093,1.1480046682024054,United Kingdom,ROSE DES PADDED FLOOR CUSHION
17478.0,0,0.5038767,Medium Risk,0.0,0.542444897009681,United Kingdom,WHITE DOVE HONEYCOMB PAPER GARLAND
17479.0,1,0.7964391,High Risk,0.0,0.5446922471660814,United Kingdom,12 PENCILS SMALL TUBE RED SPOTTY
17482.0,1,0.3309307,Low Risk,1053.4968679890642,1.6420432795091584,United Kingdom,6 RIBBONS RUSTIC CHARM
17484.0,1,0.8139874,High Risk,123.68700688443053,1.2848797081359469,United Kingdom,PIECE OF CAMO STATIONERY SET
17487.0,1,0.64694774,Medium Risk,0.0,0.38973569242301676,United Kingdom,GREY HEART HOT WATER BOTTLE
17488.0,1,0.73107415,High Risk,0.0,0.5251130260484276,United Kingdom,SET/10 BLUE SPOTTY PARTY CANDLES
17490.0,0,0.67725426,Medium Risk,0.0,0.7371634236312025,United Kingdom,VINTAGE CARAVAN GIFT WRAP
17491.0,0,0.24893755,Low Risk,895.3521995873432,3.3779617977032976,United Kingdom,PACK OF 6 BIRDY GIFT TAGS
17492.0,1,0.7158569,High Risk,1164.2447097630143,2.4186302334733845,United Kingdom,COLOUR GLASS T-LIGHT HOLDER HANGING
17494.0,1,0.9294395,High Risk,0.0,0.0,United Kingdom,HEART IVORY TRELLIS LARGE
17496.0,1,0.43620956,Medium Risk,702.6171434669669,1.621012632128734,United Kingdom,60 TEATIME FAIRY CAKE CASES
17497.0,0,0.59469634,Medium Risk,0.0,0.5993241490614548,United Kingdom,PARTY BUNTING
17499.0,1,0.6172264,Medium Risk,0.0,0.771811055783538,United Kingdom,RECYCLED PENCIL WITH RABBIT ERASER
17504.0,0,0.11424577,Low Risk,1658.0208148948998,3.0652236851775982,United Kingdom,VICTORIAN GLASS HANGING T-LIGHT
17505.0,1,0.58918357,Medium Risk,632.0544557301121,1.4118644602255148,United Kingdom,LADIES & GENTLEMEN METAL SIGN
17508.0,0,0.050085586,Low Risk,1771.5705873314625,3.0272858309233457,Greece,WHITE HANGING HEART T-LIGHT HOLDER
17511.0,0,0.025665693,Low Risk,32209.230429868694,9.231567766805796,United Kingdom,JUMBO BAG RED RETROSPOT
17512.0,0,0.06250275,Low Risk,762.6947734457699,3.054276582857851,United Kingdom,COLOUR GLASS T-LIGHT HOLDER HANGING
17513.0,0,0.6920195,Medium Risk,0.0,0.0,United Kingdom,BABUSHKA LIGHTS STRING OF 10
17514.0,1,0.7568144,High Risk,0.0,0.4723029502992123,United Kingdom,FILIGRIS HEART WITH BUTTERFLY
17515.0,0,0.2512474,Low Risk,589.5956584958067,3.0945568820700573,United Kingdom,BOTANICAL LAVENDER BIRTHDAY CARD
17518.0,0,0.65476286,Medium Risk,0.0,0.5707022922724782,United Kingdom,WORLD WAR 2 GLIDERS ASSTD DESIGNS
17519.0,0,0.1298115,Low Risk,1361.7908790201845,4.01187090159648,United Kingdom,SET/6 RED SPOTTY PAPER PLATES
17526.0,0,0.13220914,Low Risk,797.5034473637544,2.5744880280138442,United Kingdom,75 BLACK FAIRY CAKE CASES
17529.0,1,0.4385552,Medium Risk,458.29344031297916,0.979893885124462,United Kingdom,BIRTHDAY BANQUET GIFT WRAP
17530.0,0,0.25407627,Low Risk,196.7532953059098,0.8884805926257408,United Kingdom,ANGEL DECORATION 3 BUTTONS 
17531.0,1,0.4802508,Medium Risk,674.0762683471129,1.343703434482586,United Kingdom,WORLD WAR 2 GLIDERS ASSTD DESIGNS
17534.0,0,0.22624278,Low Risk,673.6773891036731,1.882359538815998,United Kingdom,STRAWBERRY CERAMIC TRINKET BOX
17536.0,0,0.8893834,High Risk,0.0,0.45123651739501697,United Kingdom,BLUE HARMONICA IN BOX 
17539.0,1,0.82567924,High Risk,581.587593803567,1.9996705327329698,United Kingdom,EASTER BUNNY GARLAND OF FLOWERS
17540.0,0,0.30769092,Low Risk,365.26925077777963,2.364521432757138,United Kingdom,HAND OVER THE CHOCOLATE   SIGN 
17541.0,1,0.7277962,High Risk,0.0,0.0,United Kingdom,PACK OF 12 LONDON TISSUES 
17542.0,1,0.5464914,Medium Risk,0.0,0.5251130260484276,United Kingdom,SKULLS WRAP
17543.0,1,0.6973135,Medium Risk,0.0,0.8303628178208423,United Kingdom,COLOUR GLASS T-LIGHT HOLDER HANGING
17545.0,0,0.6637563,Medium Risk,0.0,0.7054965367821219,United Kingdom,WHITE HYDRANGEA ART FLOWER
17547.0,0,0.7755624,High Risk,0.0,0.47918682174787003,United Kingdom,PINK OWL SOFT TOY
17550.0,0,0.09104111,Low Risk,1368.1989437626842,2.4087309070157974,United Kingdom,PLACE SETTING WHITE HEART
17552.0,0,0.1485921,Low Risk,989.4456280162975,3.6107019697195515,United Kingdom,PACK OF 12 WOODLAND TISSUES 
17553.0,1,0.71880955,High Risk,1794.558628524772,2.2462384094380274,United Kingdom,SOMBRERO 
17555.0,0,0.3726028,Low Risk,0.0,0.6729770955798103,United Kingdom,BOTANICAL LAVENDER GIFT WRAP 
17557.0,1,0.7418505,High Risk,0.0,0.38517135175621425,United Kingdom,WEEKEND BAG VINTAGE ROSE PAISLEY
17559.0,1,0.5101285,Medium Risk,0.0,0.0,United Kingdom,MAGIC DRAWING SLATE BUNNIES 
17560.0,0,0.5338326,Medium Risk,223.84832057108414,1.125070706602456,United Kingdom,CHINESE DRAGON PAPER LANTERNS
17561.0,0,0.14892314,Low Risk,189.67518528224437,0.8957130681026126,United Kingdom,BLACK SILOUETTE CANDLE PLATE 
17563.0,1,0.5353717,Medium Risk,59.362772099593165,1.3520202096052134,United Kingdom,PACK OF 60 PINK PAISLEY CAKE CASES
17565.0,1,0.7078035,High Risk,0.0,0.6729770955798103,United Kingdom,PACK OF 12 PINK PAISLEY TISSUES 
17568.0,1,0.6047341,Medium Risk,0.0,0.542444897009681,United Kingdom,CACTI T-LIGHT CANDLES
17571.0,1,0.60070735,Medium Risk,0.0,0.8688173763364464,United Kingdom,SMALL SPOTTY CHOCOLATE GIFT BAG 
17572.0,0,0.33585075,Low Risk,66.30001291529835,1.4760563365063641,United Kingdom,GRAND CHOCOLATECANDLE
17575.0,1,0.76213723,High Risk,0.0,0.47571996056533633,United Kingdom,SET/20 RED SPOTTY PAPER NAPKINS 
17576.0,0,0.0067655393,Low Risk,1672.6555866587398,7.169431757655674,United Kingdom,"KEY FOB , GARAGE DESIGN"
17577.0,1,0.48603418,Medium Risk,301.2014951334625,1.034785418063002,United Kingdom,PINK FAIRY CAKE CHILD'S APRON
17578.0,1,0.44503438,Medium Risk,1296.2260949296683,4.874546796639885,United Kingdom,ASSTD DESIGN BUBBLE GUM RING
17579.0,1,0.7040694,High Risk,0.0,0.7017286918351934,United Kingdom,HYACINTH BULB T-LIGHT CANDLES
17581.0,0,0.079561934,Low Risk,2770.098320576478,4.036154844614534,United Kingdom,SMALL POPCORN HOLDER
17582.0,0,0.36787406,Low Risk,536.8245835414247,2.118003965428637,United Kingdom,GROW YOUR OWN PLANT IN A CAN 
17583.0,1,0.8173365,High Risk,0.0,0.7763726947134019,United Kingdom,JUMBO BAG PINK WITH WHITE SPOTS
17584.0,1,0.71964765,High Risk,2940.629274546908,2.3016207267267705,United Kingdom,ETCHED GLASS DROPLET DECORATION
17585.0,0,0.26438862,Low Risk,1608.1773619809444,3.547892786961266,United Kingdom,COLOUR GLASS T-LIGHT HOLDER HANGING
17586.0,1,0.676152,Medium Risk,0.0,0.5757009194925897,United Kingdom,CHARLIE & LOLA WASTEPAPER BIN FLORA
17587.0,1,0.73064107,High Risk,0.0,0.5538712095654507,United Kingdom,GRAND CHOCOLATECANDLE
17588.0,0,0.22664474,Low Risk,907.2079048488708,1.2341961028371513,United Kingdom,COLOUR GLASS. STAR T-LIGHT HOLDER
17589.0,0,0.07831226,Low Risk,7061.02910859429,6.985465377565306,United Kingdom,AGED GLASS SILVER T-LIGHT HOLDER
17591.0,0,0.59630674,Medium Risk,0.0,0.43772086888741985,United Kingdom,CHRISTMAS CARD SINGING ANGEL
17592.0,1,0.7117208,High Risk,0.0,0.3785219817564457,United Kingdom,AMETHYST DIAMANTE EXPANDABLE RING
17593.0,0,0.033323694,Low Risk,1551.5876449767695,2.4760369842855114,United Kingdom,CRAZY DAISY HEART DECORATION
17594.0,0,0.45657438,Medium Risk,0.0,0.6161816774972505,United Kingdom,JUMBO STORAGE BAG SKULLS
17596.0,0,0.06630841,Low Risk,582.5392819951275,2.557875608902882,United Kingdom,BROCADE RING PURSE 
17597.0,0,0.26474845,Low Risk,786.3210193786405,2.562448391185786,United Kingdom,SMALL RED RETROSPOT WINDMILL
17599.0,1,0.9157869,High Risk,0.0,0.0,United Kingdom,RED REINDEER STRING OF 20 LIGHTS
17602.0,1,0.5969917,Medium Risk,1747.2966360907528,5.319814066962094,United Kingdom,CACTI T-LIGHT CANDLES
17603.0,1,0.7123581,High Risk,880.6357722857744,1.450839865696131,United Kingdom,CACTI T-LIGHT CANDLES
17604.0,0,0.28832853,Low Risk,257.23476174759196,1.6958605327067908,United Kingdom,BROCADE RING PURSE 
17605.0,1,0.78554815,High Risk,0.0,0.6594681147764587,United Kingdom,WHITE DOVE HONEYCOMB PAPER GARLAND
17606.0,1,0.89143705,High Risk,0.0,0.37961420886422387,United Kingdom,SCOTTIES DESIGN BABY BIB
17608.0,0,0.43358362,Medium Risk,0.0,0.6076358805954211,United Kingdom,HYACINTH BULB T-LIGHT CANDLES
17609.0,0,0.29810822,Low Risk,217.50105749189188,1.3594124499218287,United Kingdom,ASSORTED INCENSE PACK
17610.0,1,0.5891041,Medium Risk,747.1669990385262,2.490378499949716,United Kingdom,ASSTD DESIGN BUBBLE GUM RING
17611.0,0,0.008346124,Low Risk,1932.0183444248564,5.570866424984096,United Kingdom,ASSTD DESIGN BUBBLE GUM RING
17612.0,0,0.015080573,Low Risk,1328.4572268385316,4.207569456533849,United Kingdom,HANGING HEART ZINC T-LIGHT HOLDER
17615.0,0,0.6603954,Medium Risk,0.0,0.0,United Kingdom,ANTIQUE SILVER TEA GLASS ENGRAVED
17617.0,1,0.6855131,Medium Risk,0.0,0.7856599020140338,United Kingdom,BATHROOM METAL SIGN
17618.0,0,0.05360736,Low Risk,1302.8648436934066,3.523517166892965,United Kingdom,ASSORTED COLOURS SILK FAN
17622.0,1,0.7903501,High Risk,666.7916446310968,1.38493000787987,United Kingdom,HEADS AND TAILS SPORTING FUN
17623.0,0,0.15567505,Low Risk,797.7383698507715,2.5512570195297384,United Kingdom,PEARL CRYSTAL PUMPKIN T-LIGHT HLDR
17624.0,0,0.69757354,Medium Risk,0.0,0.4004121452833612,United Kingdom,WRAP CHRISTMAS VILLAGE
17625.0,0,0.43440062,Medium Risk,1329.8214249670336,1.4758528428574138,United Kingdom,PAPER CHAIN KIT 50'S CHRISTMAS 
17626.0,1,0.7719077,High Risk,0.0,0.6220138440923555,United Kingdom,PACK OF 60 PINK PAISLEY CAKE CASES
17627.0,1,0.53284115,Medium Risk,0.0,0.0,United Kingdom,PRICE'S CANDLE PEACH
17631.0,0,0.4558585,Medium Risk,217.62485695999325,1.4390939598012311,United Kingdom,TEA PARTY  WRAPPING PAPER 
17635.0,0,0.3412969,Low Risk,587.8124871519863,1.5292589566469643,United Kingdom,ASSTD DESIGN BUBBLE GUM RING
17638.0,1,0.46410075,Medium Risk,258.5445355478217,0.8970195656942448,United Kingdom,"FOLDING UMBRELLA , RED/WHITE SPOT"
17639.0,0,0.29807523,Low Risk,372.5112245143551,3.3384762089419984,United Kingdom,MAGIC DRAWING SLATE DINOSAUR
17640.0,0,0.4102574,Medium Risk,1264.1894088967167,2.091181725014427,United Kingdom,WHITE HANGING HEART T-LIGHT HOLDER
17642.0,0,0.54557455,Medium Risk,394.9547384438326,0.8769638678173776,United Kingdom,RAIN HAT WITH RED SPOTS
17643.0,0,0.48301652,Medium Risk,0.0,0.0,United Kingdom,DOVE DECORATION PAINTED ZINC 
17644.0,0,0.18749203,Low Risk,1230.7298479666572,4.4908705911637545,United Kingdom,PACK OF 12 SUKI TISSUES 
17646.0,0,0.034809563,Low Risk,1271.66700801041,4.1948952650934945,United Kingdom,MOROCCAN TEA GLASS
17647.0,1,0.817328,High Risk,0.0,0.4723029502992123,United Kingdom,MAGIC GARDEN MOUNT FUJI
17649.0,1,0.4141133,Medium Risk,85.22901901067159,3.798071233078759,United Kingdom,ASSTD DESIGN BUBBLE GUM RING
17651.0,1,0.64428836,Medium Risk,2392.7710032142927,6.314147479340644,United Kingdom,TOY TIDY PINK RETROSPOT  
17660.0,1,0.7518384,High Risk,0.0,0.37961420886422387,United Kingdom,FAIRY DREAMS INCENSE 
17662.0,1,0.67464304,Medium Risk,68.27841409778107,0.8855689925475867,United Kingdom,KINGS CHOICE CIGAR BOX MATCHES 
17663.0,0,0.0574175,Low Risk,1858.312735952119,5.484509774645003,United Kingdom,GRAND CHOCOLATECANDLE
17664.0,1,0.7826577,High Risk,417.93088489442516,1.3440273530740519,United Kingdom,BLUE PULL BACK RACING CAR
17665.0,1,0.6956195,Medium Risk,0.0,0.0,United Kingdom,MAGIC DRAWING SLATE SPACEBOY 
17666.0,1,0.51693594,Medium Risk,2007.1959865591787,3.6191583463551193,United Kingdom,HEN HOUSE DECORATION
17667.0,0,0.26953313,Low Risk,1169.4429684885074,1.8696198009795653,United Kingdom,60 TEATIME FAIRY CAKE CASES
17669.0,1,0.722389,High Risk,1471.509770091376,2.176777496297407,United Kingdom,JUMBO BAG PINK WITH WHITE SPOTS
17672.0,0,0.5457109,Medium Risk,1626.5363150296291,1.0024020560164593,United Kingdom,PINK CREAM FELT CRAFT TRINKET BOX 
17673.0,0,0.13426098,Low Risk,1218.022448260555,2.81199872221902,United Kingdom,WHITE BAMBOO RIBS LAMPSHADE
17675.0,0,0.0066265767,Low Risk,6364.801067798223,12.647982833843738,United Kingdom,WHITE HANGING HEART T-LIGHT HOLDER
17676.0,0,0.37469038,Low Risk,573.4552004685972,2.1573745288298176,United Kingdom,HEART FILIGREE DOVE  SMALL
17677.0,0,0.015119853,Low Risk,7607.977759741696,7.450590338005405,United Kingdom,JUMBO SHOPPER VINTAGE RED PAISLEY
17678.0,1,0.550242,Medium Risk,0.0,0.6190840091617155,United Kingdom,"KEY FOB , SHED"
17679.0,1,0.5130338,Medium Risk,774.961629358117,1.9471611875341126,United Kingdom,COFFEE MUG APPLES DESIGN
17680.0,0,0.4016941,Medium Risk,0.0,0.0,United Kingdom,6 RIBBONS RUSTIC CHARM
17681.0,1,0.75981486,High Risk,304.7136155370253,2.219075617381214,United Kingdom,TRIANGULAR RIDGED GLASS POSY HOLDER
17682.0,0,0.2777499,Low Risk,1011.9562082552989,2.6880131854668563,United Kingdom,LUNCH BAG  BLACK SKULL.
17683.0,0,0.4547443,Medium Risk,409.6159474840325,1.8691561860676247,United Kingdom,ESSENTIAL BALM 3.5g TIN IN ENVELOPE
17685.0,0,0.17130722,Low Risk,780.7095211972195,1.788515335162047,United Kingdom,BLACK ENCHANTED FOREST PLACEMAT
17686.0,0,0.46245912,Medium Risk,0.0,0.9238329689040404,United Kingdom,SPACEBOY GIFT WRAP
17689.0,0,0.52101284,Medium Risk,0.0,0.0,United Kingdom,LUNCH BAG  BLACK SKULL.
17690.0,0,0.46003604,Medium Risk,595.4444559644174,1.034977275180598,United Kingdom,RED SPOTS  WRAP 
17691.0,0,0.5289059,Medium Risk,0.0,0.846417847198847,United Kingdom,HANGING HEART JAR T-LIGHT HOLDER
17692.0,0,0.1555451,Low Risk,1904.3962667816527,5.725460391985931,United Kingdom,MINI PAINT SET VINTAGE 
17694.0,1,0.37252668,Low Risk,1742.453488599926,1.783336628497826,United Kingdom,"ASSORTED FLOWER COLOUR ""LEIS"""
17695.0,0,0.61724037,Medium Risk,470.98714984125553,1.066143202913087,United Kingdom,60 TEATIME FAIRY CAKE CASES
17696.0,0,0.028637908,Low Risk,1797.0374812404964,5.186151560285055,United Kingdom,ASSORTED INCENSE PACK
17699.0,1,0.65269655,Medium Risk,576.971518417768,1.8091977319534212,United Kingdom,WHITE HANGING HEART T-LIGHT HOLDER
17700.0,0,0.021063322,Low Risk,1498.2325774104645,3.4939818293981473,United Kingdom,WHITE HANGING HEART T-LIGHT HOLDER
17705.0,1,0.79851687,High Risk,354.54045240265356,1.6672941326525683,United Kingdom,PACK OF 12 RED SPOTTY TISSUES 
17706.0,0,0.16372651,Low Risk,850.8383306302044,2.2551864127871832,United Kingdom,AFGHAN SLIPPER SOCK PAIR
17707.0,0,0.24986638,Low Risk,184.8902758884785,2.4990732610798934,United Kingdom,MOROCCAN TEA GLASS
17709.0,1,0.16264983,Low Risk,320.8086475828937,3.1711589348473894,United Kingdom,DECORATION  BUTTERFLY  MAGIC GARDEN
17713.0,0,0.52039176,Medium Risk,743.4256332687945,1.957512374763127,United Kingdom,STRAWBERRY CERAMIC TRINKET BOX
17714.0,0,0.1951314,Low Risk,1070.8618323087273,4.035889455757005,United Kingdom,HEART OF WICKER SMALL
17715.0,1,0.80001014,High Risk,0.0,0.6529152259023473,United Kingdom,LARGE CIRCULAR MIRROR MOBILE
17716.0,0,0.042157464,Low Risk,4579.261004445443,4.024612485676423,United Kingdom,WHITE HANGING HEART T-LIGHT HOLDER
17718.0,1,0.661187,Medium Risk,0.0,0.518896018407841,United Kingdom,FAIRY CAKES NOTEBOOK A6 SIZE
17720.0,0,0.2926934,Low Risk,861.1480625842083,2.63114459749115,United Kingdom,CACTI T-LIGHT CANDLES
17721.0,1,0.81237894,High Risk,0.0,0.4898976711514225,United Kingdom,CHERRY BLOSSOM TABLE CLOCK 
17726.0,0,0.2921317,Low Risk,236.995135557029,1.6893983575177638,United Kingdom,ANTIQUE SILVER TEA GLASS ETCHED
17729.0,1,0.70771146,High Risk,0.0,0.6401929720168921,United Kingdom,GROW YOUR OWN PLANT IN A CAN 
17730.0,0,0.23398177,Low Risk,1177.2998799335467,3.3956743449175306,United Kingdom,HEART OF WICKER SMALL
17731.0,1,0.56315553,Medium Risk,128.38343740592305,1.064606807690441,United Kingdom,KASHMIR FOLKART TUMBLERS
17732.0,0,0.17835924,Low Risk,1520.490785200537,5.133369216233383,United Kingdom,RED CHARLIE+LOLA PERSONAL DOORSIGN
17734.0,1,0.4503582,Medium Risk,454.67946481515867,1.9582039384261176,United Kingdom,MOROCCAN TEA GLASS
17735.0,0,0.40213838,Medium Risk,843.2872157377242,2.908161393570494,United Kingdom,GLASS JAR ENGLISH CONFECTIONERY
17738.0,0,0.3157729,Low Risk,1092.1612549954546,2.8086133550344594,United Kingdom,PLACE SETTING WHITE HEART
17739.0,0,0.06397456,Low Risk,1713.860473865488,4.0838289569882225,United Kingdom,HANGING HEART JAR T-LIGHT HOLDER
17740.0,0,0.6323371,Medium Risk,199.45594610305665,2.1933601578851034,United Kingdom,SET/6 PINK  BUTTERFLY T-LIGHTS
17741.0,0,0.54800093,Medium Risk,0.0,0.7763726947134019,United Kingdom,12 PENCILS SMALL TUBE RED SPOTTY
17742.0,0,0.026998095,Low Risk,831.5355259642783,4.013404011452631,United Kingdom,VICTORIAN  METAL POSTCARD SPRING
17745.0,1,0.68027085,Medium Risk,260.9584124120564,1.8749080683043717,United Kingdom,GRAND CHOCOLATECANDLE
17746.0,1,0.3863282,Low Risk,670.064898646821,1.4058228309099468,United Kingdom,ASSTD DESIGN BUBBLE GUM RING
17748.0,1,0.75816435,High Risk,0.0,0.0,United Kingdom,CERAMIC HEART FAIRY CAKE MONEY BANK
17749.0,1,0.661599,Medium Risk,0.0,0.846417847198847,United Kingdom,HEART DECORATION PAINTED ZINC 
17753.0,1,0.72621137,High Risk,307.90667137007154,1.5813274375988584,United Kingdom,WHITE BEADED GARLAND STRING 20LIGHT
17754.0,0,0.0616854,Low Risk,1340.2409533370114,3.0630763008856703,United Kingdom,JUMBO BAG RED RETROSPOT
17757.0,0,0.32002473,Low Risk,1080.253743692,8.730157997888117,United Kingdom,WORLD WAR 2 GLIDERS ASSTD DESIGNS
17758.0,0,0.31736708,Low Risk,0.0,0.741323072590564,United Kingdom,MINI HIGHLIGHTER PENS
17759.0,0,0.8364752,High Risk,0.0,0.6834781815855456,United Kingdom,DINOSAUR KEYRINGS ASSORTED
17760.0,0,0.2743271,Low Risk,135.83410556485285,1.1199704698220903,United Kingdom,SMALL HANGING IVORY/RED WOOD BIRD
17762.0,1,0.8352208,High Risk,0.0,0.0,United Kingdom,ASSTD DESIGN BUBBLE GUM RING
17763.0,1,0.796172,High Risk,71.4253632414263,1.0377090801053634,United Kingdom,JUMBO BAG SPACEBOY DESIGN
17764.0,0,0.09386861,Low Risk,310.2338573729578,0.8869192823994405,United Kingdom,IVORY HANGING DECORATION  BIRD
17768.0,0,0.5573938,Medium Risk,194.4175696703461,0.8399366589395552,United Kingdom,ASSTD DESIGN BUBBLE GUM RING
17769.0,0,0.19480239,Low Risk,961.9600629169479,2.25229956041297,United Kingdom,ASSORTED COLOUR BIRD ORNAMENT
17771.0,0,0.9017087,High Risk,0.0,0.6627941955103621,United Kingdom,WRAP CHRISTMAS SCREEN PRINT
17773.0,1,0.677983,Medium Risk,264.5057261382789,1.0254928886594157,United Kingdom,ANTIQUE SILVER TEA GLASS ETCHED
17774.0,0,0.22005662,Low Risk,1045.6795708864565,2.4175758018239195,United Kingdom,ASSTD DESIGN BUBBLE GUM RING
17776.0,0,0.46315604,Medium Risk,0.0,0.39559565209882885,United Kingdom,ASSTD DESIGN BUBBLE GUM RING
17778.0,1,0.7908702,High Risk,0.0,0.48627452792497006,United Kingdom,"KEY FOB , BACK DOOR "
17780.0,1,0.64663327,Medium Risk,229.64648521329676,0.9589237202969112,United Kingdom,SMALL SPOTTY CHOCOLATE GIFT BAG 
17783.0,1,0.8639687,High Risk,0.0,0.0,United Kingdom,PRICE'S CANDLE PEACH
17784.0,1,0.6547492,Medium Risk,0.0,0.8251458288756056,United Kingdom,SKULLS GREETING CARD
17785.0,0,0.66686916,Medium Risk,0.0,0.7540889284243036,United Kingdom,LOVEBIRD HANGING DECORATION WHITE 
17789.0,1,0.75778973,High Risk,0.0,0.48627452792497006,United Kingdom,IVORY HANGING DECORATION  BIRD
17790.0,0,0.1559837,Low Risk,572.6003258367999,4.394886362174788,United Kingdom,HEART OF WICKER SMALL
17792.0,1,0.6752626,Medium Risk,519.221035255734,3.539241743388102,United Kingdom,FANCY FONTS BIRTHDAY WRAP
17794.0,1,0.8888004,High Risk,18.816324557633383,0.904509531855433,United Kingdom,BIG DOUGHNUT FRIDGE MAGNETS
17797.0,0,0.25856185,Low Risk,516.0011632652547,2.0159037917146847,United Kingdom,WHITE HANGING HEART T-LIGHT HOLDER
17798.0,1,0.69623053,Medium Risk,0.0,0.6906631232847503,United Kingdom,FANCY FONTS BIRTHDAY WRAP
17799.0,0,0.033669103,Low Risk,1530.7658613101787,3.081375715866317,United Kingdom,REX CASH+CARRY JUMBO SHOPPER
17801.0,0,0.33574829,Low Risk,158.35074333648578,1.0166880460050145,United Kingdom,ASSORTED INCENSE PACK
17802.0,0,0.06553528,Low Risk,1317.9979649505653,2.0057684623993373,United Kingdom,WHITE HANGING HEART T-LIGHT HOLDER
17804.0,0,0.07344939,Low Risk,153.6053249431658,0.8827060738339582,United Kingdom,PLACE SETTING WHITE STAR
17805.0,1,0.84922665,High Risk,0.0,0.5993241490614548,United Kingdom,WHITE JEWELLED HEART DECORATION
17807.0,0,0.21421675,Low Risk,135.85278767261096,0.9690531069147997,United Kingdom,HANGING JAM JAR T-LIGHT HOLDER
17808.0,1,0.5387476,Medium Risk,180.44839724019542,3.5273967177681764,United Kingdom,PLACE SETTING WHITE HEART
17809.0,0,0.19012679,Low Risk,1632.5127967459402,2.9832271693710073,United Kingdom,PINK CHERRY LIGHTS
17810.0,1,0.80798435,High Risk,78.81276617561272,0.9585687024178448,United Kingdom,WHITE HANGING HEART T-LIGHT HOLDER
17812.0,0,0.55792284,Medium Risk,0.0,0.9437557509843948,United Kingdom,MULTI COLOUR SILVER T-LIGHT HOLDER
17816.0,0,0.50898564,Medium Risk,41.318282850764696,0.8832266161108987,United Kingdom,ANTIQUE SILVER TEA GLASS ENGRAVED
17818.0,1,0.8469007,High Risk,0.0,0.37961420886422387,United Kingdom,WRAP WINTER FOREST
17819.0,0,0.2501826,Low Risk,1094.7091879112907,2.0030702081674607,United Kingdom,WORLD WAR 2 GLIDERS ASSTD DESIGNS
17822.0,0,0.78802276,High Risk,0.0,0.7763726947134019,United Kingdom,HEART DECORATION WITH PEARLS 
17825.0,1,0.72598994,High Risk,294.5188120095389,0.9056078067377299,United Kingdom,WOODEN BOX OF DOMINOES
17827.0,1,0.6686923,Medium Risk,0.0,0.5707022922724782,United Kingdom,ASSTD DESIGN BUBBLE GUM RING
17829.0,0,0.14107913,Low Risk,2899.439321935502,1.165659787462097,United Arab Emirates,BIG DOUGHNUT FRIDGE MAGNETS
17833.0,1,0.6632421,Medium Risk,0.0,0.39559565209882885,United Kingdom,BATHROOM METAL SIGN
17838.0,0,0.096969716,Low Risk,2132.9715037401756,5.074421601780339,United Kingdom,WORLD WAR 2 GLIDERS ASSTD DESIGNS
17841.0,0,0.03170282,Low Risk,10728.361999153018,32.66075444531141,United Kingdom,DISCO BALL CHRISTMAS DECORATION
17842.0,1,0.7542134,High Risk,0.0,0.6220138440923555,United Kingdom,RETRO SPOT STORAGE JAR
17845.0,1,0.5734528,Medium Risk,290.6679340740636,1.6133401855234049,United Kingdom,CACTI T-LIGHT CANDLES
17847.0,1,0.9037119,High Risk,135.52045765338337,1.2055044547285536,United Kingdom,SQUARE MIRROR CURTAIN
17848.0,0,0.17837042,Low Risk,1095.8334281487837,7.757647789186168,United Kingdom,WRAP ENGLISH ROSE 
17849.0,1,0.4230973,Medium Risk,298.88072342148564,2.015721293695652,United Kingdom,ASSTD DESIGN BUBBLE GUM RING
17850.0,0,0.09066641,Low Risk,18677.167563851624,9.305885814600972,United Kingdom,WOODEN FRAME ANTIQUE WHITE 
17851.0,0,0.061522834,Low Risk,726.5794635045686,2.4691423718992214,United Kingdom,SET OF THREE VINTAGE GIFT WRAPS
17852.0,0,0.6105836,Medium Risk,279.1879267898203,0.7778017840447455,United Kingdom,CHRISTMAS HANGING STAR WITH BELL
17853.0,0,0.23679017,Low Risk,520.428206927599,0.8922854799791485,United Kingdom,ASSORTED COLOUR BIRD ORNAMENT
17854.0,1,0.2743489,Low Risk,495.41920052551586,1.446365222172261,United Kingdom,WORLD WAR 2 GLIDERS ASSTD DESIGNS
17857.0,0,0.45606056,Medium Risk,0.0,0.5251130260484276,United Kingdom,MINI PAINT SET VINTAGE 
17858.0,0,0.017939668,Low Risk,2984.2992581288554,5.1255729913966706,United Kingdom,DISCO BALL CHRISTMAS DECORATION
17860.0,0,0.3731664,Low Risk,0.0,0.38973569242301676,United Kingdom,DISCO BALL CHRISTMAS DECORATION
17861.0,0,0.077401295,Low Risk,1109.4856699374623,3.5867396668007756,United Kingdom,WORLD WAR 2 GLIDERS ASSTD DESIGNS
17862.0,0,0.6089778,Medium Risk,0.0,0.7628469375153665,United Kingdom,DINOSAURS  WRITING SET 
17863.0,0,0.37263244,Low Risk,965.2883406581312,2.574364866782719,United Kingdom,"ELEPHANT, BIRTHDAY CARD, "
17865.0,0,0.05224657,Low Risk,6151.402915187578,7.6475334271197575,United Kingdom,AREA PATROLLED METAL SIGN
17866.0,1,0.6312422,Medium Risk,736.6808293700243,0.9210961064941074,United Kingdom,ECONOMY PASSPORT COVER 
17867.0,0,0.6560661,Medium Risk,188.09249903246956,3.5042770819300855,United Kingdom,LAVENDER SCENTED FABRIC HEART
17869.0,0,0.637112,Medium Risk,559.937681076169,1.9736795156263438,United Kingdom,CINNAMON SCENTED VOTIVE CANDLE
17871.0,0,0.4899877,Medium Risk,361.1030033164933,1.003469661165824,United Kingdom,VICTORIAN GLASS HANGING T-LIGHT
17873.0,0,0.09395943,Low Risk,1488.6252675181813,3.6520609930448296,United Kingdom,AREA PATROLLED METAL SIGN
17875.0,1,0.7285908,High Risk,0.0,0.4421351361316005,United Kingdom,75 BLACK FAIRY CAKE CASES
17876.0,0,0.2978821,Low Risk,1080.7351303928242,1.0542209576119108,United Kingdom,KASHMIR FOLKART TUMBLERS
17880.0,1,0.5649642,Medium Risk,211.28476885962098,0.8796233566369173,United Kingdom,12 PENCILS TALL TUBE SKULLS
17883.0,1,0.4548627,Medium Risk,225.62533048160327,1.1681817457693615,United Kingdom,RED TOADSTOOL LED NIGHT LIGHT
17884.0,0,0.03829361,Low Risk,905.1325019332294,4.572129794105201,United Kingdom,WORLD WAR 2 GLIDERS ASSTD DESIGNS
17886.0,0,0.676756,Medium Risk,317.6522161780198,1.5550158991236067,United Kingdom,SCOTTIES CHILDRENS APRON
17888.0,0,0.39547318,Low Risk,539.4539453093049,6.462714631847217,United Kingdom,VICTORIAN GLASS HANGING T-LIGHT
17889.0,0,0.8109016,High Risk,0.0,0.5782332510400658,United Kingdom,BLUE POLKADOT BOWL
17894.0,0,0.5748151,Medium Risk,0.0,0.0,United Kingdom,WHITE HANGING HEART T-LIGHT HOLDER
17897.0,0,0.35718673,Low Risk,1416.8108886469217,3.6318464232534797,United Kingdom,ASSTD DESIGN BUBBLE GUM RING
17898.0,0,0.6703676,Medium Risk,0.0,0.7455299958572692,United Kingdom,COWBOYS AND INDIANS BIRTHDAY CARD 
17901.0,1,0.9071831,High Risk,0.0,0.0,United Kingdom,RETROSPOT PADDED SEAT CUSHION
17902.0,1,0.6390155,Medium Risk,0.0,0.846417847198847,United Kingdom,MINI HIGHLIGHTER PENS
17905.0,0,0.34307456,Low Risk,764.5285855292536,4.192885945878319,United Kingdom,"FEATHER PEN,HOT PINK"
17907.0,1,0.70665246,High Risk,0.0,0.5272186349843028,United Kingdom,JASMINE VOTIVE CANDLE
17908.0,0,0.22437437,Low Risk,220.48903915123788,1.4719580278605089,United Kingdom,PIECE OF CAMO STATIONERY SET
17909.0,1,0.88202065,High Risk,0.0,0.37961420886422387,United Kingdom,GLITTER STAR GARLAND WITH BELLS 
17910.0,1,0.51697534,Medium Risk,0.0,0.3920587028572731,United Kingdom,GREEN CAT FLORAL CUSHION COVER 
17913.0,0,0.037807077,Low Risk,1250.4662125133402,4.036324772970794,United Kingdom,ANTIQUE SILVER TEA GLASS ETCHED
17915.0,1,0.73592633,High Risk,0.0,0.8199940768413364,United Kingdom,CHINESE DRAGON PAPER LANTERNS
17916.0,1,0.85092574,High Risk,23.46010777732725,0.876762201514883,United Kingdom,HEAVENS SCENT FRAGRANCE OILS ASSTD
17918.0,1,0.59166694,Medium Risk,648.0554492083776,4.313555128154303,United Kingdom,MULTI COLOUR SILVER T-LIGHT HOLDER
17920.0,0,0.09153465,Low Risk,9369.689404453142,15.11815918177184,United Kingdom,LUNCH BAG RED SPOTTY
17921.0,0,0.2579003,Low Risk,1437.000230512603,4.066517897025824,United Kingdom,3 HEARTS HANGING DECORATION RUSTIC
17922.0,1,0.6180109,Medium Risk,0.0,0.8631069160412602,United Kingdom,SMALL SILVER TRELLIS CANDLEPOT
17923.0,1,0.68876904,Medium Risk,252.44199168293815,1.9701098976108482,United Kingdom,PARTY BUNTING
17926.0,0,0.525236,Medium Risk,358.8887100949347,1.6389479166900014,United Kingdom,RED TOADSTOOL LED NIGHT LIGHT
17927.0,1,0.72958803,High Risk,0.0,0.397989315251786,United Kingdom,CHOCOLATE CALCULATOR
17928.0,1,0.80934197,High Risk,0.0,0.7289827944259449,United Kingdom,LUNCH BAG  BLACK SKULL.
17929.0,0,0.15376246,Low Risk,356.3618730838387,1.9819856705839125,United Kingdom,LOVE BUILDING BLOCK WORD
17930.0,0,0.26253998,Low Risk,1407.3674317843775,4.0648489066422995,United Kingdom,"ASSORTED FLOWER COLOUR ""LEIS"""
17931.0,0,0.14568144,Low Risk,1549.503539843205,4.490738030914265,United Kingdom,SMALL POPCORN HOLDER
17933.0,1,0.7511524,High Risk,0.0,0.5446922471660814,United Kingdom,3 PINK HEN+CHICKS IN BASKET
17935.0,0,0.42033857,Medium Risk,129.86183920628477,0.8729992169602752,United Kingdom,SET/3 RUSSIAN DOLL STACKING TINS
17940.0,0,0.15301195,Low Risk,12540.034096931855,1.9458200424908374,United Kingdom,PACK OF 12 SUKI TISSUES 
17941.0,1,0.6202366,Medium Risk,620.6829234883021,1.5780027409850457,United Kingdom,HANGING JAM JAR T-LIGHT HOLDER
17945.0,1,0.7440565,High Risk,0.0,0.43055658977677796,United Kingdom,12 PENCILS TALL TUBE SKULLS
17949.0,0,0.01622725,Low Risk,22145.23717397989,17.561785651516686,United Kingdom,SMALL POPCORN HOLDER
17950.0,0,0.2718712,Low Risk,344.96294924128125,1.5705766734252322,United Kingdom,SKULLS AND CROSSBONES WRAP
17952.0,0,0.29784226,Low Risk,0.0,0.8746040156777243,United Kingdom,RED GINGHAM TEDDY BEAR 
17953.0,1,0.7026792,High Risk,0.0,0.8804683698321731,United Kingdom,Manual
17954.0,0,0.15015505,Low Risk,557.8608344507805,2.511952251673974,United Kingdom,DISCO BALL CHRISTMAS DECORATION
17955.0,1,0.66504675,Medium Risk,459.82039984019815,1.0212401396088928,United Kingdom,PORCELAIN ROSE SMALL
17958.0,1,0.6717733,Medium Risk,0.0,0.38973569242301676,United Kingdom,SET OF 4 DIAMOND NAPKIN RINGS
17959.0,1,0.77749133,High Risk,0.0,0.6529152259023473,United Kingdom,GLITTER BUTTERFLY CLIPS
17960.0,1,0.90326756,High Risk,80.17916292724293,1.2230771076911875,United Kingdom,LAVENDER SCENTED FABRIC HEART
17961.0,0,0.10940574,Low Risk,776.5311219969477,21.145110305638028,United Kingdom,WORLD WAR 2 GLIDERS ASSTD DESIGNS
17962.0,1,0.42588806,Medium Risk,245.81805331827908,1.0035301627799118,United Kingdom,ASSORTED INCENSE PACK
17963.0,1,0.28806156,Low Risk,379.7679740559935,2.2551973308735933,United Kingdom,FOLK ART METAL STAR T-LIGHT HOLDER
17965.0,0,0.008824925,Low Risk,1752.553943028372,5.787878543131328,United Kingdom,GIN & TONIC DIET GREETING CARD 
17966.0,1,0.7394578,High Risk,438.18703810085754,1.6409082956031145,United Kingdom,PINK SPOTS  WRAP 
17968.0,0,0.5492337,Medium Risk,0.0,0.0,United Kingdom,PACK 3 BOXES BIRD PANNETONE 
17969.0,1,0.6373563,Medium Risk,1125.4372278448056,9.33518721209478,United Kingdom,METAL TUBE CHIME ON BAMBOO
17971.0,1,0.64683473,Medium Risk,0.0,0.835646291656766,United Kingdom,COFFEE MUG APPLES DESIGN
17975.0,0,0.2956367,Low Risk,592.0055066977509,3.116993297199501,United Kingdom,HOME BUILDING BLOCK WORD
17978.0,0,0.2342075,Low Risk,170.15084737964204,0.832106559662499,United Kingdom,ANGEL DECORATION 3 BUTTONS 
17982.0,1,0.84733087,High Risk,0.0,0.45435423131461855,United Kingdom,PACK OF 12 HEARTS DESIGN TISSUES 
17984.0,0,0.27650982,Low Risk,245.8794973564487,0.8858814056908946,United Kingdom,FOOD/DRINK SPONGE STICKERS
17987.0,0,0.34394482,Low Risk,0.0,0.8251458288756056,United Kingdom,GROW A FLYTRAP OR SUNFLOWER IN TIN
17988.0,1,0.8417592,High Risk,79.887337255523,3.027107237298451,United Kingdom,CHINESE DRAGON PAPER LANTERNS
17990.0,0,0.3019707,Low Risk,224.81774601845123,0.8971000115353117,United Kingdom,GLITTER BUTTERFLY CLIPS
17991.0,1,0.6809794,Medium Risk,0.0,0.6561752904547492,United Kingdom,BIRTHDAY BANQUET GIFT WRAP
17993.0,1,0.76409715,High Risk,0.0,0.5807879842534002,United Kingdom,PINK JUMPER LARRY THE LAMB
17994.0,0,0.10766442,Low Risk,766.7996283012025,3.721107897066215,United Kingdom,BOYS ALPHABET IRON ON PATCHES
17996.0,0,0.499531,Medium Risk,0.0,0.846417847198847,United Kingdom,DINOSAUR KEYRINGS ASSORTED
17998.0,0,0.18804416,Low Risk,83.53873140803103,0.738724539567244,United Kingdom,HEART CALCULATOR
18000.0,1,0.81735736,High Risk,0.0,0.758442616495476,United Kingdom,HANGING RIDGE GLASS T-LIGHT HOLDER
18001.0,0,0.32701108,Low Risk,112.2683366947472,0.8836932140780682,United Kingdom,BLUE SPOTS  WRAP
18002.0,0,0.34957784,Low Risk,107.44571424315826,1.4456834515215946,United Kingdom,RAIN HAT WITH RED SPOTS
18006.0,0,0.4851374,Medium Risk,306.3475866413412,0.9078531006082431,United Kingdom,SILVER LATTICE VANILLA CANDLE POT
18008.0,0,0.023287477,Low Risk,9663.13630571915,5.63702772924581,United Kingdom,PINK PAPER PARASOL 
18009.0,1,0.49685532,Medium Risk,1349.782079216863,3.9509417413976307,United Kingdom,WHITE HANGING HEART T-LIGHT HOLDER
18011.0,0,0.5986973,Medium Risk,0.0,0.7455299958572692,United Kingdom,GOLD PRINT PAPER BAG
18012.0,1,0.73581594,High Risk,0.0,0.39559565209882885,United Kingdom,WRAP BLUE REINDEER
18016.0,0,0.6753161,Medium Risk,0.0,0.45279000275600834,United Kingdom,SKULLS DESIGN FLANNEL
18020.0,1,0.65437955,Medium Risk,0.0,0.8631069160412602,United Kingdom,DOLPHIN WINDMILL
18021.0,1,0.7204178,High Risk,363.84566315023585,2.498725332471023,United Kingdom,FANCY FONTS BIRTHDAY WRAP
18022.0,0,0.32328936,Low Risk,0.0,0.846417847198847,United Kingdom,DINOSAUR KEYRINGS ASSORTED
18025.0,0,0.48748404,Medium Risk,381.3366465248465,1.320878833078837,United Kingdom,GLITTER SNOW PEAR TREE DECORATION
18026.0,1,0.8938682,High Risk,4305.774268955191,2.6647566654570918,United Kingdom,TEA COSY RED  STRIPE
18028.0,1,0.7697766,High Risk,0.0,0.6834781815855456,United Kingdom,SMALL STRIPES CHOCOLATE GIFT BAG 
18029.0,1,0.7766578,High Risk,0.0,0.5230241862181184,United Kingdom,SMALL TAHITI BEACH BAG
18036.0,0,0.08733662,Low Risk,495.8976327867123,3.128389729010542,United Kingdom,ROTATING SILVER ANGELS T-LIGHT HLDR
18037.0,0,0.3098661,Low Risk,35.843882410240965,3.4910494419724247,United Kingdom,POLYESTER FILLER PAD 65CMx65CM
18038.0,1,0.6437476,Medium Risk,0.0,0.7951723118854475,United Kingdom,BASKET OF TOADSTOOLS
18039.0,0,0.21890162,Low Risk,281.3888910746154,1.9731685704909516,United Kingdom,WORLD WAR 2 GLIDERS ASSTD DESIGNS
18041.0,0,0.070241354,Low Risk,1676.1569000823897,5.785984303993328,United Kingdom,SET/20 RED SPOTTY PAPER NAPKINS 
18042.0,1,0.8061023,High Risk,0.0,0.8746040156777243,United Kingdom,CLOTHES PEGS RETROSPOT PACK 24 
18044.0,0,0.37586662,Low Risk,878.0505473300818,2.9030107059306722,United Kingdom,REGENCY CAKESTAND 3 TIER
18046.0,1,0.65160257,Medium Risk,0.0,0.5088554614659272,United Kingdom,LARGE CIRCULAR MIRROR MOBILE
18048.0,1,0.7872005,High Risk,0.0,0.0,United Kingdom,PACK OF 12 HEARTS DESIGN TISSUES 
18049.0,0,0.2708563,Low Risk,0.0,0.6594681147764587,United Kingdom,3D DOG PICTURE PLAYING CARDS
18051.0,1,0.85795987,High Risk,1176.9772481681562,3.5108218806792886,United Kingdom,PACK OF 72 RETRO SPOT CAKE CASES
18052.0,1,0.8910226,High Risk,0.0,0.758442616495476,United Kingdom,PERIWINKLE T-LIGHT HOLDER
18053.0,1,0.75553197,High Risk,89.56966511126092,2.2044039313134944,United Kingdom,COFFEE MUG APPLES DESIGN
18056.0,1,0.7410768,High Risk,0.0,0.5782332510400658,United Kingdom,"DECORATION , HANGING METAL RABBIT"
18057.0,0,0.26275977,Low Risk,845.062366141329,1.0039493374588142,United Kingdom,TEATIME GEL PENS ASST
18058.0,1,0.60803,Medium Risk,410.6625906739108,1.1052810112896925,United Kingdom,WHITE HANGING HEART T-LIGHT HOLDER
18060.0,0,0.47233546,Medium Risk,0.0,0.758442616495476,United Kingdom,TEATIME GEL PENS ASST
18061.0,0,0.02271077,Low Risk,1633.3695025550833,6.66662670747704,United Kingdom,HANGING HEART ZINC T-LIGHT HOLDER
18062.0,0,0.6972948,Medium Risk,0.0,0.6370895928567077,United Kingdom,INFLATABLE POLITICAL GLOBE 
18063.0,0,0.6510477,Medium Risk,0.0,0.542444897009681,United Kingdom,SCOTTIE DOG HOT WATER BOTTLE
18064.0,0,0.17220935,Low Risk,1811.4971808397931,3.6219207454110927,United Kingdom,LARGE CIRCULAR MIRROR MOBILE
18065.0,0,0.08239936,Low Risk,1282.8892160134628,3.5765102010876837,United Kingdom,WHITE HANGING HEART T-LIGHT HOLDER
18069.0,0,0.33951467,Low Risk,961.7242332727258,1.9032840614605164,United Kingdom,ASSTD DESIGN BUBBLE GUM RING
18070.0,1,0.877432,High Risk,0.0,0.4723029502992123,United Kingdom,HOME GARLAND PAINTED ZINC 
18071.0,0,0.14193305,Low Risk,387.4423149065898,1.43363826071886,United Kingdom,ANTIQUE GLASS HEART DECORATION 
18074.0,0,0.48736477,Medium Risk,0.0,0.0,United Kingdom,COLOUR GLASS T-LIGHT HOLDER HANGING
18075.0,0,0.20290549,Low Risk,484.0387402193072,2.8847081024324477,United Kingdom,IVORY HANGING DECORATION  HEART
18077.0,0,0.066698626,Low Risk,562.6456260671339,3.027307299980752,United Kingdom,RAIN HAT WITH RED SPOTS
18078.0,0,0.70696974,High Risk,0.0,0.5538712095654507,United Kingdom,BROCADE RING PURSE 
18079.0,1,0.7115975,High Risk,0.0,0.0,United Kingdom,PACK OF 12 LONDON TISSUES 
18085.0,0,0.71152204,High Risk,0.0,0.5538712095654507,United Kingdom,PACK OF 12 STICKY BUNNIES
18087.0,0,0.05251688,Low Risk,4542.657292127194,3.4937256747455727,United Kingdom,PINK DOUGHNUT TRINKET POT 
18091.0,1,0.6096577,Medium Risk,0.0,0.6496874343202717,United Kingdom,FANCY FONTS BIRTHDAY WRAP
18092.0,0,0.09580904,Low Risk,2430.7568970803804,3.0007968777168825,United Kingdom,MOROCCAN TEA GLASS
18093.0,0,0.42166755,Medium Risk,1640.1934434450434,2.1670322940118676,United Kingdom,PACK OF 12 LONDON TISSUES 
18094.0,0,0.28819624,Low Risk,1013.4426992401417,2.165557479586968,United Kingdom,STRAWBERRY CERAMIC TRINKET BOX
18095.0,0,0.31923544,Low Risk,706.4103902826266,1.4207294910810777,United Kingdom,MINI PAINT SET VINTAGE 
18096.0,0,0.2209301,Low Risk,441.0512562517857,2.4829696291168757,United Kingdom,ASS COL SMALL SAND GECKO P'WEIGHT
18097.0,0,0.20095639,Low Risk,732.788829030153,1.4856326218352087,United Kingdom,SET/6 PINK  BUTTERFLY T-LIGHTS
18100.0,1,0.67892396,Medium Risk,0.0,0.8251458288756056,United Kingdom,BROCADE RING PURSE 
18101.0,0,0.61776274,Medium Risk,0.0,0.46397158674080524,United Kingdom,GLITTER SNOW PEAR TREE DECORATION
18102.0,0,0.029834824,Low Risk,142088.24260156887,18.54916036252633,United Kingdom,BLACK HEART CARD HOLDER
18103.0,1,0.7513714,High Risk,0.0,0.8303628178208423,United Kingdom,PINK DOUGHNUT TRINKET POT 
18106.0,1,0.45874083,Medium Risk,641.2522906234718,1.6283689188223964,United Kingdom,WHITE HANGING HEART T-LIGHT HOLDER
18108.0,1,0.5675607,Medium Risk,93.69268375104775,0.875757917388766,United Kingdom,ZINC METAL HEART DECORATION
18109.0,0,0.18962517,Low Risk,675.8576650234799,4.983867101455778,United Kingdom,PLACE SETTING WHITE HEART
18111.0,1,0.6609631,Medium Risk,0.0,0.6627941955103621,United Kingdom,SKULLS WRAP
18112.0,0,0.6316108,Medium Risk,0.0,0.8199940768413364,United Kingdom,POLKADOT PEN
18115.0,1,0.794361,High Risk,0.0,0.42915180830609795,United Kingdom,LUNCH BAG  BLACK SKULL.
18123.0,1,0.8926726,High Risk,0.0,0.0,United Kingdom,RED  EGG  SPOON
18124.0,1,0.6330367,Medium Risk,0.0,0.0,United Kingdom,DAIRY MAID STRIPE MUG
18128.0,1,0.7007845,High Risk,0.0,0.8985437110577088,United Kingdom,BROCADE RING PURSE 
18131.0,1,0.6765421,Medium Risk,0.0,0.546958316501111,United Kingdom,DINOSAUR KEYRINGS ASSORTED
18132.0,1,0.79005814,High Risk,0.0,0.0,United Kingdom,WRAP BLIZZARD
18134.0,1,0.64348435,Medium Risk,176.59039392883616,0.9938728491836044,United Kingdom,MOROCCAN TEA GLASS
18135.0,0,0.27553684,Low Risk,198.3356734712965,2.0230619012765962,United Kingdom,ANTIQUE SILVER TEA GLASS ENGRAVED
18137.0,1,0.68851626,Medium Risk,0.0,0.8199940768413364,United Kingdom,EMPIRE BIRTHDAY CARD
18140.0,1,0.40125751,Medium Risk,0.0,0.0,West Indies,BROCADE RING PURSE 
18141.0,0,0.4782286,Medium Risk,0.0,0.6627941955103621,United Kingdom,DINOSAUR KEYRINGS ASSORTED
18144.0,0,0.088958174,Low Risk,658.738893544256,2.5668500304620703,United Kingdom,ASSORTED COLOUR BIRD ORNAMENT
18145.0,0,0.12621999,Low Risk,1102.2838957583406,2.5061927364578036,United Kingdom,ASSORTED COLOUR SILK COIN PURSE
18148.0,1,0.76775587,High Risk,0.0,0.514832571831334,United Kingdom,JAPANESE CROCHETED ANIMAL
18149.0,0,0.24868864,Low Risk,468.91603005399037,2.0159487225130905,United Kingdom,FOLKART ZINC HEART CHRISTMAS DEC
18151.0,0,0.29638892,Low Risk,539.7720701903036,1.9331580437485831,United Kingdom,FANCY FONTS BIRTHDAY WRAP
18152.0,1,0.7560693,High Risk,0.0,0.514832571831334,United Kingdom,BATH BUILDING BLOCK WORD
18153.0,1,0.8594358,High Risk,0.0,0.4898976711514225,United Kingdom,HEART IVORY TRELLIS SMALL
18154.0,0,0.742638,High Risk,0.0,0.0,United Kingdom,HANGING HEART JAR T-LIGHT HOLDER
18157.0,1,0.6192779,Medium Risk,0.0,0.7289827944259449,United Kingdom,ASSORTED CREEPY CRAWLIES
18162.0,1,0.92999697,High Risk,0.0,0.38517135175621425,United Kingdom,PIECE OF CAMO STATIONERY SET
18163.0,1,0.5868744,Medium Risk,0.0,0.6799415491103794,United Kingdom,PACK OF 12 HEARTS DESIGN TISSUES 
18166.0,1,0.748945,High Risk,0.0,0.565789814775177,United Kingdom,RED  HARMONICA IN BOX 
18168.0,0,0.047226448,Low Risk,941.1665183165735,4.036305542568191,United Kingdom,STRAWBERRY CERAMIC TRINKET BOX
18170.0,0,0.3843789,Low Risk,725.6589304035527,2.173534936727831,United Kingdom,PACK OF 12 HEARTS DESIGN TISSUES 
18171.0,1,0.43104583,Medium Risk,692.0042208951376,2.153930890170231,United Kingdom,WHITE HANGING HEART T-LIGHT HOLDER
18172.0,0,0.035251215,Low Risk,3658.156638337775,7.339841628416331,United Kingdom,WHITE HANGING HEART T-LIGHT HOLDER
18173.0,1,0.76729095,High Risk,0.0,0.5939083220343585,United Kingdom,HANGING HEART ZINC T-LIGHT HOLDER
18174.0,1,0.91254956,High Risk,0.0,0.6190840091617155,United Kingdom,RED RETROSPOT JUMBO BAG 
18175.0,1,0.7539783,High Risk,0.0,0.46234049361192764,United Kingdom,STRAWBERRY CERAMIC TRINKET BOX
18177.0,1,0.5039776,Medium Risk,440.3600857561067,1.4753003634845387,United Kingdom,POSY CANDY BAG
18178.0,0,0.13735332,Low Risk,1813.570668799932,3.179897686414731,United Kingdom,WORLD WAR 2 GLIDERS ASSTD DESIGNS
18179.0,1,0.60948324,Medium Risk,619.0584973655662,1.1251681695106632,United Kingdom,RED SPOTTY PEG BAG
18181.0,0,0.22253783,Low Risk,154.81425328361212,1.4281539473852212,United Kingdom,COLOUR GLASS T-LIGHT HOLDER HANGING
18182.0,1,0.51347333,Medium Risk,0.0,0.0,United Kingdom,VINTAGE RED MUG
18186.0,1,0.77430457,High Risk,0.0,0.3967888708502297,United Kingdom,FUNKY MONKEY GIFT BAG MEDIUM
18187.0,1,0.74868476,High Risk,0.0,0.546958316501111,United Kingdom,SKULLS WRAP
18188.0,0,0.45086187,Medium Risk,63.78047231869765,1.2686586347795186,United Kingdom,COLOUR GLASS T-LIGHT HOLDER HANGING
18189.0,1,0.83161443,High Risk,0.0,0.5609612774510851,United Kingdom,PACK OF 12 PINK PAISLEY TISSUES 
18190.0,1,0.66104215,Medium Risk,224.67509850403164,1.504914478175348,United Kingdom,ASSORTED COLOURS SILK FAN
18191.0,1,0.79141736,High Risk,0.0,0.0,United Kingdom,AGED GLASS SILVER T-LIGHT HOLDER
18194.0,0,0.31408292,Low Risk,1644.6235335895192,2.3237724759902143,United Kingdom,STRAWBERRY CERAMIC TRINKET BOX
18196.0,1,0.35715115,Low Risk,745.7165305016539,1.277564290426848,United Kingdom,HEART IVORY TRELLIS SMALL
18197.0,1,0.6701215,Medium Risk,0.0,0.713155092519382,United Kingdom,ASSORTED COLOURS SILK FAN
18199.0,1,0.73297864,High Risk,0.0,0.4496936648687772,United Kingdom,SET/6 PINK  BUTTERFLY T-LIGHTS
18201.0,1,0.7259452,High Risk,0.0,0.3967888708502297,United Kingdom,EASTER DECORATION HANGING BUNNY
18203.0,0,0.40785363,Medium Risk,124.35123917564836,0.898594241791171,United Kingdom,CAMPHOR WOOD PORTOBELLO MUSHROOM
18206.0,1,0.78508735,High Risk,0.0,0.8098814458855172,United Kingdom,ASSORTED COLOURS SILK FAN
18207.0,1,0.6333576,Medium Risk,0.0,0.0,United Kingdom,"DECORATION, HANGING HEART+MIRROR "
18208.0,1,0.62749463,Medium Risk,0.0,0.7540889284243036,United Kingdom,ZINC METAL HEART DECORATION
18212.0,1,0.7804529,High Risk,0.0,0.45911250296442674,United Kingdom,CHOCOLATE CALCULATOR
18214.0,1,0.6493264,Medium Risk,1545.1311705245678,4.115524210266434,United Kingdom,LUNCH BAG PINK RETROSPOT
18215.0,0,0.43374017,Medium Risk,766.8924587641973,2.120121639454252,United Kingdom,PACK OF 60 PINK PAISLEY CAKE CASES
18217.0,1,0.6606243,Medium Risk,70.99796382214583,2.242697697513789,United Kingdom,SWEETHEART CERAMIC TRINKET BOX
18218.0,1,0.5254784,Medium Risk,244.97932242451427,1.1119798411507704,United Kingdom,SUKI  SHOULDER BAG
18219.0,0,0.16979107,Low Risk,401.6188961300848,2.498737633861246,United Kingdom,ANTIQUE ALL GLASS CANDLESTICK
18220.0,0,0.33256358,Low Risk,521.2823772865013,1.476464507737971,United Kingdom,STRAWBERRY CERAMIC TRINKET BOX
18223.0,0,0.0790712,Low Risk,2416.4127951488463,4.571904723459948,United Kingdom,STRAWBERRY CERAMIC TRINKET BOX
18225.0,0,0.02391798,Low Risk,2801.7776029426977,4.04823355299849,United Kingdom,WHITE HANGING HEART T-LIGHT HOLDER
18226.0,0,0.045302853,Low Risk,3332.115742062407,6.218469781368671,United Kingdom,STRIPES DESIGN MONKEY DOLL
18227.0,1,0.6333657,Medium Risk,0.0,0.0,United Kingdom,VINTAGE RED KITCHEN CABINET
18229.0,0,0.05776864,Low Risk,646.6313021370072,1.9474625210374792,United Kingdom,SET OF 3 COLOURED  FLYING DUCKS
18230.0,0,0.44249967,Medium Risk,0.0,0.0,United Kingdom,ASSTD DESIGN BUBBLE GUM RING
18231.0,0,0.04023,Low Risk,2422.1224717284395,10.398861212548995,United Kingdom,BLUE STRIPE CERAMIC DRAWER KNOB
18234.0,1,0.73744947,High Risk,0.0,0.8199940768413364,United Kingdom,RED SPOTTY SHOPPER BAG
18236.0,0,0.24689072,Low Risk,336.7317719376712,1.4503649813191208,United Kingdom,ASSORTED COLOUR BIRD ORNAMENT
18238.0,1,0.67611146,Medium Risk,0.0,0.0,United Kingdom,RETROSPOT PADDED SEAT CUSHION
18241.0,0,0.48363474,Medium Risk,418.7514166758496,1.3612130301291343,United Kingdom,FELTCRAFT BUTTERFLY HEARTS
18242.0,0,0.41554564,Medium Risk,648.7789008601452,1.6052341224313067,United Kingdom,ASSORTED COLOUR BIRD ORNAMENT
18244.0,0,0.31362188,Low Risk,0.0,0.0,United Kingdom,SMALL CHINESE STYLE SCISSOR
18245.0,0,0.09291176,Low Risk,1846.856131998257,4.849828776362982,United Kingdom,SWALLOWS GREETING CARD
18246.0,1,0.7515889,High Risk,0.0,0.6020693157063839,United Kingdom,WHITE METAL LANTERN
18247.0,0,0.4214801,Medium Risk,395.1951677287899,1.2645489909410284,United Kingdom,STRAWBERRY CERAMIC TRINKET BOX
18251.0,0,0.03262376,Low Risk,8472.69373628164,2.614003985522566,United Kingdom,PACK OF 72 SKULL CAKE CASES
18252.0,1,0.12243122,Low Risk,433.32869219325903,2.580539419096155,United Kingdom,ROSES IN WHITE HEART CANDLE 
18253.0,1,0.8443272,High Risk,0.0,0.5230241862181184,United Kingdom,GLASS ETCHED T-LIGHT HOLDER LARGE
18254.0,1,0.8430225,High Risk,0.0,0.6906631232847503,United Kingdom,BLUE SPOT CERAMIC DRAWER KNOB
18255.0,1,0.6704134,Medium Risk,0.0,0.0,United Kingdom,ENGLISH ROSE NOTEBOOK A7 SIZE
18257.0,0,0.22134054,Low Risk,1390.7781776942547,1.8347002447976897,United Kingdom,JUMBO BAG RED RETROSPOT
18258.0,1,0.7010982,High Risk,1464.1546398252237,4.711449020525528,United Kingdom,CHINESE DRAGON PAPER LANTERNS
18259.0,0,0.41532585,Medium Risk,320.01430840577217,0.8513012096888105,United Kingdom,CHOCOLATE HOT WATER BOTTLE
18260.0,0,0.027749052,Low Risk,2246.78135574645,4.182287354297193,United Kingdom,ASSORTED COLOUR BIRD ORNAMENT
18262.0,0,0.72039914,High Risk,0.0,0.6220138440923555,United Kingdom,PACK OF 12 SKULL TISSUES
18264.0,1,0.5270949,Medium Risk,0.0,0.0,United Kingdom,RAIN PONCHO WITH RED SPOTS
18267.0,1,0.8739923,High Risk,0.0,0.4672685770239032,United Kingdom,HYACINTH BULB T-LIGHT CANDLES
18268.0,1,0.71379745,High Risk,721.3181164787774,2.523508834801072,United Kingdom,ENAMEL PINK COFFEE CONTAINER
18271.0,1,0.49413502,Medium Risk,529.502064924931,0.8874697386413881,United Kingdom,GRAND CHOCOLATECANDLE
18272.0,1,0.55193526,Medium Risk,716.576009342503,1.9338999146684053,United Kingdom,PORCELAIN ROSE SMALL
18273.0,1,0.8591905,High Risk,0.0,0.6594681147764587,United Kingdom,"ART LIGHTS,FUNK MONKEY"
18275.0,1,0.7430786,High Risk,404.41438336608155,0.8943075871171291,United Kingdom,BEACH HUT PHOTO FRAME
18276.0,0,0.4623469,Medium Risk,374.0555589104317,1.4543305387795102,United Kingdom,LUNCH BAG  BLACK SKULL.
18277.0,0,0.43641603,Medium Risk,0.0,0.0,United Kingdom,HEART IVORY TRELLIS SMALL
18279.0,1,0.6363641,Medium Risk,0.0,0.0,United Kingdom,FROSTED BOX 9 WHITE T-LIGHT CANDLES
18281.0,1,0.79058784,High Risk,0.0,0.7054965367821219,United Kingdom,"ELEPHANT, BIRTHDAY CARD, "
18283.0,0,0.18793239,Low Risk,294.78100622289793,2.5171952971940414,United Kingdom,HOMEMADE JAM SCENTED CANDLES
18285.0,1,0.7655696,High Risk,0.0,0.4880793692110627,United Kingdom,PAPER BUNTING WHITE LACE
18286.0,1,0.5297948,Medium Risk,941.3625223170208,0.9271965718241674,United Kingdom,DINOSAUR KEYRINGS ASSORTED
18287.0,0,0.67840666,Medium Risk,0.0,0.7289827944259449,United Kingdom,SET/6 PURPLE BUTTERFLY T-LIGHTS
